00:52:09 [info     ] browser.launched               channel=msedge headless=False
00:52:09 [info     ] login.start                    url=https://www.excard.com.my/login
00:52:18 [info     ] login.result                   ok=True url=https://www.excard.com.my/home-member
00:52:23 [info     ] cli.products_resolved          count=1
00:52:28 [info     ] discover.ok                    name=Loose Sheet papers=12 product=21 sizes=10
00:55:00 [info     ] browser.launched               channel=msedge headless=False
00:55:01 [info     ] login.start                    url=https://www.excard.com.my/login
00:55:08 [info     ] login.result                   ok=True url=https://www.excard.com.my/home-member
00:55:12 [info     ] cli.products_resolved          count=1
00:55:19 [info     ] discover.ok                    name=Loose Sheet papers=12 product=21 sizes=10
00:57:26 [info     ] browser.launched               channel=msedge headless=False
00:57:26 [info     ] login.start                    url=https://www.excard.com.my/login
00:57:33 [info     ] login.result                   ok=True url=https://www.excard.com.my/home-member
00:57:38 [info     ] cli.products_resolved          count=1
00:57:43 [info     ] discover.ok                    name=Loose Sheet papers=12 product=21 sizes=10
00:58:12 [info     ] enqueue.size_done              created_so_far=60 papers=8 product=21 size=A1 (594mm x 840mm)
00:58:40 [info     ] enqueue.size_done              created_so_far=216 papers=11 product=21 size=A2 (420mm x 594mm)
00:59:07 [info     ] enqueue.size_done              created_so_far=372 papers=11 product=21 size=A3 (297mm x 420mm)
00:59:37 [info     ] enqueue.size_done              created_so_far=528 papers=11 product=21 size=A4 (210mm x 297mm)
01:00:11 [info     ] enqueue.size_done              created_so_far=684 papers=11 product=21 size=A5 (148mm x 210mm)
01:00:38 [info     ] enqueue.size_done              created_so_far=756 papers=8 product=21 size=A6 (148mm x 105mm)
01:01:09 [info     ] enqueue.size_done              created_so_far=912 papers=11 product=21 size=3xA4 (297mm x 630mm)
01:01:35 [info     ] enqueue.size_done              created_so_far=972 papers=8 product=21 size=4xA4 (297mm x 840mm)
01:02:04 [info     ] enqueue.size_done              created_so_far=1128 papers=11 product=21 size=4xA5 (210mm x 594mm)
01:02:04 [info     ] enqueue.done                   created=1128 product=21 sizes=9
01:02:04 [info     ] cli.enqueue_total              new_combos=1128
01:02:23 [info     ] crawl.start                    limit=3 product=21 session=1 workers=1
01:02:24 [info     ] browser.launched               channel=msedge headless=False
01:02:24 [info     ] login.start                    url=https://www.excard.com.my/login
01:02:33 [info     ] login.result                   ok=True url=https://www.excard.com.my/home-member
01:03:32 [info     ] capture.done                   delivery=99 lamination=None paper=Simili 80gsm - Best Seller prices=216 product=21 size=A1 (594mm x 840mm) status=ok
01:04:41 [info     ] capture.done                   delivery=98 lamination=None paper=Simili 80gsm - Best Seller prices=216 product=21 size=A1 (594mm x 840mm) status=ok
01:05:31 [info     ] capture.done                   delivery=96 lamination=None paper=Simili 80gsm - Best Seller prices=216 product=21 size=A1 (594mm x 840mm) status=ok
01:05:32 [info     ] crawl.finished                 done=3 error=0 skipped=0
01:06:15 [info     ] crawl.start                    limit=2 product=21 session=2 workers=1
01:06:15 [info     ] browser.launched               channel=msedge headless=False
01:06:16 [info     ] login.start                    url=https://www.excard.com.my/login
01:06:26 [info     ] login.result                   ok=True url=https://www.excard.com.my/home-member
01:07:26 [info     ] capture.done                   delivery=100 lamination=None paper=Simili 80gsm - Best Seller prices=216 product=21 size=A1 (594mm x 840mm) status=ok
01:07:58 [info     ] capture.done                   delivery=99 lamination=None paper=Simili 100gsm - Best Seller prices=216 product=21 size=A1 (594mm x 840mm) status=ok
01:07:58 [info     ] crawl.finished                 done=2 error=0 skipped=0
01:24:33 [info     ] crawl.start                    limit=None product=21 session=3 workers=1
01:24:34 [info     ] browser.launched               channel=msedge headless=True
01:24:34 [info     ] login.start                    url=https://www.excard.com.my/login
01:24:42 [info     ] login.result                   ok=True url=https://www.excard.com.my/home-member
01:25:28 [info     ] capture.done                   delivery=98 lamination=None paper=Simili 100gsm - Best Seller prices=216 product=21 size=A1 (594mm x 840mm) status=ok
01:25:49 [info     ] capture.done                   delivery=96 lamination=None paper=Simili 100gsm - Best Seller prices=216 product=21 size=A1 (594mm x 840mm) status=ok
01:26:05 [info     ] capture.done                   delivery=100 lamination=None paper=Simili 100gsm - Best Seller prices=216 product=21 size=A1 (594mm x 840mm) status=ok
01:26:20 [info     ] capture.done                   delivery=99 lamination=None paper=Simili 140gsm - Best Seller prices=216 product=21 size=A1 (594mm x 840mm) status=ok
01:26:55 [info     ] capture.done                   delivery=98 lamination=None paper=Simili 140gsm - Best Seller prices=216 product=21 size=A1 (594mm x 840mm) status=ok
01:27:10 [info     ] capture.done                   delivery=96 lamination=None paper=Simili 140gsm - Best Seller prices=216 product=21 size=A1 (594mm x 840mm) status=ok
01:27:25 [info     ] capture.done                   delivery=100 lamination=None paper=Simili 140gsm - Best Seller prices=216 product=21 size=A1 (594mm x 840mm) status=ok
01:27:37 [info     ] capture.done                   delivery=99 lamination=None paper=Gloss Art Paper 100gsm - Best Seller prices=216 product=21 size=A1 (594mm x 840mm) status=ok
01:28:09 [info     ] capture.done                   delivery=98 lamination=None paper=Gloss Art Paper 100gsm - Best Seller prices=216 product=21 size=A1 (594mm x 840mm) status=ok
01:28:29 [info     ] capture.done                   delivery=96 lamination=None paper=Gloss Art Paper 100gsm - Best Seller prices=216 product=21 size=A1 (594mm x 840mm) status=ok
01:28:29 [info     ] worker.progress                done=10 error=0 skipped=0
01:28:48 [info     ] capture.done                   delivery=100 lamination=None paper=Gloss Art Paper 100gsm - Best Seller prices=216 product=21 size=A1 (594mm x 840mm) status=ok
01:29:05 [info     ] capture.done                   delivery=99 lamination=None paper=Gloss Art Paper 128gsm - Best Seller prices=216 product=21 size=A1 (594mm x 840mm) status=ok
01:29:40 [info     ] capture.done                   delivery=98 lamination=None paper=Gloss Art Paper 128gsm - Best Seller prices=216 product=21 size=A1 (594mm x 840mm) status=ok
01:30:13 [info     ] capture.done                   delivery=96 lamination=None paper=Gloss Art Paper 128gsm - Best Seller prices=216 product=21 size=A1 (594mm x 840mm) status=ok
01:30:46 [info     ] capture.done                   delivery=100 lamination=None paper=Gloss Art Paper 128gsm - Best Seller prices=216 product=21 size=A1 (594mm x 840mm) status=ok
01:31:19 [info     ] capture.done                   delivery=99 lamination=Matte Lamination (Front) paper=Gloss Art Paper 150gsm - Best Seller prices=216 product=21 size=A1 (594mm x 840mm) status=ok
01:32:05 [info     ] capture.done                   delivery=98 lamination=Matte Lamination (Front) paper=Gloss Art Paper 150gsm - Best Seller prices=216 product=21 size=A1 (594mm x 840mm) status=ok
01:32:34 [info     ] capture.done                   delivery=96 lamination=Matte Lamination (Front) paper=Gloss Art Paper 150gsm - Best Seller prices=216 product=21 size=A1 (594mm x 840mm) status=ok
01:33:03 [info     ] capture.done                   delivery=100 lamination=Matte Lamination (Front) paper=Gloss Art Paper 150gsm - Best Seller prices=216 product=21 size=A1 (594mm x 840mm) status=ok
01:33:25 [info     ] capture.done                   delivery=99 lamination=Matte Lamination (Both) paper=Gloss Art Paper 150gsm - Best Seller prices=216 product=21 size=A1 (594mm x 840mm) status=ok
01:33:25 [info     ] worker.progress                done=20 error=0 skipped=0
01:34:13 [info     ] capture.done                   delivery=98 lamination=Matte Lamination (Both) paper=Gloss Art Paper 150gsm - Best Seller prices=216 product=21 size=A1 (594mm x 840mm) status=ok
01:34:41 [info     ] capture.done                   delivery=96 lamination=Matte Lamination (Both) paper=Gloss Art Paper 150gsm - Best Seller prices=216 product=21 size=A1 (594mm x 840mm) status=ok
01:35:09 [info     ] capture.done                   delivery=100 lamination=Matte Lamination (Both) paper=Gloss Art Paper 150gsm - Best Seller prices=216 product=21 size=A1 (594mm x 840mm) status=ok
01:35:31 [info     ] capture.done                   delivery=99 lamination=Gloss Lamination (Front) paper=Gloss Art Paper 150gsm - Best Seller prices=216 product=21 size=A1 (594mm x 840mm) status=ok
01:36:17 [info     ] capture.done                   delivery=98 lamination=Gloss Lamination (Front) paper=Gloss Art Paper 150gsm - Best Seller prices=216 product=21 size=A1 (594mm x 840mm) status=ok
01:36:46 [info     ] capture.done                   delivery=96 lamination=Gloss Lamination (Front) paper=Gloss Art Paper 150gsm - Best Seller prices=216 product=21 size=A1 (594mm x 840mm) status=ok
01:37:15 [info     ] capture.done                   delivery=100 lamination=Gloss Lamination (Front) paper=Gloss Art Paper 150gsm - Best Seller prices=216 product=21 size=A1 (594mm x 840mm) status=ok
01:37:38 [info     ] capture.done                   delivery=99 lamination=Gloss Lamination (Both) paper=Gloss Art Paper 150gsm - Best Seller prices=216 product=21 size=A1 (594mm x 840mm) status=ok
01:38:27 [info     ] capture.done                   delivery=98 lamination=Gloss Lamination (Both) paper=Gloss Art Paper 150gsm - Best Seller prices=216 product=21 size=A1 (594mm x 840mm) status=ok
01:38:55 [info     ] capture.done                   delivery=96 lamination=Gloss Lamination (Both) paper=Gloss Art Paper 150gsm - Best Seller prices=216 product=21 size=A1 (594mm x 840mm) status=ok
01:38:55 [info     ] worker.progress                done=30 error=0 skipped=0
01:39:24 [info     ] capture.done                   delivery=100 lamination=Gloss Lamination (Both) paper=Gloss Art Paper 150gsm - Best Seller prices=216 product=21 size=A1 (594mm x 840mm) status=ok
01:39:41 [info     ] capture.done                   delivery=99 lamination=None paper=Matte Art Paper 130gsm - Best Seller prices=216 product=21 size=A1 (594mm x 840mm) status=ok
01:40:18 [info     ] capture.done                   delivery=98 lamination=None paper=Matte Art Paper 130gsm - Best Seller prices=216 product=21 size=A1 (594mm x 840mm) status=ok
01:40:35 [info     ] capture.done                   delivery=96 lamination=None paper=Matte Art Paper 130gsm - Best Seller prices=216 product=21 size=A1 (594mm x 840mm) status=ok
01:40:52 [info     ] capture.done                   delivery=100 lamination=None paper=Matte Art Paper 130gsm - Best Seller prices=216 product=21 size=A1 (594mm x 840mm) status=ok
01:41:18 [info     ] capture.done                   delivery=99 lamination=Matte Lamination (Front) paper=Gloss Art Card 250gsm (2 sides coated) - Best Seller prices=312 product=21 size=A1 (594mm x 840mm) status=ok
01:42:17 [info     ] capture.done                   delivery=98 lamination=Matte Lamination (Front) paper=Gloss Art Card 250gsm (2 sides coated) - Best Seller prices=312 product=21 size=A1 (594mm x 840mm) status=ok
01:42:48 [info     ] capture.done                   delivery=96 lamination=Matte Lamination (Front) paper=Gloss Art Card 250gsm (2 sides coated) - Best Seller prices=312 product=21 size=A1 (594mm x 840mm) status=ok
01:43:18 [info     ] capture.done                   delivery=100 lamination=Matte Lamination (Front) paper=Gloss Art Card 250gsm (2 sides coated) - Best Seller prices=312 product=21 size=A1 (594mm x 840mm) status=ok
01:43:40 [info     ] capture.done                   delivery=99 lamination=Matte Lamination (Both) paper=Gloss Art Card 250gsm (2 sides coated) - Best Seller prices=312 product=21 size=A1 (594mm x 840mm) status=ok
01:43:40 [info     ] worker.progress                done=40 error=0 skipped=0
01:44:40 [info     ] capture.done                   delivery=98 lamination=Matte Lamination (Both) paper=Gloss Art Card 250gsm (2 sides coated) - Best Seller prices=312 product=21 size=A1 (594mm x 840mm) status=ok
01:45:16 [info     ] capture.done                   delivery=96 lamination=Matte Lamination (Both) paper=Gloss Art Card 250gsm (2 sides coated) - Best Seller prices=312 product=21 size=A1 (594mm x 840mm) status=ok
01:45:50 [info     ] capture.done                   delivery=100 lamination=Matte Lamination (Both) paper=Gloss Art Card 250gsm (2 sides coated) - Best Seller prices=312 product=21 size=A1 (594mm x 840mm) status=ok
01:46:19 [info     ] capture.done                   delivery=99 lamination=Gloss Lamination (Front) paper=Gloss Art Card 250gsm (2 sides coated) - Best Seller prices=312 product=21 size=A1 (594mm x 840mm) status=ok
01:47:27 [info     ] capture.done                   delivery=98 lamination=Gloss Lamination (Front) paper=Gloss Art Card 250gsm (2 sides coated) - Best Seller prices=312 product=21 size=A1 (594mm x 840mm) status=ok
01:48:06 [info     ] capture.done                   delivery=96 lamination=Gloss Lamination (Front) paper=Gloss Art Card 250gsm (2 sides coated) - Best Seller prices=312 product=21 size=A1 (594mm x 840mm) status=ok
01:48:18 [error    ] capture.error                  error=Error('Page.evaluate: Execution context was destroyed, most likely because of a navigation') product=21
01:48:44 [info     ] capture.done                   delivery=100 lamination=Gloss Lamination (Front) paper=Gloss Art Card 250gsm (2 sides coated) - Best Seller prices=312 product=21 size=A1 (594mm x 840mm) status=ok
01:49:12 [info     ] capture.done                   delivery=99 lamination=Gloss Lamination (Both) paper=Gloss Art Card 250gsm (2 sides coated) - Best Seller prices=312 product=21 size=A1 (594mm x 840mm) status=ok
01:49:26 [error    ] capture.error                  error=Error('Page.evaluate: Execution context was destroyed, most likely because of a navigation') product=21
01:50:22 [info     ] capture.done                   delivery=98 lamination=Gloss Lamination (Both) paper=Gloss Art Card 250gsm (2 sides coated) - Best Seller prices=312 product=21 size=A1 (594mm x 840mm) status=ok
01:50:35 [error    ] capture.error                  error=Error('Page.evaluate: Execution context was destroyed, most likely because of a navigation') product=21
01:51:05 [info     ] capture.done                   delivery=96 lamination=Gloss Lamination (Both) paper=Gloss Art Card 250gsm (2 sides coated) - Best Seller prices=312 product=21 size=A1 (594mm x 840mm) status=ok
01:51:06 [info     ] worker.progress                done=50 error=3 skipped=0
01:51:43 [info     ] capture.done                   delivery=100 lamination=Gloss Lamination (Both) paper=Gloss Art Card 250gsm (2 sides coated) - Best Seller prices=312 product=21 size=A1 (594mm x 840mm) status=ok
01:52:09 [info     ] capture.done                   delivery=99 lamination=Gloss Waterbase Varnish (Front) paper=Gloss Art Card 250gsm (2 sides coated) - Best Seller prices=312 product=21 size=A1 (594mm x 840mm) status=ok
01:52:26 [error    ] capture.error                  error=Error('Page.evaluate: Execution context was destroyed, most likely because of a navigation') product=21
01:53:27 [info     ] capture.done                   delivery=98 lamination=Gloss Waterbase Varnish (Front) paper=Gloss Art Card 250gsm (2 sides coated) - Best Seller prices=312 product=21 size=A1 (594mm x 840mm) status=ok
01:53:44 [error    ] capture.error                  error=Error('Page.evaluate: Execution context was destroyed, most likely because of a navigation') product=21
01:54:16 [info     ] capture.done                   delivery=96 lamination=Gloss Waterbase Varnish (Front) paper=Gloss Art Card 250gsm (2 sides coated) - Best Seller prices=312 product=21 size=A1 (594mm x 840mm) status=ok
01:54:32 [error    ] capture.error                  error=Error('Page.evaluate: Execution context was destroyed, most likely because of a navigation') product=21
01:55:05 [info     ] capture.done                   delivery=100 lamination=Gloss Waterbase Varnish (Front) paper=Gloss Art Card 250gsm (2 sides coated) - Best Seller prices=312 product=21 size=A1 (594mm x 840mm) status=ok
01:55:24 [error    ] capture.error                  error=Error('Page.evaluate: Execution context was destroyed, most likely because of a navigation') product=21
01:56:11 [info     ] capture.done                   delivery=99 lamination=None paper=Simili 80gsm - Best Seller prices=160 product=21 size=A2 (420mm x 594mm) status=ok
01:56:27 [error    ] capture.error                  error=Error('Page.evaluate: Execution context was destroyed, most likely because of a navigation') product=21
01:57:29 [info     ] capture.done                   delivery=98 lamination=None paper=Simili 80gsm - Best Seller prices=160 product=21 size=A2 (420mm x 594mm) status=ok
01:57:46 [error    ] capture.error                  error=Error('Page.evaluate: Execution context was destroyed, most likely because of a navigation') product=21
01:58:18 [info     ] capture.done                   delivery=96 lamination=None paper=Simili 80gsm - Best Seller prices=160 product=21 size=A2 (420mm x 594mm) status=ok
01:58:35 [error    ] capture.error                  error=Error('Page.evaluate: Execution context was destroyed, most likely because of a navigation') product=21
01:59:06 [info     ] capture.done                   delivery=100 lamination=None paper=Simili 80gsm - Best Seller prices=160 product=21 size=A2 (420mm x 594mm) status=ok
01:59:30 [error    ] capture.error                  error=Error('Page.evaluate: Execution context was destroyed, most likely because of a navigation') product=21
02:00:00 [info     ] capture.done                   delivery=99 lamination=None paper=Simili 100gsm - Best Seller prices=160 product=21 size=A2 (420mm x 594mm) status=ok
02:00:00 [info     ] worker.progress                done=60 error=11 skipped=0
02:00:15 [error    ] capture.error                  error=Error('Page.evaluate: Execution context was destroyed, most likely because of a navigation') product=21
02:00:18 [info     ] worker.progress                done=60 error=12 skipped=0
02:01:15 [info     ] capture.done                   delivery=98 lamination=None paper=Simili 100gsm - Best Seller prices=160 product=21 size=A2 (420mm x 594mm) status=ok
02:01:32 [error    ] capture.error                  error=Error('Page.evaluate: Execution context was destroyed, most likely because of a navigation') product=21
02:02:02 [info     ] capture.done                   delivery=96 lamination=None paper=Simili 100gsm - Best Seller prices=160 product=21 size=A2 (420mm x 594mm) status=ok
02:02:19 [error    ] capture.error                  error=Error('Page.evaluate: Execution context was destroyed, most likely because of a navigation') product=21
02:02:51 [info     ] capture.done                   delivery=100 lamination=None paper=Simili 100gsm - Best Seller prices=160 product=21 size=A2 (420mm x 594mm) status=ok
02:03:15 [error    ] capture.error                  error=Error('Page.evaluate: Execution context was destroyed, most likely because of a navigation') product=21
02:03:47 [info     ] capture.done                   delivery=99 lamination=None paper=Simili 140gsm - Best Seller prices=160 product=21 size=A2 (420mm x 594mm) status=ok
02:04:05 [error    ] capture.error                  error=Error('Page.evaluate: Execution context was destroyed, most likely because of a navigation') product=21
02:04:50 [info     ] capture.done                   delivery=98 lamination=None paper=Simili 140gsm - Best Seller prices=160 product=21 size=A2 (420mm x 594mm) status=ok
02:05:08 [error    ] capture.error                  error=Error('Page.evaluate: Execution context was destroyed, most likely because of a navigation') product=21
02:05:38 [info     ] capture.done                   delivery=96 lamination=None paper=Simili 140gsm - Best Seller prices=160 product=21 size=A2 (420mm x 594mm) status=ok
02:05:55 [error    ] capture.error                  error=Error('Page.evaluate: Execution context was destroyed, most likely because of a navigation') product=21
02:06:25 [info     ] capture.done                   delivery=100 lamination=None paper=Simili 140gsm - Best Seller prices=160 product=21 size=A2 (420mm x 594mm) status=ok
02:06:49 [error    ] capture.error                  error=Error('Page.evaluate: Execution context was destroyed, most likely because of a navigation') product=21
02:07:24 [info     ] capture.done                   delivery=99 lamination=None paper=Gloss Art Paper 100gsm - Best Seller prices=160 product=21 size=A2 (420mm x 594mm) status=ok
02:07:45 [error    ] capture.error                  error=Error('Page.evaluate: Execution context was destroyed, most likely because of a navigation') product=21
02:08:34 [info     ] capture.done                   delivery=98 lamination=None paper=Gloss Art Paper 100gsm - Best Seller prices=160 product=21 size=A2 (420mm x 594mm) status=ok
02:08:52 [error    ] capture.error                  error=Error('Page.evaluate: Execution context was destroyed, most likely because of a navigation') product=21
02:09:13 [info     ] crawl.start                    limit=None product=21 session=4 workers=1
02:09:13 [info     ] browser.launched               channel=msedge headless=True
02:09:13 [info     ] login.start                    url=https://www.excard.com.my/login
02:09:20 [info     ] login.result                   ok=True url=https://www.excard.com.my/home-member
02:09:49 [info     ] capture.done                   delivery=100 lamination=None paper=Gloss Art Paper 100gsm - Best Seller prices=160 product=21 size=A2 (420mm x 594mm) status=ok
02:10:19 [info     ] capture.done                   delivery=99 lamination=None paper=Gloss Art Paper 128gsm - Best Seller prices=160 product=21 size=A2 (420mm x 594mm) status=ok
02:11:09 [info     ] capture.done                   delivery=98 lamination=None paper=Gloss Art Paper 128gsm - Best Seller prices=160 product=21 size=A2 (420mm x 594mm) status=ok
02:11:34 [info     ] capture.done                   delivery=96 lamination=None paper=Gloss Art Paper 128gsm - Best Seller prices=160 product=21 size=A2 (420mm x 594mm) status=ok
02:12:03 [info     ] capture.done                   delivery=100 lamination=None paper=Gloss Art Paper 128gsm - Best Seller prices=160 product=21 size=A2 (420mm x 594mm) status=ok
02:12:43 [info     ] capture.done                   delivery=99 lamination=Matte Lamination (Front) paper=Gloss Art Paper 150gsm - Best Seller prices=160 product=21 size=A2 (420mm x 594mm) status=ok
02:13:32 [info     ] capture.done                   delivery=98 lamination=Matte Lamination (Front) paper=Gloss Art Paper 150gsm - Best Seller prices=160 product=21 size=A2 (420mm x 594mm) status=ok
02:14:13 [info     ] capture.done                   delivery=96 lamination=Matte Lamination (Front) paper=Gloss Art Paper 150gsm - Best Seller prices=160 product=21 size=A2 (420mm x 594mm) status=ok
02:15:00 [info     ] capture.done                   delivery=100 lamination=Matte Lamination (Front) paper=Gloss Art Paper 150gsm - Best Seller prices=160 product=21 size=A2 (420mm x 594mm) status=ok
02:15:34 [info     ] capture.done                   delivery=99 lamination=Matte Lamination (Both) paper=Gloss Art Paper 150gsm - Best Seller prices=160 product=21 size=A2 (420mm x 594mm) status=ok
02:15:34 [info     ] worker.progress                done=10 error=0 skipped=0
02:15:59 [info     ] crawl.start                    limit=None product=21 session=5 workers=1
02:16:00 [warning  ] browser.channel_unavailable    channel=msedge error=TargetClosedError
02:16:01 [info     ] browser.launched               channel=chrome headless=True
02:16:01 [info     ] login.start                    url=https://www.excard.com.my/login
02:16:46 [info     ] capture.done                   delivery=98 lamination=Matte Lamination (Both) paper=Gloss Art Paper 150gsm - Best Seller prices=160 product=21 size=A2 (420mm x 594mm) status=ok
02:17:27 [info     ] capture.done                   delivery=96 lamination=Matte Lamination (Both) paper=Gloss Art Paper 150gsm - Best Seller prices=160 product=21 size=A2 (420mm x 594mm) status=ok
02:18:10 [info     ] capture.done                   delivery=100 lamination=Matte Lamination (Both) paper=Gloss Art Paper 150gsm - Best Seller prices=160 product=21 size=A2 (420mm x 594mm) status=ok
02:18:54 [info     ] capture.done                   delivery=99 lamination=Gloss Lamination (Front) paper=Gloss Art Paper 150gsm - Best Seller prices=160 product=21 size=A2 (420mm x 594mm) status=ok
02:19:57 [info     ] capture.done                   delivery=98 lamination=Gloss Lamination (Front) paper=Gloss Art Paper 150gsm - Best Seller prices=160 product=21 size=A2 (420mm x 594mm) status=ok
02:20:51 [info     ] capture.done                   delivery=96 lamination=Gloss Lamination (Front) paper=Gloss Art Paper 150gsm - Best Seller prices=160 product=21 size=A2 (420mm x 594mm) status=ok
02:21:48 [info     ] capture.done                   delivery=100 lamination=Gloss Lamination (Front) paper=Gloss Art Paper 150gsm - Best Seller prices=160 product=21 size=A2 (420mm x 594mm) status=ok
02:22:43 [info     ] capture.done                   delivery=99 lamination=Gloss Lamination (Both) paper=Gloss Art Paper 150gsm - Best Seller prices=160 product=21 size=A2 (420mm x 594mm) status=ok
02:23:25 [info     ] capture.done                   delivery=96 lamination=None paper=Gloss Art Paper 100gsm - Best Seller prices=160 product=21 size=A2 (420mm x 594mm) status=ok
02:24:16 [info     ] capture.done                   delivery=98 lamination=Gloss Lamination (Both) paper=Gloss Art Paper 150gsm - Best Seller prices=160 product=21 size=A2 (420mm x 594mm) status=ok
02:24:16 [info     ] worker.progress                done=20 error=0 skipped=0
02:24:46 [info     ] capture.done                   delivery=96 lamination=Gloss Lamination (Both) paper=Gloss Art Paper 150gsm - Best Seller prices=160 product=21 size=A2 (420mm x 594mm) status=ok
02:25:17 [info     ] capture.done                   delivery=100 lamination=Gloss Lamination (Both) paper=Gloss Art Paper 150gsm - Best Seller prices=160 product=21 size=A2 (420mm x 594mm) status=ok
02:25:50 [info     ] capture.done                   delivery=99 lamination=UV Varnish (Front) paper=Gloss Art Paper 150gsm - Best Seller prices=160 product=21 size=A2 (420mm x 594mm) status=ok
02:26:35 [info     ] capture.done                   delivery=98 lamination=UV Varnish (Front) paper=Gloss Art Paper 150gsm - Best Seller prices=160 product=21 size=A2 (420mm x 594mm) status=ok
02:27:06 [info     ] capture.done                   delivery=96 lamination=UV Varnish (Front) paper=Gloss Art Paper 150gsm - Best Seller prices=160 product=21 size=A2 (420mm x 594mm) status=ok
02:27:35 [info     ] capture.done                   delivery=100 lamination=UV Varnish (Front) paper=Gloss Art Paper 150gsm - Best Seller prices=160 product=21 size=A2 (420mm x 594mm) status=ok
02:28:01 [info     ] capture.done                   delivery=99 lamination=None paper=Matte Art Paper 130gsm - Best Seller prices=160 product=21 size=A2 (420mm x 594mm) status=ok
02:28:43 [info     ] capture.done                   delivery=98 lamination=None paper=Matte Art Paper 130gsm - Best Seller prices=160 product=21 size=A2 (420mm x 594mm) status=ok
02:29:08 [info     ] capture.done                   delivery=96 lamination=None paper=Matte Art Paper 130gsm - Best Seller prices=160 product=21 size=A2 (420mm x 594mm) status=ok
02:29:36 [info     ] capture.done                   delivery=100 lamination=None paper=Matte Art Paper 130gsm - Best Seller prices=160 product=21 size=A2 (420mm x 594mm) status=ok
02:29:36 [info     ] worker.progress                done=30 error=0 skipped=0
02:30:07 [info     ] capture.done                   delivery=99 lamination=Matte Lamination (Front) paper=Gloss Art Card 230gsm (2 sides coated) prices=176 product=21 size=A2 (420mm x 594mm) status=ok
02:30:52 [info     ] capture.done                   delivery=98 lamination=Matte Lamination (Front) paper=Gloss Art Card 230gsm (2 sides coated) prices=176 product=21 size=A2 (420mm x 594mm) status=ok
02:31:21 [info     ] capture.done                   delivery=96 lamination=Matte Lamination (Front) paper=Gloss Art Card 230gsm (2 sides coated) prices=176 product=21 size=A2 (420mm x 594mm) status=ok
02:31:52 [info     ] capture.done                   delivery=100 lamination=Matte Lamination (Front) paper=Gloss Art Card 230gsm (2 sides coated) prices=176 product=21 size=A2 (420mm x 594mm) status=ok
02:32:21 [info     ] capture.done                   delivery=99 lamination=Matte Lamination (Both) paper=Gloss Art Card 230gsm (2 sides coated) prices=176 product=21 size=A2 (420mm x 594mm) status=ok
02:33:09 [info     ] capture.done                   delivery=98 lamination=Matte Lamination (Both) paper=Gloss Art Card 230gsm (2 sides coated) prices=176 product=21 size=A2 (420mm x 594mm) status=ok
02:33:41 [info     ] capture.done                   delivery=96 lamination=Matte Lamination (Both) paper=Gloss Art Card 230gsm (2 sides coated) prices=176 product=21 size=A2 (420mm x 594mm) status=ok
02:34:10 [info     ] capture.done                   delivery=100 lamination=Matte Lamination (Both) paper=Gloss Art Card 230gsm (2 sides coated) prices=176 product=21 size=A2 (420mm x 594mm) status=ok
02:34:40 [info     ] capture.done                   delivery=99 lamination=Gloss Lamination (Front) paper=Gloss Art Card 230gsm (2 sides coated) prices=176 product=21 size=A2 (420mm x 594mm) status=ok
02:35:27 [info     ] capture.done                   delivery=98 lamination=Gloss Lamination (Front) paper=Gloss Art Card 230gsm (2 sides coated) prices=176 product=21 size=A2 (420mm x 594mm) status=ok
02:35:27 [info     ] worker.progress                done=40 error=0 skipped=0
02:36:00 [info     ] capture.done                   delivery=96 lamination=Gloss Lamination (Front) paper=Gloss Art Card 230gsm (2 sides coated) prices=176 product=21 size=A2 (420mm x 594mm) status=ok
02:36:30 [info     ] capture.done                   delivery=100 lamination=Gloss Lamination (Front) paper=Gloss Art Card 230gsm (2 sides coated) prices=176 product=21 size=A2 (420mm x 594mm) status=ok
02:37:04 [info     ] capture.done                   delivery=99 lamination=Gloss Lamination (Both) paper=Gloss Art Card 230gsm (2 sides coated) prices=176 product=21 size=A2 (420mm x 594mm) status=ok
02:37:50 [info     ] capture.done                   delivery=98 lamination=Gloss Lamination (Both) paper=Gloss Art Card 230gsm (2 sides coated) prices=176 product=21 size=A2 (420mm x 594mm) status=ok
02:38:22 [info     ] capture.done                   delivery=96 lamination=Gloss Lamination (Both) paper=Gloss Art Card 230gsm (2 sides coated) prices=176 product=21 size=A2 (420mm x 594mm) status=ok
02:38:53 [info     ] capture.done                   delivery=100 lamination=Gloss Lamination (Both) paper=Gloss Art Card 230gsm (2 sides coated) prices=176 product=21 size=A2 (420mm x 594mm) status=ok
02:39:23 [info     ] capture.done                   delivery=99 lamination=UV Varnish (Front) paper=Gloss Art Card 230gsm (2 sides coated) prices=176 product=21 size=A2 (420mm x 594mm) status=ok
02:40:12 [info     ] capture.done                   delivery=98 lamination=UV Varnish (Front) paper=Gloss Art Card 230gsm (2 sides coated) prices=176 product=21 size=A2 (420mm x 594mm) status=ok
02:40:42 [info     ] capture.done                   delivery=96 lamination=UV Varnish (Front) paper=Gloss Art Card 230gsm (2 sides coated) prices=176 product=21 size=A2 (420mm x 594mm) status=ok
02:41:12 [info     ] capture.done                   delivery=100 lamination=UV Varnish (Front) paper=Gloss Art Card 230gsm (2 sides coated) prices=176 product=21 size=A2 (420mm x 594mm) status=ok
02:41:12 [info     ] worker.progress                done=50 error=0 skipped=0
02:41:41 [info     ] capture.done                   delivery=99 lamination=UV Varnish (Both) paper=Gloss Art Card 230gsm (2 sides coated) prices=176 product=21 size=A2 (420mm x 594mm) status=ok
02:42:26 [info     ] capture.done                   delivery=98 lamination=UV Varnish (Both) paper=Gloss Art Card 230gsm (2 sides coated) prices=176 product=21 size=A2 (420mm x 594mm) status=ok
02:42:59 [info     ] capture.done                   delivery=96 lamination=UV Varnish (Both) paper=Gloss Art Card 230gsm (2 sides coated) prices=176 product=21 size=A2 (420mm x 594mm) status=ok
02:43:28 [info     ] capture.done                   delivery=100 lamination=UV Varnish (Both) paper=Gloss Art Card 230gsm (2 sides coated) prices=176 product=21 size=A2 (420mm x 594mm) status=ok
02:43:59 [info     ] capture.done                   delivery=99 lamination=Gloss Waterbase Varnish (Front) paper=Gloss Art Card 230gsm (2 sides coated) prices=176 product=21 size=A2 (420mm x 594mm) status=ok
02:44:47 [info     ] capture.done                   delivery=98 lamination=Gloss Waterbase Varnish (Front) paper=Gloss Art Card 230gsm (2 sides coated) prices=176 product=21 size=A2 (420mm x 594mm) status=ok
02:45:17 [info     ] capture.done                   delivery=96 lamination=Gloss Waterbase Varnish (Front) paper=Gloss Art Card 230gsm (2 sides coated) prices=176 product=21 size=A2 (420mm x 594mm) status=ok
02:45:46 [info     ] capture.done                   delivery=100 lamination=Gloss Waterbase Varnish (Front) paper=Gloss Art Card 230gsm (2 sides coated) prices=176 product=21 size=A2 (420mm x 594mm) status=ok
02:46:20 [info     ] capture.done                   delivery=99 lamination=Matte Lamination (Front) paper=Gloss Art Card 250gsm (2 sides coated) - Best Seller prices=280 product=21 size=A2 (420mm x 594mm) status=ok
02:47:16 [info     ] capture.done                   delivery=98 lamination=Matte Lamination (Front) paper=Gloss Art Card 250gsm (2 sides coated) - Best Seller prices=280 product=21 size=A2 (420mm x 594mm) status=ok
02:47:17 [info     ] worker.progress                done=60 error=0 skipped=0
02:48:59 [info     ] capture.done                   delivery=96 lamination=Matte Lamination (Front) paper=Gloss Art Card 250gsm (2 sides coated) - Best Seller prices=0 product=21 size=A2 (420mm x 594mm) status=error
02:48:59 [warning  ] capture.saved_debug            combination=135 path=C:\Users\User\OneDrive\Desktop\Printoka.com\crawler\output\debug\combo_135_no_nonzero_price.html reason=no_nonzero_price
02:49:01 [info     ] worker.progress                done=60 error=1 skipped=0
02:49:31 [error    ] capture.error                  error=TimeoutError('Page.goto: Timeout 30000ms exceeded.\nCall log:\n  - navigating to "https://www.excard.com.my/price-list/Litho/21", waiting until "domcontentloaded"\n') product=21
02:49:34 [info     ] worker.progress                done=60 error=2 skipped=0
02:50:04 [error    ] capture.error                  error=TimeoutError('Page.goto: Timeout 30000ms exceeded.\nCall log:\n  - navigating to "https://www.excard.com.my/price-list/Litho/21", waiting until "domcontentloaded"\n') product=21
02:50:07 [info     ] worker.progress                done=60 error=3 skipped=0
02:50:37 [error    ] capture.error                  error=TimeoutError('Page.goto: Timeout 30000ms exceeded.\nCall log:\n  - navigating to "https://www.excard.com.my/price-list/Litho/21", waiting until "domcontentloaded"\n') product=21
02:50:39 [info     ] worker.progress                done=60 error=4 skipped=0
02:51:12 [info     ] capture.done                   delivery=100 lamination=Matte Lamination (Front) paper=Gloss Art Card 250gsm (2 sides coated) - Best Seller prices=280 product=21 size=A2 (420mm x 594mm) status=ok
02:51:44 [info     ] capture.done                   delivery=99 lamination=Matte Lamination (Both) paper=Gloss Art Card 250gsm (2 sides coated) - Best Seller prices=280 product=21 size=A2 (420mm x 594mm) status=ok
02:52:41 [info     ] capture.done                   delivery=98 lamination=Matte Lamination (Both) paper=Gloss Art Card 250gsm (2 sides coated) - Best Seller prices=280 product=21 size=A2 (420mm x 594mm) status=ok
02:53:13 [info     ] capture.done                   delivery=96 lamination=Matte Lamination (Both) paper=Gloss Art Card 250gsm (2 sides coated) - Best Seller prices=280 product=21 size=A2 (420mm x 594mm) status=ok
02:53:44 [info     ] capture.done                   delivery=100 lamination=Matte Lamination (Both) paper=Gloss Art Card 250gsm (2 sides coated) - Best Seller prices=280 product=21 size=A2 (420mm x 594mm) status=ok
02:54:16 [info     ] capture.done                   delivery=99 lamination=Gloss Lamination (Front) paper=Gloss Art Card 250gsm (2 sides coated) - Best Seller prices=280 product=21 size=A2 (420mm x 594mm) status=ok
02:55:13 [info     ] capture.done                   delivery=98 lamination=Gloss Lamination (Front) paper=Gloss Art Card 250gsm (2 sides coated) - Best Seller prices=280 product=21 size=A2 (420mm x 594mm) status=ok
02:55:45 [info     ] capture.done                   delivery=96 lamination=Gloss Lamination (Front) paper=Gloss Art Card 250gsm (2 sides coated) - Best Seller prices=280 product=21 size=A2 (420mm x 594mm) status=ok
02:56:16 [info     ] capture.done                   delivery=100 lamination=Gloss Lamination (Front) paper=Gloss Art Card 250gsm (2 sides coated) - Best Seller prices=280 product=21 size=A2 (420mm x 594mm) status=ok
02:56:49 [info     ] capture.done                   delivery=99 lamination=Gloss Lamination (Both) paper=Gloss Art Card 250gsm (2 sides coated) - Best Seller prices=280 product=21 size=A2 (420mm x 594mm) status=ok
02:56:49 [info     ] worker.progress                done=70 error=4 skipped=0
02:57:46 [info     ] capture.done                   delivery=98 lamination=Gloss Lamination (Both) paper=Gloss Art Card 250gsm (2 sides coated) - Best Seller prices=280 product=21 size=A2 (420mm x 594mm) status=ok
02:58:20 [info     ] capture.done                   delivery=96 lamination=Gloss Lamination (Both) paper=Gloss Art Card 250gsm (2 sides coated) - Best Seller prices=280 product=21 size=A2 (420mm x 594mm) status=ok
02:58:51 [info     ] capture.done                   delivery=100 lamination=Gloss Lamination (Both) paper=Gloss Art Card 250gsm (2 sides coated) - Best Seller prices=280 product=21 size=A2 (420mm x 594mm) status=ok
02:59:25 [info     ] capture.done                   delivery=99 lamination=UV Varnish (Front) paper=Gloss Art Card 250gsm (2 sides coated) - Best Seller prices=280 product=21 size=A2 (420mm x 594mm) status=ok
03:00:23 [info     ] capture.done                   delivery=98 lamination=UV Varnish (Front) paper=Gloss Art Card 250gsm (2 sides coated) - Best Seller prices=280 product=21 size=A2 (420mm x 594mm) status=ok
03:00:55 [info     ] capture.done                   delivery=96 lamination=UV Varnish (Front) paper=Gloss Art Card 250gsm (2 sides coated) - Best Seller prices=280 product=21 size=A2 (420mm x 594mm) status=ok
03:01:28 [info     ] capture.done                   delivery=100 lamination=UV Varnish (Front) paper=Gloss Art Card 250gsm (2 sides coated) - Best Seller prices=280 product=21 size=A2 (420mm x 594mm) status=ok
03:02:02 [info     ] capture.done                   delivery=99 lamination=UV Varnish (Both) paper=Gloss Art Card 250gsm (2 sides coated) - Best Seller prices=280 product=21 size=A2 (420mm x 594mm) status=ok
03:03:00 [info     ] capture.done                   delivery=98 lamination=UV Varnish (Both) paper=Gloss Art Card 250gsm (2 sides coated) - Best Seller prices=280 product=21 size=A2 (420mm x 594mm) status=ok
03:03:35 [info     ] capture.done                   delivery=96 lamination=UV Varnish (Both) paper=Gloss Art Card 250gsm (2 sides coated) - Best Seller prices=280 product=21 size=A2 (420mm x 594mm) status=ok
03:03:35 [info     ] worker.progress                done=80 error=4 skipped=0
03:04:08 [info     ] capture.done                   delivery=100 lamination=UV Varnish (Both) paper=Gloss Art Card 250gsm (2 sides coated) - Best Seller prices=280 product=21 size=A2 (420mm x 594mm) status=ok
03:04:39 [info     ] capture.done                   delivery=99 lamination=Gloss Waterbase Varnish (Front) paper=Gloss Art Card 250gsm (2 sides coated) - Best Seller prices=280 product=21 size=A2 (420mm x 594mm) status=ok
03:05:37 [info     ] capture.done                   delivery=98 lamination=Gloss Waterbase Varnish (Front) paper=Gloss Art Card 250gsm (2 sides coated) - Best Seller prices=280 product=21 size=A2 (420mm x 594mm) status=ok
03:06:09 [info     ] capture.done                   delivery=96 lamination=Gloss Waterbase Varnish (Front) paper=Gloss Art Card 250gsm (2 sides coated) - Best Seller prices=280 product=21 size=A2 (420mm x 594mm) status=ok
03:06:42 [info     ] capture.done                   delivery=100 lamination=Gloss Waterbase Varnish (Front) paper=Gloss Art Card 250gsm (2 sides coated) - Best Seller prices=280 product=21 size=A2 (420mm x 594mm) status=ok
03:07:13 [info     ] capture.done                   delivery=99 lamination=Matte Lamination (Front) paper=Gloss Art Card 310gsm (2 sides coated) prices=176 product=21 size=A2 (420mm x 594mm) status=ok
03:07:59 [info     ] capture.done                   delivery=98 lamination=Matte Lamination (Front) paper=Gloss Art Card 310gsm (2 sides coated) prices=176 product=21 size=A2 (420mm x 594mm) status=ok
03:08:29 [info     ] capture.done                   delivery=96 lamination=Matte Lamination (Front) paper=Gloss Art Card 310gsm (2 sides coated) prices=176 product=21 size=A2 (420mm x 594mm) status=ok
03:09:01 [info     ] capture.done                   delivery=100 lamination=Matte Lamination (Front) paper=Gloss Art Card 310gsm (2 sides coated) prices=176 product=21 size=A2 (420mm x 594mm) status=ok
03:09:32 [info     ] capture.done                   delivery=99 lamination=Matte Lamination (Both) paper=Gloss Art Card 310gsm (2 sides coated) prices=176 product=21 size=A2 (420mm x 594mm) status=ok
03:09:32 [info     ] worker.progress                done=90 error=4 skipped=0
03:10:19 [info     ] capture.done                   delivery=98 lamination=Matte Lamination (Both) paper=Gloss Art Card 310gsm (2 sides coated) prices=176 product=21 size=A2 (420mm x 594mm) status=ok
03:10:50 [info     ] capture.done                   delivery=96 lamination=Matte Lamination (Both) paper=Gloss Art Card 310gsm (2 sides coated) prices=176 product=21 size=A2 (420mm x 594mm) status=ok
03:11:20 [info     ] capture.done                   delivery=100 lamination=Matte Lamination (Both) paper=Gloss Art Card 310gsm (2 sides coated) prices=176 product=21 size=A2 (420mm x 594mm) status=ok
03:11:51 [info     ] capture.done                   delivery=99 lamination=Gloss Lamination (Front) paper=Gloss Art Card 310gsm (2 sides coated) prices=176 product=21 size=A2 (420mm x 594mm) status=ok
03:12:40 [info     ] capture.done                   delivery=98 lamination=Gloss Lamination (Front) paper=Gloss Art Card 310gsm (2 sides coated) prices=176 product=21 size=A2 (420mm x 594mm) status=ok
03:13:08 [info     ] capture.done                   delivery=96 lamination=Gloss Lamination (Front) paper=Gloss Art Card 310gsm (2 sides coated) prices=176 product=21 size=A2 (420mm x 594mm) status=ok
03:13:41 [info     ] capture.done                   delivery=100 lamination=Gloss Lamination (Front) paper=Gloss Art Card 310gsm (2 sides coated) prices=176 product=21 size=A2 (420mm x 594mm) status=ok
03:15:26 [info     ] capture.done                   delivery=99 lamination=Gloss Lamination (Both) paper=Gloss Art Card 310gsm (2 sides coated) prices=0 product=21 size=A2 (420mm x 594mm) status=error
03:15:26 [warning  ] capture.saved_debug            combination=173 path=C:\Users\User\OneDrive\Desktop\Printoka.com\crawler\output\debug\combo_173_no_nonzero_price.html reason=no_nonzero_price
03:15:58 [error    ] capture.error                  error=TimeoutError('Page.goto: Timeout 30000ms exceeded.\nCall log:\n  - navigating to "https://www.excard.com.my/price-list/Litho/21", waiting until "domcontentloaded"\n') product=21
03:16:31 [error    ] capture.error                  error=TimeoutError('Page.goto: Timeout 30000ms exceeded.\nCall log:\n  - navigating to "https://www.excard.com.my/price-list/Litho/21", waiting until "domcontentloaded"\n') product=21
03:17:04 [error    ] capture.error                  error=TimeoutError('Page.goto: Timeout 30000ms exceeded.\nCall log:\n  - navigating to "https://www.excard.com.my/price-list/Litho/21", waiting until "domcontentloaded"\n') product=21
03:17:36 [error    ] capture.error                  error=TimeoutError('Page.goto: Timeout 30000ms exceeded.\nCall log:\n  - navigating to "https://www.excard.com.my/price-list/Litho/21", waiting until "domcontentloaded"\n') product=21
03:18:09 [error    ] capture.error                  error=TimeoutError('Page.goto: Timeout 30000ms exceeded.\nCall log:\n  - navigating to "https://www.excard.com.my/price-list/Litho/21", waiting until "domcontentloaded"\n') product=21
03:18:41 [error    ] capture.error                  error=TimeoutError('Page.goto: Timeout 30000ms exceeded.\nCall log:\n  - navigating to "https://www.excard.com.my/price-list/Litho/21", waiting until "domcontentloaded"\n') product=21
03:19:13 [error    ] capture.error                  error=TimeoutError('Page.goto: Timeout 30000ms exceeded.\nCall log:\n  - navigating to "https://www.excard.com.my/price-list/Litho/21", waiting until "domcontentloaded"\n') product=21
03:19:45 [error    ] capture.error                  error=TimeoutError('Page.goto: Timeout 30000ms exceeded.\nCall log:\n  - navigating to "https://www.excard.com.my/price-list/Litho/21", waiting until "domcontentloaded"\n') product=21
03:20:22 [info     ] capture.done                   delivery=100 lamination=Gloss Lamination (Both) paper=Gloss Art Card 310gsm (2 sides coated) prices=176 product=21 size=A2 (420mm x 594mm) status=ok
03:20:52 [info     ] capture.done                   delivery=99 lamination=UV Varnish (Front) paper=Gloss Art Card 310gsm (2 sides coated) prices=176 product=21 size=A2 (420mm x 594mm) status=ok
03:21:37 [info     ] capture.done                   delivery=98 lamination=UV Varnish (Front) paper=Gloss Art Card 310gsm (2 sides coated) prices=176 product=21 size=A2 (420mm x 594mm) status=ok
03:21:37 [info     ] worker.progress                done=100 error=13 skipped=0
03:22:09 [info     ] capture.done                   delivery=96 lamination=UV Varnish (Front) paper=Gloss Art Card 310gsm (2 sides coated) prices=176 product=21 size=A2 (420mm x 594mm) status=ok
03:22:39 [info     ] capture.done                   delivery=100 lamination=UV Varnish (Front) paper=Gloss Art Card 310gsm (2 sides coated) prices=176 product=21 size=A2 (420mm x 594mm) status=ok
03:23:08 [info     ] capture.done                   delivery=99 lamination=UV Varnish (Both) paper=Gloss Art Card 310gsm (2 sides coated) prices=176 product=21 size=A2 (420mm x 594mm) status=ok
03:23:52 [info     ] capture.done                   delivery=98 lamination=UV Varnish (Both) paper=Gloss Art Card 310gsm (2 sides coated) prices=176 product=21 size=A2 (420mm x 594mm) status=ok
03:24:24 [info     ] capture.done                   delivery=96 lamination=UV Varnish (Both) paper=Gloss Art Card 310gsm (2 sides coated) prices=176 product=21 size=A2 (420mm x 594mm) status=ok
03:24:54 [info     ] capture.done                   delivery=100 lamination=UV Varnish (Both) paper=Gloss Art Card 310gsm (2 sides coated) prices=176 product=21 size=A2 (420mm x 594mm) status=ok
03:25:26 [info     ] capture.done                   delivery=99 lamination=Gloss Waterbase Varnish (Front) paper=Gloss Art Card 310gsm (2 sides coated) prices=176 product=21 size=A2 (420mm x 594mm) status=ok
03:26:13 [info     ] capture.done                   delivery=98 lamination=Gloss Waterbase Varnish (Front) paper=Gloss Art Card 310gsm (2 sides coated) prices=176 product=21 size=A2 (420mm x 594mm) status=ok
03:26:45 [info     ] capture.done                   delivery=96 lamination=Gloss Waterbase Varnish (Front) paper=Gloss Art Card 310gsm (2 sides coated) prices=176 product=21 size=A2 (420mm x 594mm) status=ok
03:27:17 [info     ] capture.done                   delivery=100 lamination=Gloss Waterbase Varnish (Front) paper=Gloss Art Card 310gsm (2 sides coated) prices=176 product=21 size=A2 (420mm x 594mm) status=ok
03:27:17 [info     ] worker.progress                done=110 error=13 skipped=0
03:27:48 [info     ] capture.done                   delivery=99 lamination=Matte Lamination (Front) paper=Gloss Art Card 360gsm (2 sides coated) prices=176 product=21 size=A2 (420mm x 594mm) status=ok
03:28:33 [info     ] capture.done                   delivery=98 lamination=Matte Lamination (Front) paper=Gloss Art Card 360gsm (2 sides coated) prices=176 product=21 size=A2 (420mm x 594mm) status=ok
03:29:03 [info     ] capture.done                   delivery=96 lamination=Matte Lamination (Front) paper=Gloss Art Card 360gsm (2 sides coated) prices=176 product=21 size=A2 (420mm x 594mm) status=ok
03:29:35 [info     ] capture.done                   delivery=100 lamination=Matte Lamination (Front) paper=Gloss Art Card 360gsm (2 sides coated) prices=176 product=21 size=A2 (420mm x 594mm) status=ok
03:30:06 [info     ] capture.done                   delivery=99 lamination=Matte Lamination (Both) paper=Gloss Art Card 360gsm (2 sides coated) prices=176 product=21 size=A2 (420mm x 594mm) status=ok
03:30:51 [info     ] capture.done                   delivery=98 lamination=Matte Lamination (Both) paper=Gloss Art Card 360gsm (2 sides coated) prices=176 product=21 size=A2 (420mm x 594mm) status=ok
03:31:21 [info     ] capture.done                   delivery=96 lamination=Matte Lamination (Both) paper=Gloss Art Card 360gsm (2 sides coated) prices=176 product=21 size=A2 (420mm x 594mm) status=ok
03:31:50 [info     ] capture.done                   delivery=100 lamination=Matte Lamination (Both) paper=Gloss Art Card 360gsm (2 sides coated) prices=176 product=21 size=A2 (420mm x 594mm) status=ok
03:32:24 [info     ] capture.done                   delivery=99 lamination=Gloss Lamination (Front) paper=Gloss Art Card 360gsm (2 sides coated) prices=176 product=21 size=A2 (420mm x 594mm) status=ok
03:33:12 [info     ] capture.done                   delivery=98 lamination=Gloss Lamination (Front) paper=Gloss Art Card 360gsm (2 sides coated) prices=176 product=21 size=A2 (420mm x 594mm) status=ok
03:33:12 [info     ] worker.progress                done=120 error=13 skipped=0
03:33:43 [info     ] capture.done                   delivery=96 lamination=Gloss Lamination (Front) paper=Gloss Art Card 360gsm (2 sides coated) prices=176 product=21 size=A2 (420mm x 594mm) status=ok
03:34:15 [info     ] capture.done                   delivery=100 lamination=Gloss Lamination (Front) paper=Gloss Art Card 360gsm (2 sides coated) prices=176 product=21 size=A2 (420mm x 594mm) status=ok
03:34:46 [info     ] capture.done                   delivery=99 lamination=Gloss Lamination (Both) paper=Gloss Art Card 360gsm (2 sides coated) prices=176 product=21 size=A2 (420mm x 594mm) status=ok
03:35:32 [info     ] capture.done                   delivery=98 lamination=Gloss Lamination (Both) paper=Gloss Art Card 360gsm (2 sides coated) prices=176 product=21 size=A2 (420mm x 594mm) status=ok
03:36:04 [info     ] capture.done                   delivery=96 lamination=Gloss Lamination (Both) paper=Gloss Art Card 360gsm (2 sides coated) prices=176 product=21 size=A2 (420mm x 594mm) status=ok
03:36:35 [info     ] capture.done                   delivery=100 lamination=Gloss Lamination (Both) paper=Gloss Art Card 360gsm (2 sides coated) prices=176 product=21 size=A2 (420mm x 594mm) status=ok
03:37:06 [info     ] capture.done                   delivery=99 lamination=UV Varnish (Front) paper=Gloss Art Card 360gsm (2 sides coated) prices=176 product=21 size=A2 (420mm x 594mm) status=ok
03:37:54 [info     ] capture.done                   delivery=98 lamination=UV Varnish (Front) paper=Gloss Art Card 360gsm (2 sides coated) prices=176 product=21 size=A2 (420mm x 594mm) status=ok
03:38:25 [info     ] capture.done                   delivery=96 lamination=UV Varnish (Front) paper=Gloss Art Card 360gsm (2 sides coated) prices=176 product=21 size=A2 (420mm x 594mm) status=ok
03:38:55 [info     ] capture.done                   delivery=100 lamination=UV Varnish (Front) paper=Gloss Art Card 360gsm (2 sides coated) prices=176 product=21 size=A2 (420mm x 594mm) status=ok
03:38:55 [info     ] worker.progress                done=130 error=13 skipped=0
03:39:24 [info     ] capture.done                   delivery=99 lamination=UV Varnish (Both) paper=Gloss Art Card 360gsm (2 sides coated) prices=176 product=21 size=A2 (420mm x 594mm) status=ok
03:40:11 [info     ] capture.done                   delivery=98 lamination=UV Varnish (Both) paper=Gloss Art Card 360gsm (2 sides coated) prices=176 product=21 size=A2 (420mm x 594mm) status=ok
03:40:42 [info     ] capture.done                   delivery=96 lamination=UV Varnish (Both) paper=Gloss Art Card 360gsm (2 sides coated) prices=176 product=21 size=A2 (420mm x 594mm) status=ok
03:41:11 [info     ] capture.done                   delivery=100 lamination=UV Varnish (Both) paper=Gloss Art Card 360gsm (2 sides coated) prices=176 product=21 size=A2 (420mm x 594mm) status=ok
03:41:41 [info     ] capture.done                   delivery=99 lamination=Gloss Waterbase Varnish (Front) paper=Gloss Art Card 360gsm (2 sides coated) prices=176 product=21 size=A2 (420mm x 594mm) status=ok
03:42:29 [info     ] capture.done                   delivery=98 lamination=Gloss Waterbase Varnish (Front) paper=Gloss Art Card 360gsm (2 sides coated) prices=176 product=21 size=A2 (420mm x 594mm) status=ok
03:42:59 [info     ] capture.done                   delivery=96 lamination=Gloss Waterbase Varnish (Front) paper=Gloss Art Card 360gsm (2 sides coated) prices=176 product=21 size=A2 (420mm x 594mm) status=ok
03:43:28 [info     ] capture.done                   delivery=100 lamination=Gloss Waterbase Varnish (Front) paper=Gloss Art Card 360gsm (2 sides coated) prices=176 product=21 size=A2 (420mm x 594mm) status=ok
03:43:57 [info     ] capture.done                   delivery=99 lamination=None paper=Simili 80gsm - Best Seller prices=200 product=21 size=A3 (297mm x 420mm) status=ok
03:45:36 [info     ] capture.done                   delivery=98 lamination=None paper=Simili 80gsm - Best Seller prices=0 product=21 size=A3 (297mm x 420mm) status=error
03:45:36 [warning  ] capture.saved_debug            combination=218 path=C:\Users\User\OneDrive\Desktop\Printoka.com\crawler\output\debug\combo_218_no_nonzero_price.html reason=no_nonzero_price
03:46:09 [error    ] capture.error                  error=TimeoutError('Page.goto: Timeout 30000ms exceeded.\nCall log:\n  - navigating to "https://www.excard.com.my/price-list/Litho/21", waiting until "domcontentloaded"\n') product=21
03:47:18 [info     ] capture.done                   delivery=98 lamination=None paper=Simili 80gsm - Best Seller prices=200 product=21 size=A3 (297mm x 420mm) status=ok
03:47:18 [info     ] worker.progress                done=140 error=15 skipped=0
03:47:48 [info     ] capture.done                   delivery=96 lamination=None paper=Simili 80gsm - Best Seller prices=200 product=21 size=A3 (297mm x 420mm) status=ok
03:49:26 [info     ] capture.done                   delivery=100 lamination=None paper=Simili 80gsm - Best Seller prices=0 product=21 size=A3 (297mm x 420mm) status=error
03:49:26 [warning  ] capture.saved_debug            combination=220 path=C:\Users\User\OneDrive\Desktop\Printoka.com\crawler\output\debug\combo_220_no_nonzero_price.html reason=no_nonzero_price
03:49:59 [error    ] capture.error                  error=TimeoutError('Page.goto: Timeout 30000ms exceeded.\nCall log:\n  - navigating to "https://www.excard.com.my/price-list/Litho/21", waiting until "domcontentloaded"\n') product=21
03:50:31 [error    ] capture.error                  error=TimeoutError('Page.goto: Timeout 30000ms exceeded.\nCall log:\n  - navigating to "https://www.excard.com.my/price-list/Litho/21", waiting until "domcontentloaded"\n') product=21
03:51:05 [error    ] capture.error                  error=TimeoutError('Page.goto: Timeout 30000ms exceeded.\nCall log:\n  - navigating to "https://www.excard.com.my/price-list/Litho/21", waiting until "domcontentloaded"\n') product=21
03:51:37 [error    ] capture.error                  error=TimeoutError('Page.goto: Timeout 30000ms exceeded.\nCall log:\n  - navigating to "https://www.excard.com.my/price-list/Litho/21", waiting until "domcontentloaded"\n') product=21
03:52:10 [error    ] capture.error                  error=TimeoutError('Page.goto: Timeout 30000ms exceeded.\nCall log:\n  - navigating to "https://www.excard.com.my/price-list/Litho/21", waiting until "domcontentloaded"\n') product=21
03:52:43 [error    ] capture.error                  error=TimeoutError('Page.goto: Timeout 30000ms exceeded.\nCall log:\n  - navigating to "https://www.excard.com.my/price-list/Litho/21", waiting until "domcontentloaded"\n') product=21
03:53:15 [error    ] capture.error                  error=TimeoutError('Page.goto: Timeout 30000ms exceeded.\nCall log:\n  - navigating to "https://www.excard.com.my/price-list/Litho/21", waiting until "domcontentloaded"\n') product=21
03:53:49 [error    ] capture.error                  error=TimeoutError('Page.goto: Timeout 30000ms exceeded.\nCall log:\n  - navigating to "https://www.excard.com.my/price-list/Litho/21", waiting until "domcontentloaded"\n') product=21
03:54:21 [error    ] capture.error                  error=TimeoutError('Page.goto: Timeout 30000ms exceeded.\nCall log:\n  - navigating to "https://www.excard.com.my/price-list/Litho/21", waiting until "domcontentloaded"\n') product=21
03:54:52 [error    ] capture.error                  error=TimeoutError('Page.goto: Timeout 30000ms exceeded.\nCall log:\n  - navigating to "https://www.excard.com.my/price-list/Litho/21", waiting until "domcontentloaded"\n') product=21
03:55:26 [error    ] capture.error                  error=TimeoutError('Page.goto: Timeout 30000ms exceeded.\nCall log:\n  - navigating to "https://www.excard.com.my/price-list/Litho/21", waiting until "domcontentloaded"\n') product=21
03:55:57 [error    ] capture.error                  error=TimeoutError('Page.goto: Timeout 30000ms exceeded.\nCall log:\n  - navigating to "https://www.excard.com.my/price-list/Litho/21", waiting until "domcontentloaded"\n') product=21
03:56:28 [info     ] capture.done                   delivery=100 lamination=None paper=Simili 100gsm - Best Seller prices=200 product=21 size=A3 (297mm x 420mm) status=ok
03:56:56 [info     ] capture.done                   delivery=99 lamination=None paper=Simili 140gsm - Best Seller prices=200 product=21 size=A3 (297mm x 420mm) status=ok
03:57:41 [info     ] capture.done                   delivery=98 lamination=None paper=Simili 140gsm - Best Seller prices=200 product=21 size=A3 (297mm x 420mm) status=ok
03:58:10 [info     ] capture.done                   delivery=96 lamination=None paper=Simili 140gsm - Best Seller prices=200 product=21 size=A3 (297mm x 420mm) status=ok
03:58:36 [info     ] capture.done                   delivery=100 lamination=None paper=Simili 140gsm - Best Seller prices=200 product=21 size=A3 (297mm x 420mm) status=ok
03:59:03 [info     ] capture.done                   delivery=99 lamination=None paper=Gloss Art Paper 100gsm - Best Seller prices=200 product=21 size=A3 (297mm x 420mm) status=ok
03:59:47 [info     ] capture.done                   delivery=98 lamination=None paper=Gloss Art Paper 100gsm - Best Seller prices=200 product=21 size=A3 (297mm x 420mm) status=ok
04:00:14 [info     ] capture.done                   delivery=96 lamination=None paper=Gloss Art Paper 100gsm - Best Seller prices=200 product=21 size=A3 (297mm x 420mm) status=ok
04:00:39 [info     ] capture.done                   delivery=100 lamination=None paper=Gloss Art Paper 100gsm - Best Seller prices=200 product=21 size=A3 (297mm x 420mm) status=ok
04:00:39 [info     ] worker.progress                done=150 error=28 skipped=0
04:01:02 [info     ] capture.done                   delivery=99 lamination=None paper=Gloss Art Paper 128gsm - Best Seller prices=200 product=21 size=A3 (297mm x 420mm) status=ok
04:01:43 [info     ] capture.done                   delivery=98 lamination=None paper=Gloss Art Paper 128gsm - Best Seller prices=200 product=21 size=A3 (297mm x 420mm) status=ok
04:02:06 [info     ] capture.done                   delivery=96 lamination=None paper=Gloss Art Paper 128gsm - Best Seller prices=200 product=21 size=A3 (297mm x 420mm) status=ok
04:02:30 [info     ] capture.done                   delivery=100 lamination=None paper=Gloss Art Paper 128gsm - Best Seller prices=200 product=21 size=A3 (297mm x 420mm) status=ok
04:02:58 [info     ] capture.done                   delivery=99 lamination=Matte Lamination (Front) paper=Gloss Art Paper 150gsm - Best Seller prices=200 product=21 size=A3 (297mm x 420mm) status=ok
04:03:45 [info     ] capture.done                   delivery=98 lamination=Matte Lamination (Front) paper=Gloss Art Paper 150gsm - Best Seller prices=200 product=21 size=A3 (297mm x 420mm) status=ok
04:04:17 [info     ] capture.done                   delivery=96 lamination=Matte Lamination (Front) paper=Gloss Art Paper 150gsm - Best Seller prices=200 product=21 size=A3 (297mm x 420mm) status=ok
04:04:47 [info     ] capture.done                   delivery=100 lamination=Matte Lamination (Front) paper=Gloss Art Paper 150gsm - Best Seller prices=200 product=21 size=A3 (297mm x 420mm) status=ok
04:05:20 [info     ] capture.done                   delivery=99 lamination=Matte Lamination (Both) paper=Gloss Art Paper 150gsm - Best Seller prices=200 product=21 size=A3 (297mm x 420mm) status=ok
04:06:07 [info     ] capture.done                   delivery=98 lamination=Matte Lamination (Both) paper=Gloss Art Paper 150gsm - Best Seller prices=200 product=21 size=A3 (297mm x 420mm) status=ok
04:06:07 [info     ] worker.progress                done=160 error=28 skipped=0
04:06:39 [info     ] capture.done                   delivery=96 lamination=Matte Lamination (Both) paper=Gloss Art Paper 150gsm - Best Seller prices=200 product=21 size=A3 (297mm x 420mm) status=ok
04:07:07 [info     ] capture.done                   delivery=100 lamination=Matte Lamination (Both) paper=Gloss Art Paper 150gsm - Best Seller prices=200 product=21 size=A3 (297mm x 420mm) status=ok
04:07:36 [info     ] capture.done                   delivery=99 lamination=Gloss Lamination (Front) paper=Gloss Art Paper 150gsm - Best Seller prices=200 product=21 size=A3 (297mm x 420mm) status=ok
04:08:26 [info     ] capture.done                   delivery=98 lamination=Gloss Lamination (Front) paper=Gloss Art Paper 150gsm - Best Seller prices=200 product=21 size=A3 (297mm x 420mm) status=ok
04:08:56 [info     ] capture.done                   delivery=96 lamination=Gloss Lamination (Front) paper=Gloss Art Paper 150gsm - Best Seller prices=200 product=21 size=A3 (297mm x 420mm) status=ok
04:09:25 [info     ] capture.done                   delivery=100 lamination=Gloss Lamination (Front) paper=Gloss Art Paper 150gsm - Best Seller prices=200 product=21 size=A3 (297mm x 420mm) status=ok
04:09:57 [info     ] capture.done                   delivery=99 lamination=Gloss Lamination (Both) paper=Gloss Art Paper 150gsm - Best Seller prices=200 product=21 size=A3 (297mm x 420mm) status=ok
04:10:47 [info     ] capture.done                   delivery=98 lamination=Gloss Lamination (Both) paper=Gloss Art Paper 150gsm - Best Seller prices=200 product=21 size=A3 (297mm x 420mm) status=ok
04:11:17 [info     ] capture.done                   delivery=96 lamination=Gloss Lamination (Both) paper=Gloss Art Paper 150gsm - Best Seller prices=200 product=21 size=A3 (297mm x 420mm) status=ok
04:11:49 [info     ] capture.done                   delivery=100 lamination=Gloss Lamination (Both) paper=Gloss Art Paper 150gsm - Best Seller prices=200 product=21 size=A3 (297mm x 420mm) status=ok
04:11:49 [info     ] worker.progress                done=170 error=28 skipped=0
04:12:21 [info     ] capture.done                   delivery=99 lamination=UV Varnish (Front) paper=Gloss Art Paper 150gsm - Best Seller prices=200 product=21 size=A3 (297mm x 420mm) status=ok
04:13:10 [info     ] capture.done                   delivery=98 lamination=UV Varnish (Front) paper=Gloss Art Paper 150gsm - Best Seller prices=200 product=21 size=A3 (297mm x 420mm) status=ok
04:13:40 [info     ] capture.done                   delivery=96 lamination=UV Varnish (Front) paper=Gloss Art Paper 150gsm - Best Seller prices=200 product=21 size=A3 (297mm x 420mm) status=ok
04:14:11 [info     ] capture.done                   delivery=100 lamination=UV Varnish (Front) paper=Gloss Art Paper 150gsm - Best Seller prices=200 product=21 size=A3 (297mm x 420mm) status=ok
04:14:39 [info     ] capture.done                   delivery=99 lamination=None paper=Matte Art Paper 130gsm - Best Seller prices=200 product=21 size=A3 (297mm x 420mm) status=ok
04:15:25 [info     ] capture.done                   delivery=98 lamination=None paper=Matte Art Paper 130gsm - Best Seller prices=200 product=21 size=A3 (297mm x 420mm) status=ok
04:15:52 [info     ] capture.done                   delivery=96 lamination=None paper=Matte Art Paper 130gsm - Best Seller prices=200 product=21 size=A3 (297mm x 420mm) status=ok
04:16:20 [info     ] capture.done                   delivery=100 lamination=None paper=Matte Art Paper 130gsm - Best Seller prices=200 product=21 size=A3 (297mm x 420mm) status=ok
04:16:49 [info     ] capture.done                   delivery=99 lamination=Matte Lamination (Front) paper=Gloss Art Card 230gsm (2 sides coated) prices=176 product=21 size=A3 (297mm x 420mm) status=ok
04:17:36 [info     ] capture.done                   delivery=98 lamination=Matte Lamination (Front) paper=Gloss Art Card 230gsm (2 sides coated) prices=176 product=21 size=A3 (297mm x 420mm) status=ok
04:17:36 [info     ] worker.progress                done=180 error=28 skipped=0
04:18:09 [info     ] capture.done                   delivery=96 lamination=Matte Lamination (Front) paper=Gloss Art Card 230gsm (2 sides coated) prices=176 product=21 size=A3 (297mm x 420mm) status=ok
04:18:39 [info     ] capture.done                   delivery=100 lamination=Matte Lamination (Front) paper=Gloss Art Card 230gsm (2 sides coated) prices=176 product=21 size=A3 (297mm x 420mm) status=ok
04:19:13 [info     ] capture.done                   delivery=99 lamination=Matte Lamination (Both) paper=Gloss Art Card 230gsm (2 sides coated) prices=176 product=21 size=A3 (297mm x 420mm) status=ok
04:20:02 [info     ] capture.done                   delivery=98 lamination=Matte Lamination (Both) paper=Gloss Art Card 230gsm (2 sides coated) prices=176 product=21 size=A3 (297mm x 420mm) status=ok
04:20:32 [info     ] capture.done                   delivery=96 lamination=Matte Lamination (Both) paper=Gloss Art Card 230gsm (2 sides coated) prices=176 product=21 size=A3 (297mm x 420mm) status=ok
04:21:01 [info     ] capture.done                   delivery=100 lamination=Matte Lamination (Both) paper=Gloss Art Card 230gsm (2 sides coated) prices=176 product=21 size=A3 (297mm x 420mm) status=ok
04:21:32 [info     ] capture.done                   delivery=99 lamination=Gloss Lamination (Front) paper=Gloss Art Card 230gsm (2 sides coated) prices=176 product=21 size=A3 (297mm x 420mm) status=ok
04:22:22 [info     ] capture.done                   delivery=98 lamination=Gloss Lamination (Front) paper=Gloss Art Card 230gsm (2 sides coated) prices=176 product=21 size=A3 (297mm x 420mm) status=ok
04:22:56 [info     ] capture.done                   delivery=96 lamination=Gloss Lamination (Front) paper=Gloss Art Card 230gsm (2 sides coated) prices=176 product=21 size=A3 (297mm x 420mm) status=ok
04:23:28 [info     ] capture.done                   delivery=100 lamination=Gloss Lamination (Front) paper=Gloss Art Card 230gsm (2 sides coated) prices=176 product=21 size=A3 (297mm x 420mm) status=ok
04:23:28 [info     ] worker.progress                done=190 error=28 skipped=0
04:23:58 [info     ] capture.done                   delivery=99 lamination=Gloss Lamination (Both) paper=Gloss Art Card 230gsm (2 sides coated) prices=176 product=21 size=A3 (297mm x 420mm) status=ok
04:24:46 [info     ] capture.done                   delivery=98 lamination=Gloss Lamination (Both) paper=Gloss Art Card 230gsm (2 sides coated) prices=176 product=21 size=A3 (297mm x 420mm) status=ok
04:25:18 [info     ] capture.done                   delivery=96 lamination=Gloss Lamination (Both) paper=Gloss Art Card 230gsm (2 sides coated) prices=176 product=21 size=A3 (297mm x 420mm) status=ok
04:25:51 [info     ] capture.done                   delivery=100 lamination=Gloss Lamination (Both) paper=Gloss Art Card 230gsm (2 sides coated) prices=176 product=21 size=A3 (297mm x 420mm) status=ok
04:26:21 [info     ] capture.done                   delivery=99 lamination=UV Varnish (Front) paper=Gloss Art Card 230gsm (2 sides coated) prices=176 product=21 size=A3 (297mm x 420mm) status=ok
04:27:09 [info     ] capture.done                   delivery=98 lamination=UV Varnish (Front) paper=Gloss Art Card 230gsm (2 sides coated) prices=176 product=21 size=A3 (297mm x 420mm) status=ok
04:27:37 [info     ] capture.done                   delivery=96 lamination=UV Varnish (Front) paper=Gloss Art Card 230gsm (2 sides coated) prices=176 product=21 size=A3 (297mm x 420mm) status=ok
04:28:11 [info     ] capture.done                   delivery=100 lamination=UV Varnish (Front) paper=Gloss Art Card 230gsm (2 sides coated) prices=176 product=21 size=A3 (297mm x 420mm) status=ok
04:28:44 [info     ] capture.done                   delivery=99 lamination=UV Varnish (Both) paper=Gloss Art Card 230gsm (2 sides coated) prices=176 product=21 size=A3 (297mm x 420mm) status=ok
04:29:35 [info     ] capture.done                   delivery=98 lamination=UV Varnish (Both) paper=Gloss Art Card 230gsm (2 sides coated) prices=176 product=21 size=A3 (297mm x 420mm) status=ok
04:29:35 [info     ] worker.progress                done=200 error=28 skipped=0
04:30:07 [info     ] capture.done                   delivery=96 lamination=UV Varnish (Both) paper=Gloss Art Card 230gsm (2 sides coated) prices=176 product=21 size=A3 (297mm x 420mm) status=ok
04:30:39 [info     ] capture.done                   delivery=100 lamination=UV Varnish (Both) paper=Gloss Art Card 230gsm (2 sides coated) prices=176 product=21 size=A3 (297mm x 420mm) status=ok
04:31:10 [info     ] capture.done                   delivery=99 lamination=Gloss Waterbase Varnish (Front) paper=Gloss Art Card 230gsm (2 sides coated) prices=176 product=21 size=A3 (297mm x 420mm) status=ok
04:31:58 [info     ] capture.done                   delivery=98 lamination=Gloss Waterbase Varnish (Front) paper=Gloss Art Card 230gsm (2 sides coated) prices=176 product=21 size=A3 (297mm x 420mm) status=ok
04:32:29 [info     ] capture.done                   delivery=96 lamination=Gloss Waterbase Varnish (Front) paper=Gloss Art Card 230gsm (2 sides coated) prices=176 product=21 size=A3 (297mm x 420mm) status=ok
04:33:02 [info     ] capture.done                   delivery=100 lamination=Gloss Waterbase Varnish (Front) paper=Gloss Art Card 230gsm (2 sides coated) prices=176 product=21 size=A3 (297mm x 420mm) status=ok
04:33:36 [info     ] capture.done                   delivery=99 lamination=Matte Lamination (Front) paper=Gloss Art Card 250gsm (2 sides coated) - Best Seller prices=280 product=21 size=A3 (297mm x 420mm) status=ok
04:34:32 [info     ] capture.done                   delivery=98 lamination=Matte Lamination (Front) paper=Gloss Art Card 250gsm (2 sides coated) - Best Seller prices=280 product=21 size=A3 (297mm x 420mm) status=ok
04:35:05 [info     ] capture.done                   delivery=96 lamination=Matte Lamination (Front) paper=Gloss Art Card 250gsm (2 sides coated) - Best Seller prices=280 product=21 size=A3 (297mm x 420mm) status=ok
04:35:39 [info     ] capture.done                   delivery=100 lamination=Matte Lamination (Front) paper=Gloss Art Card 250gsm (2 sides coated) - Best Seller prices=280 product=21 size=A3 (297mm x 420mm) status=ok
04:35:39 [info     ] worker.progress                done=210 error=28 skipped=0
04:36:11 [info     ] capture.done                   delivery=99 lamination=Matte Lamination (Both) paper=Gloss Art Card 250gsm (2 sides coated) - Best Seller prices=280 product=21 size=A3 (297mm x 420mm) status=ok
04:37:10 [info     ] capture.done                   delivery=98 lamination=Matte Lamination (Both) paper=Gloss Art Card 250gsm (2 sides coated) - Best Seller prices=280 product=21 size=A3 (297mm x 420mm) status=ok
04:37:42 [info     ] capture.done                   delivery=96 lamination=Matte Lamination (Both) paper=Gloss Art Card 250gsm (2 sides coated) - Best Seller prices=280 product=21 size=A3 (297mm x 420mm) status=ok
04:38:16 [info     ] capture.done                   delivery=100 lamination=Matte Lamination (Both) paper=Gloss Art Card 250gsm (2 sides coated) - Best Seller prices=280 product=21 size=A3 (297mm x 420mm) status=ok
04:38:48 [info     ] capture.done                   delivery=99 lamination=Gloss Lamination (Front) paper=Gloss Art Card 250gsm (2 sides coated) - Best Seller prices=280 product=21 size=A3 (297mm x 420mm) status=ok
04:39:45 [info     ] capture.done                   delivery=98 lamination=Gloss Lamination (Front) paper=Gloss Art Card 250gsm (2 sides coated) - Best Seller prices=280 product=21 size=A3 (297mm x 420mm) status=ok
04:40:20 [info     ] capture.done                   delivery=96 lamination=Gloss Lamination (Front) paper=Gloss Art Card 250gsm (2 sides coated) - Best Seller prices=280 product=21 size=A3 (297mm x 420mm) status=ok
04:40:54 [info     ] capture.done                   delivery=100 lamination=Gloss Lamination (Front) paper=Gloss Art Card 250gsm (2 sides coated) - Best Seller prices=280 product=21 size=A3 (297mm x 420mm) status=ok
04:41:27 [info     ] capture.done                   delivery=99 lamination=Gloss Lamination (Both) paper=Gloss Art Card 250gsm (2 sides coated) - Best Seller prices=280 product=21 size=A3 (297mm x 420mm) status=ok
04:42:25 [info     ] capture.done                   delivery=98 lamination=Gloss Lamination (Both) paper=Gloss Art Card 250gsm (2 sides coated) - Best Seller prices=280 product=21 size=A3 (297mm x 420mm) status=ok
04:42:25 [info     ] worker.progress                done=220 error=28 skipped=0
04:42:59 [info     ] capture.done                   delivery=96 lamination=Gloss Lamination (Both) paper=Gloss Art Card 250gsm (2 sides coated) - Best Seller prices=280 product=21 size=A3 (297mm x 420mm) status=ok
04:43:30 [info     ] capture.done                   delivery=100 lamination=Gloss Lamination (Both) paper=Gloss Art Card 250gsm (2 sides coated) - Best Seller prices=280 product=21 size=A3 (297mm x 420mm) status=ok
04:44:02 [info     ] capture.done                   delivery=99 lamination=UV Varnish (Front) paper=Gloss Art Card 250gsm (2 sides coated) - Best Seller prices=280 product=21 size=A3 (297mm x 420mm) status=ok
04:45:42 [info     ] capture.done                   delivery=98 lamination=UV Varnish (Front) paper=Gloss Art Card 250gsm (2 sides coated) - Best Seller prices=0 product=21 size=A3 (297mm x 420mm) status=error
04:45:42 [warning  ] capture.saved_debug            combination=306 path=C:\Users\User\OneDrive\Desktop\Printoka.com\crawler\output\debug\combo_306_no_nonzero_price.html reason=no_nonzero_price
04:46:14 [error    ] capture.error                  error=TimeoutError('Page.goto: Timeout 30000ms exceeded.\nCall log:\n  - navigating to "https://www.excard.com.my/price-list/Litho/21", waiting until "domcontentloaded"\n') product=21
04:46:47 [error    ] capture.error                  error=TimeoutError('Page.goto: Timeout 30000ms exceeded.\nCall log:\n  - navigating to "https://www.excard.com.my/price-list/Litho/21", waiting until "domcontentloaded"\n') product=21
04:47:20 [error    ] capture.error                  error=TimeoutError('Page.goto: Timeout 30000ms exceeded.\nCall log:\n  - navigating to "https://www.excard.com.my/price-list/Litho/21", waiting until "domcontentloaded"\n') product=21
04:47:54 [error    ] capture.error                  error=TimeoutError('Page.goto: Timeout 30000ms exceeded.\nCall log:\n  - navigating to "https://www.excard.com.my/price-list/Litho/21", waiting until "domcontentloaded"\n') product=21
04:48:27 [error    ] capture.error                  error=TimeoutError('Page.goto: Timeout 30000ms exceeded.\nCall log:\n  - navigating to "https://www.excard.com.my/price-list/Litho/21", waiting until "domcontentloaded"\n') product=21
04:48:59 [error    ] capture.error                  error=TimeoutError('Page.goto: Timeout 30000ms exceeded.\nCall log:\n  - navigating to "https://www.excard.com.my/price-list/Litho/21", waiting until "domcontentloaded"\n') product=21
04:49:32 [error    ] capture.error                  error=TimeoutError('Page.goto: Timeout 30000ms exceeded.\nCall log:\n  - navigating to "https://www.excard.com.my/price-list/Litho/21", waiting until "domcontentloaded"\n') product=21
04:50:05 [error    ] capture.error                  error=TimeoutError('Page.goto: Timeout 30000ms exceeded.\nCall log:\n  - navigating to "https://www.excard.com.my/price-list/Litho/21", waiting until "domcontentloaded"\n') product=21
04:50:37 [error    ] capture.error                  error=TimeoutError('Page.goto: Timeout 30000ms exceeded.\nCall log:\n  - navigating to "https://www.excard.com.my/price-list/Litho/21", waiting until "domcontentloaded"\n') product=21
04:51:10 [error    ] capture.error                  error=TimeoutError('Page.goto: Timeout 30000ms exceeded.\nCall log:\n  - navigating to "https://www.excard.com.my/price-list/Litho/21", waiting until "domcontentloaded"\n') product=21
04:51:43 [error    ] capture.error                  error=TimeoutError('Page.goto: Timeout 30000ms exceeded.\nCall log:\n  - navigating to "https://www.excard.com.my/price-list/Litho/21", waiting until "domcontentloaded"\n') product=21
04:52:15 [error    ] capture.error                  error=TimeoutError('Page.goto: Timeout 30000ms exceeded.\nCall log:\n  - navigating to "https://www.excard.com.my/price-list/Litho/21", waiting until "domcontentloaded"\n') product=21
04:52:49 [error    ] capture.error                  error=TimeoutError('Page.goto: Timeout 30000ms exceeded.\nCall log:\n  - navigating to "https://www.excard.com.my/price-list/Litho/21", waiting until "domcontentloaded"\n') product=21
04:53:22 [error    ] capture.error                  error=TimeoutError('Page.goto: Timeout 30000ms exceeded.\nCall log:\n  - navigating to "https://www.excard.com.my/price-list/Litho/21", waiting until "domcontentloaded"\n') product=21
04:53:55 [info     ] capture.done                   delivery=96 lamination=UV Varnish (Both) paper=Gloss Art Card 250gsm (2 sides coated) - Best Seller prices=280 product=21 size=A3 (297mm x 420mm) status=ok
04:54:27 [info     ] capture.done                   delivery=100 lamination=UV Varnish (Both) paper=Gloss Art Card 250gsm (2 sides coated) - Best Seller prices=280 product=21 size=A3 (297mm x 420mm) status=ok
04:55:02 [info     ] capture.done                   delivery=99 lamination=Gloss Waterbase Varnish (Front) paper=Gloss Art Card 250gsm (2 sides coated) - Best Seller prices=280 product=21 size=A3 (297mm x 420mm) status=ok
04:56:02 [info     ] capture.done                   delivery=98 lamination=Gloss Waterbase Varnish (Front) paper=Gloss Art Card 250gsm (2 sides coated) - Best Seller prices=280 product=21 size=A3 (297mm x 420mm) status=ok
04:56:35 [info     ] capture.done                   delivery=96 lamination=Gloss Waterbase Varnish (Front) paper=Gloss Art Card 250gsm (2 sides coated) - Best Seller prices=280 product=21 size=A3 (297mm x 420mm) status=ok
04:57:09 [info     ] capture.done                   delivery=100 lamination=Gloss Waterbase Varnish (Front) paper=Gloss Art Card 250gsm (2 sides coated) - Best Seller prices=280 product=21 size=A3 (297mm x 420mm) status=ok
04:57:41 [info     ] capture.done                   delivery=99 lamination=Matte Lamination (Front) paper=Gloss Art Card 310gsm (2 sides coated) prices=176 product=21 size=A3 (297mm x 420mm) status=ok
04:57:41 [info     ] worker.progress                done=230 error=43 skipped=0
04:58:30 [info     ] capture.done                   delivery=98 lamination=Matte Lamination (Front) paper=Gloss Art Card 310gsm (2 sides coated) prices=176 product=21 size=A3 (297mm x 420mm) status=ok
04:59:00 [info     ] capture.done                   delivery=96 lamination=Matte Lamination (Front) paper=Gloss Art Card 310gsm (2 sides coated) prices=176 product=21 size=A3 (297mm x 420mm) status=ok
04:59:33 [info     ] capture.done                   delivery=100 lamination=Matte Lamination (Front) paper=Gloss Art Card 310gsm (2 sides coated) prices=176 product=21 size=A3 (297mm x 420mm) status=ok
05:00:02 [info     ] capture.done                   delivery=99 lamination=Matte Lamination (Both) paper=Gloss Art Card 310gsm (2 sides coated) prices=176 product=21 size=A3 (297mm x 420mm) status=ok
05:00:51 [info     ] capture.done                   delivery=98 lamination=Matte Lamination (Both) paper=Gloss Art Card 310gsm (2 sides coated) prices=176 product=21 size=A3 (297mm x 420mm) status=ok
05:01:22 [info     ] capture.done                   delivery=96 lamination=Matte Lamination (Both) paper=Gloss Art Card 310gsm (2 sides coated) prices=176 product=21 size=A3 (297mm x 420mm) status=ok
05:01:53 [info     ] capture.done                   delivery=100 lamination=Matte Lamination (Both) paper=Gloss Art Card 310gsm (2 sides coated) prices=176 product=21 size=A3 (297mm x 420mm) status=ok
05:02:22 [info     ] capture.done                   delivery=99 lamination=Gloss Lamination (Front) paper=Gloss Art Card 310gsm (2 sides coated) prices=176 product=21 size=A3 (297mm x 420mm) status=ok
05:03:08 [info     ] capture.done                   delivery=98 lamination=Gloss Lamination (Front) paper=Gloss Art Card 310gsm (2 sides coated) prices=176 product=21 size=A3 (297mm x 420mm) status=ok
05:03:41 [info     ] capture.done                   delivery=96 lamination=Gloss Lamination (Front) paper=Gloss Art Card 310gsm (2 sides coated) prices=176 product=21 size=A3 (297mm x 420mm) status=ok
05:03:41 [info     ] worker.progress                done=240 error=43 skipped=0
05:04:12 [info     ] capture.done                   delivery=100 lamination=Gloss Lamination (Front) paper=Gloss Art Card 310gsm (2 sides coated) prices=176 product=21 size=A3 (297mm x 420mm) status=ok
05:04:41 [info     ] capture.done                   delivery=99 lamination=Gloss Lamination (Both) paper=Gloss Art Card 310gsm (2 sides coated) prices=176 product=21 size=A3 (297mm x 420mm) status=ok
05:05:28 [info     ] capture.done                   delivery=98 lamination=Gloss Lamination (Both) paper=Gloss Art Card 310gsm (2 sides coated) prices=176 product=21 size=A3 (297mm x 420mm) status=ok
05:06:01 [info     ] capture.done                   delivery=96 lamination=Gloss Lamination (Both) paper=Gloss Art Card 310gsm (2 sides coated) prices=176 product=21 size=A3 (297mm x 420mm) status=ok
05:06:32 [info     ] capture.done                   delivery=100 lamination=Gloss Lamination (Both) paper=Gloss Art Card 310gsm (2 sides coated) prices=176 product=21 size=A3 (297mm x 420mm) status=ok
05:07:02 [info     ] capture.done                   delivery=99 lamination=UV Varnish (Front) paper=Gloss Art Card 310gsm (2 sides coated) prices=176 product=21 size=A3 (297mm x 420mm) status=ok
05:07:50 [info     ] capture.done                   delivery=98 lamination=UV Varnish (Front) paper=Gloss Art Card 310gsm (2 sides coated) prices=176 product=21 size=A3 (297mm x 420mm) status=ok
05:08:22 [info     ] capture.done                   delivery=96 lamination=UV Varnish (Front) paper=Gloss Art Card 310gsm (2 sides coated) prices=176 product=21 size=A3 (297mm x 420mm) status=ok
05:08:52 [info     ] capture.done                   delivery=100 lamination=UV Varnish (Front) paper=Gloss Art Card 310gsm (2 sides coated) prices=176 product=21 size=A3 (297mm x 420mm) status=ok
05:09:21 [info     ] capture.done                   delivery=99 lamination=UV Varnish (Both) paper=Gloss Art Card 310gsm (2 sides coated) prices=176 product=21 size=A3 (297mm x 420mm) status=ok
05:09:21 [info     ] worker.progress                done=250 error=43 skipped=0
05:10:11 [info     ] capture.done                   delivery=98 lamination=UV Varnish (Both) paper=Gloss Art Card 310gsm (2 sides coated) prices=176 product=21 size=A3 (297mm x 420mm) status=ok
05:10:42 [info     ] capture.done                   delivery=96 lamination=UV Varnish (Both) paper=Gloss Art Card 310gsm (2 sides coated) prices=176 product=21 size=A3 (297mm x 420mm) status=ok
05:11:13 [info     ] capture.done                   delivery=100 lamination=UV Varnish (Both) paper=Gloss Art Card 310gsm (2 sides coated) prices=176 product=21 size=A3 (297mm x 420mm) status=ok
05:11:45 [info     ] capture.done                   delivery=99 lamination=Gloss Waterbase Varnish (Front) paper=Gloss Art Card 310gsm (2 sides coated) prices=176 product=21 size=A3 (297mm x 420mm) status=ok
05:12:31 [info     ] capture.done                   delivery=98 lamination=Gloss Waterbase Varnish (Front) paper=Gloss Art Card 310gsm (2 sides coated) prices=176 product=21 size=A3 (297mm x 420mm) status=ok
05:13:03 [info     ] capture.done                   delivery=96 lamination=Gloss Waterbase Varnish (Front) paper=Gloss Art Card 310gsm (2 sides coated) prices=176 product=21 size=A3 (297mm x 420mm) status=ok
05:13:36 [info     ] capture.done                   delivery=100 lamination=Gloss Waterbase Varnish (Front) paper=Gloss Art Card 310gsm (2 sides coated) prices=176 product=21 size=A3 (297mm x 420mm) status=ok
05:14:06 [info     ] capture.done                   delivery=99 lamination=Matte Lamination (Front) paper=Gloss Art Card 360gsm (2 sides coated) prices=176 product=21 size=A3 (297mm x 420mm) status=ok
05:14:52 [info     ] capture.done                   delivery=98 lamination=Matte Lamination (Front) paper=Gloss Art Card 360gsm (2 sides coated) prices=176 product=21 size=A3 (297mm x 420mm) status=ok
05:15:22 [info     ] capture.done                   delivery=96 lamination=Matte Lamination (Front) paper=Gloss Art Card 360gsm (2 sides coated) prices=176 product=21 size=A3 (297mm x 420mm) status=ok
05:15:22 [info     ] worker.progress                done=260 error=43 skipped=0
05:15:54 [info     ] capture.done                   delivery=100 lamination=Matte Lamination (Front) paper=Gloss Art Card 360gsm (2 sides coated) prices=176 product=21 size=A3 (297mm x 420mm) status=ok
05:16:23 [info     ] capture.done                   delivery=99 lamination=Matte Lamination (Both) paper=Gloss Art Card 360gsm (2 sides coated) prices=176 product=21 size=A3 (297mm x 420mm) status=ok
05:17:14 [info     ] capture.done                   delivery=98 lamination=Matte Lamination (Both) paper=Gloss Art Card 360gsm (2 sides coated) prices=176 product=21 size=A3 (297mm x 420mm) status=ok
05:17:44 [info     ] capture.done                   delivery=96 lamination=Matte Lamination (Both) paper=Gloss Art Card 360gsm (2 sides coated) prices=176 product=21 size=A3 (297mm x 420mm) status=ok
05:18:17 [info     ] capture.done                   delivery=100 lamination=Matte Lamination (Both) paper=Gloss Art Card 360gsm (2 sides coated) prices=176 product=21 size=A3 (297mm x 420mm) status=ok
05:18:47 [info     ] capture.done                   delivery=99 lamination=Gloss Lamination (Front) paper=Gloss Art Card 360gsm (2 sides coated) prices=176 product=21 size=A3 (297mm x 420mm) status=ok
05:19:33 [info     ] capture.done                   delivery=98 lamination=Gloss Lamination (Front) paper=Gloss Art Card 360gsm (2 sides coated) prices=176 product=21 size=A3 (297mm x 420mm) status=ok
05:20:03 [info     ] capture.done                   delivery=96 lamination=Gloss Lamination (Front) paper=Gloss Art Card 360gsm (2 sides coated) prices=176 product=21 size=A3 (297mm x 420mm) status=ok
05:20:34 [info     ] capture.done                   delivery=100 lamination=Gloss Lamination (Front) paper=Gloss Art Card 360gsm (2 sides coated) prices=176 product=21 size=A3 (297mm x 420mm) status=ok
05:21:04 [info     ] capture.done                   delivery=99 lamination=Gloss Lamination (Both) paper=Gloss Art Card 360gsm (2 sides coated) prices=176 product=21 size=A3 (297mm x 420mm) status=ok
05:21:04 [info     ] worker.progress                done=270 error=43 skipped=0
05:21:49 [info     ] capture.done                   delivery=98 lamination=Gloss Lamination (Both) paper=Gloss Art Card 360gsm (2 sides coated) prices=176 product=21 size=A3 (297mm x 420mm) status=ok
05:22:22 [info     ] capture.done                   delivery=96 lamination=Gloss Lamination (Both) paper=Gloss Art Card 360gsm (2 sides coated) prices=176 product=21 size=A3 (297mm x 420mm) status=ok
05:22:53 [info     ] capture.done                   delivery=100 lamination=Gloss Lamination (Both) paper=Gloss Art Card 360gsm (2 sides coated) prices=176 product=21 size=A3 (297mm x 420mm) status=ok
05:23:23 [info     ] capture.done                   delivery=99 lamination=UV Varnish (Front) paper=Gloss Art Card 360gsm (2 sides coated) prices=176 product=21 size=A3 (297mm x 420mm) status=ok
05:24:10 [info     ] capture.done                   delivery=98 lamination=UV Varnish (Front) paper=Gloss Art Card 360gsm (2 sides coated) prices=176 product=21 size=A3 (297mm x 420mm) status=ok
05:24:39 [info     ] capture.done                   delivery=96 lamination=UV Varnish (Front) paper=Gloss Art Card 360gsm (2 sides coated) prices=176 product=21 size=A3 (297mm x 420mm) status=ok
05:25:12 [info     ] capture.done                   delivery=100 lamination=UV Varnish (Front) paper=Gloss Art Card 360gsm (2 sides coated) prices=176 product=21 size=A3 (297mm x 420mm) status=ok
05:25:45 [info     ] capture.done                   delivery=99 lamination=UV Varnish (Both) paper=Gloss Art Card 360gsm (2 sides coated) prices=176 product=21 size=A3 (297mm x 420mm) status=ok
05:26:31 [info     ] capture.done                   delivery=98 lamination=UV Varnish (Both) paper=Gloss Art Card 360gsm (2 sides coated) prices=176 product=21 size=A3 (297mm x 420mm) status=ok
05:27:01 [info     ] capture.done                   delivery=96 lamination=UV Varnish (Both) paper=Gloss Art Card 360gsm (2 sides coated) prices=176 product=21 size=A3 (297mm x 420mm) status=ok
05:27:01 [info     ] worker.progress                done=280 error=43 skipped=0
05:27:35 [info     ] capture.done                   delivery=100 lamination=UV Varnish (Both) paper=Gloss Art Card 360gsm (2 sides coated) prices=176 product=21 size=A3 (297mm x 420mm) status=ok
05:28:06 [info     ] capture.done                   delivery=99 lamination=Gloss Waterbase Varnish (Front) paper=Gloss Art Card 360gsm (2 sides coated) prices=176 product=21 size=A3 (297mm x 420mm) status=ok
05:28:51 [info     ] capture.done                   delivery=98 lamination=Gloss Waterbase Varnish (Front) paper=Gloss Art Card 360gsm (2 sides coated) prices=176 product=21 size=A3 (297mm x 420mm) status=ok
05:29:22 [info     ] capture.done                   delivery=96 lamination=Gloss Waterbase Varnish (Front) paper=Gloss Art Card 360gsm (2 sides coated) prices=176 product=21 size=A3 (297mm x 420mm) status=ok
05:29:54 [info     ] capture.done                   delivery=100 lamination=Gloss Waterbase Varnish (Front) paper=Gloss Art Card 360gsm (2 sides coated) prices=176 product=21 size=A3 (297mm x 420mm) status=ok
05:30:23 [info     ] capture.done                   delivery=99 lamination=None paper=Simili 80gsm - Best Seller prices=200 product=21 size=A4 (210mm x 297mm) status=ok
05:31:30 [info     ] capture.done                   delivery=98 lamination=None paper=Simili 80gsm - Best Seller prices=200 product=21 size=A4 (210mm x 297mm) status=ok
05:32:00 [info     ] capture.done                   delivery=96 lamination=None paper=Simili 80gsm - Best Seller prices=200 product=21 size=A4 (210mm x 297mm) status=ok
05:32:28 [info     ] capture.done                   delivery=100 lamination=None paper=Simili 80gsm - Best Seller prices=200 product=21 size=A4 (210mm x 297mm) status=ok
05:32:58 [info     ] capture.done                   delivery=99 lamination=None paper=Simili 100gsm - Best Seller prices=200 product=21 size=A4 (210mm x 297mm) status=ok
05:32:58 [info     ] worker.progress                done=290 error=43 skipped=0
05:34:03 [info     ] capture.done                   delivery=98 lamination=None paper=Simili 100gsm - Best Seller prices=200 product=21 size=A4 (210mm x 297mm) status=ok
05:34:32 [info     ] capture.done                   delivery=96 lamination=None paper=Simili 100gsm - Best Seller prices=200 product=21 size=A4 (210mm x 297mm) status=ok
05:35:00 [info     ] capture.done                   delivery=100 lamination=None paper=Simili 100gsm - Best Seller prices=200 product=21 size=A4 (210mm x 297mm) status=ok
05:35:29 [info     ] capture.done                   delivery=99 lamination=None paper=Simili 140gsm - Best Seller prices=200 product=21 size=A4 (210mm x 297mm) status=ok
05:36:15 [info     ] capture.done                   delivery=98 lamination=None paper=Simili 140gsm - Best Seller prices=200 product=21 size=A4 (210mm x 297mm) status=ok
05:36:42 [info     ] capture.done                   delivery=96 lamination=None paper=Simili 140gsm - Best Seller prices=200 product=21 size=A4 (210mm x 297mm) status=ok
05:37:10 [info     ] capture.done                   delivery=100 lamination=None paper=Simili 140gsm - Best Seller prices=200 product=21 size=A4 (210mm x 297mm) status=ok
05:37:34 [info     ] capture.done                   delivery=99 lamination=None paper=Gloss Art Paper 100gsm - Best Seller prices=200 product=21 size=A4 (210mm x 297mm) status=ok
05:38:16 [info     ] capture.done                   delivery=98 lamination=None paper=Gloss Art Paper 100gsm - Best Seller prices=200 product=21 size=A4 (210mm x 297mm) status=ok
05:38:41 [info     ] capture.done                   delivery=96 lamination=None paper=Gloss Art Paper 100gsm - Best Seller prices=200 product=21 size=A4 (210mm x 297mm) status=ok
05:38:41 [info     ] worker.progress                done=300 error=43 skipped=0
05:39:07 [info     ] capture.done                   delivery=100 lamination=None paper=Gloss Art Paper 100gsm - Best Seller prices=200 product=21 size=A4 (210mm x 297mm) status=ok
05:39:32 [info     ] capture.done                   delivery=99 lamination=None paper=Gloss Art Paper 128gsm - Best Seller prices=200 product=21 size=A4 (210mm x 297mm) status=ok
05:40:16 [info     ] capture.done                   delivery=98 lamination=None paper=Gloss Art Paper 128gsm - Best Seller prices=200 product=21 size=A4 (210mm x 297mm) status=ok
05:40:40 [info     ] capture.done                   delivery=96 lamination=None paper=Gloss Art Paper 128gsm - Best Seller prices=200 product=21 size=A4 (210mm x 297mm) status=ok
05:41:05 [info     ] capture.done                   delivery=100 lamination=None paper=Gloss Art Paper 128gsm - Best Seller prices=200 product=21 size=A4 (210mm x 297mm) status=ok
05:41:36 [info     ] capture.done                   delivery=99 lamination=Matte Lamination (Front) paper=Gloss Art Paper 150gsm - Best Seller prices=200 product=21 size=A4 (210mm x 297mm) status=ok
05:42:25 [info     ] capture.done                   delivery=98 lamination=Matte Lamination (Front) paper=Gloss Art Paper 150gsm - Best Seller prices=200 product=21 size=A4 (210mm x 297mm) status=ok
05:42:57 [info     ] capture.done                   delivery=96 lamination=Matte Lamination (Front) paper=Gloss Art Paper 150gsm - Best Seller prices=200 product=21 size=A4 (210mm x 297mm) status=ok
05:43:25 [info     ] capture.done                   delivery=100 lamination=Matte Lamination (Front) paper=Gloss Art Paper 150gsm - Best Seller prices=200 product=21 size=A4 (210mm x 297mm) status=ok
05:43:55 [info     ] capture.done                   delivery=99 lamination=Matte Lamination (Both) paper=Gloss Art Paper 150gsm - Best Seller prices=200 product=21 size=A4 (210mm x 297mm) status=ok
05:43:55 [info     ] worker.progress                done=310 error=43 skipped=0
05:44:45 [info     ] capture.done                   delivery=98 lamination=Matte Lamination (Both) paper=Gloss Art Paper 150gsm - Best Seller prices=200 product=21 size=A4 (210mm x 297mm) status=ok
05:45:15 [info     ] capture.done                   delivery=96 lamination=Matte Lamination (Both) paper=Gloss Art Paper 150gsm - Best Seller prices=200 product=21 size=A4 (210mm x 297mm) status=ok
05:45:48 [info     ] capture.done                   delivery=100 lamination=Matte Lamination (Both) paper=Gloss Art Paper 150gsm - Best Seller prices=200 product=21 size=A4 (210mm x 297mm) status=ok
05:46:17 [info     ] capture.done                   delivery=99 lamination=Gloss Lamination (Front) paper=Gloss Art Paper 150gsm - Best Seller prices=200 product=21 size=A4 (210mm x 297mm) status=ok
05:47:07 [info     ] capture.done                   delivery=98 lamination=Gloss Lamination (Front) paper=Gloss Art Paper 150gsm - Best Seller prices=200 product=21 size=A4 (210mm x 297mm) status=ok
05:47:36 [info     ] capture.done                   delivery=96 lamination=Gloss Lamination (Front) paper=Gloss Art Paper 150gsm - Best Seller prices=200 product=21 size=A4 (210mm x 297mm) status=ok
05:48:05 [info     ] capture.done                   delivery=100 lamination=Gloss Lamination (Front) paper=Gloss Art Paper 150gsm - Best Seller prices=200 product=21 size=A4 (210mm x 297mm) status=ok
05:48:36 [info     ] capture.done                   delivery=99 lamination=Gloss Lamination (Both) paper=Gloss Art Paper 150gsm - Best Seller prices=200 product=21 size=A4 (210mm x 297mm) status=ok
05:49:25 [info     ] capture.done                   delivery=98 lamination=Gloss Lamination (Both) paper=Gloss Art Paper 150gsm - Best Seller prices=200 product=21 size=A4 (210mm x 297mm) status=ok
05:49:57 [info     ] capture.done                   delivery=96 lamination=Gloss Lamination (Both) paper=Gloss Art Paper 150gsm - Best Seller prices=200 product=21 size=A4 (210mm x 297mm) status=ok
05:49:57 [info     ] worker.progress                done=320 error=43 skipped=0
05:50:30 [info     ] capture.done                   delivery=100 lamination=Gloss Lamination (Both) paper=Gloss Art Paper 150gsm - Best Seller prices=200 product=21 size=A4 (210mm x 297mm) status=ok
05:51:01 [info     ] capture.done                   delivery=99 lamination=UV Varnish (Front) paper=Gloss Art Paper 150gsm - Best Seller prices=200 product=21 size=A4 (210mm x 297mm) status=ok
05:51:52 [info     ] capture.done                   delivery=98 lamination=UV Varnish (Front) paper=Gloss Art Paper 150gsm - Best Seller prices=200 product=21 size=A4 (210mm x 297mm) status=ok
05:52:23 [info     ] capture.done                   delivery=96 lamination=UV Varnish (Front) paper=Gloss Art Paper 150gsm - Best Seller prices=200 product=21 size=A4 (210mm x 297mm) status=ok
05:52:54 [info     ] capture.done                   delivery=100 lamination=UV Varnish (Front) paper=Gloss Art Paper 150gsm - Best Seller prices=200 product=21 size=A4 (210mm x 297mm) status=ok
05:53:22 [info     ] capture.done                   delivery=99 lamination=None paper=Matte Art Paper 130gsm - Best Seller prices=200 product=21 size=A4 (210mm x 297mm) status=ok
05:54:07 [info     ] capture.done                   delivery=98 lamination=None paper=Matte Art Paper 130gsm - Best Seller prices=200 product=21 size=A4 (210mm x 297mm) status=ok
05:54:33 [info     ] capture.done                   delivery=96 lamination=None paper=Matte Art Paper 130gsm - Best Seller prices=200 product=21 size=A4 (210mm x 297mm) status=ok
05:54:59 [info     ] capture.done                   delivery=100 lamination=None paper=Matte Art Paper 130gsm - Best Seller prices=200 product=21 size=A4 (210mm x 297mm) status=ok
05:55:31 [info     ] capture.done                   delivery=99 lamination=Matte Lamination (Front) paper=Gloss Art Card 230gsm (2 sides coated) prices=176 product=21 size=A4 (210mm x 297mm) status=ok
05:55:31 [info     ] worker.progress                done=330 error=43 skipped=0
05:56:19 [info     ] capture.done                   delivery=98 lamination=Matte Lamination (Front) paper=Gloss Art Card 230gsm (2 sides coated) prices=176 product=21 size=A4 (210mm x 297mm) status=ok
05:56:50 [info     ] capture.done                   delivery=96 lamination=Matte Lamination (Front) paper=Gloss Art Card 230gsm (2 sides coated) prices=176 product=21 size=A4 (210mm x 297mm) status=ok
05:57:22 [info     ] capture.done                   delivery=100 lamination=Matte Lamination (Front) paper=Gloss Art Card 230gsm (2 sides coated) prices=176 product=21 size=A4 (210mm x 297mm) status=ok
05:57:51 [info     ] capture.done                   delivery=99 lamination=Matte Lamination (Both) paper=Gloss Art Card 230gsm (2 sides coated) prices=176 product=21 size=A4 (210mm x 297mm) status=ok
05:58:39 [info     ] capture.done                   delivery=98 lamination=Matte Lamination (Both) paper=Gloss Art Card 230gsm (2 sides coated) prices=176 product=21 size=A4 (210mm x 297mm) status=ok
05:59:09 [info     ] capture.done                   delivery=96 lamination=Matte Lamination (Both) paper=Gloss Art Card 230gsm (2 sides coated) prices=176 product=21 size=A4 (210mm x 297mm) status=ok
05:59:38 [info     ] capture.done                   delivery=100 lamination=Matte Lamination (Both) paper=Gloss Art Card 230gsm (2 sides coated) prices=176 product=21 size=A4 (210mm x 297mm) status=ok
06:00:11 [info     ] capture.done                   delivery=99 lamination=Gloss Lamination (Front) paper=Gloss Art Card 230gsm (2 sides coated) prices=176 product=21 size=A4 (210mm x 297mm) status=ok
06:00:58 [info     ] capture.done                   delivery=98 lamination=Gloss Lamination (Front) paper=Gloss Art Card 230gsm (2 sides coated) prices=176 product=21 size=A4 (210mm x 297mm) status=ok
06:01:30 [info     ] capture.done                   delivery=96 lamination=Gloss Lamination (Front) paper=Gloss Art Card 230gsm (2 sides coated) prices=176 product=21 size=A4 (210mm x 297mm) status=ok
06:01:30 [info     ] worker.progress                done=340 error=43 skipped=0
06:02:02 [info     ] capture.done                   delivery=100 lamination=Gloss Lamination (Front) paper=Gloss Art Card 230gsm (2 sides coated) prices=176 product=21 size=A4 (210mm x 297mm) status=ok
06:02:31 [info     ] capture.done                   delivery=99 lamination=Gloss Lamination (Both) paper=Gloss Art Card 230gsm (2 sides coated) prices=176 product=21 size=A4 (210mm x 297mm) status=ok
06:03:18 [info     ] capture.done                   delivery=98 lamination=Gloss Lamination (Both) paper=Gloss Art Card 230gsm (2 sides coated) prices=176 product=21 size=A4 (210mm x 297mm) status=ok
06:03:48 [info     ] capture.done                   delivery=96 lamination=Gloss Lamination (Both) paper=Gloss Art Card 230gsm (2 sides coated) prices=176 product=21 size=A4 (210mm x 297mm) status=ok
06:04:19 [info     ] capture.done                   delivery=100 lamination=Gloss Lamination (Both) paper=Gloss Art Card 230gsm (2 sides coated) prices=176 product=21 size=A4 (210mm x 297mm) status=ok
06:04:49 [info     ] capture.done                   delivery=99 lamination=UV Varnish (Front) paper=Gloss Art Card 230gsm (2 sides coated) prices=176 product=21 size=A4 (210mm x 297mm) status=ok
06:05:37 [info     ] capture.done                   delivery=98 lamination=UV Varnish (Front) paper=Gloss Art Card 230gsm (2 sides coated) prices=176 product=21 size=A4 (210mm x 297mm) status=ok
06:06:10 [info     ] capture.done                   delivery=96 lamination=UV Varnish (Front) paper=Gloss Art Card 230gsm (2 sides coated) prices=176 product=21 size=A4 (210mm x 297mm) status=ok
06:06:41 [info     ] capture.done                   delivery=100 lamination=UV Varnish (Front) paper=Gloss Art Card 230gsm (2 sides coated) prices=176 product=21 size=A4 (210mm x 297mm) status=ok
06:07:10 [info     ] capture.done                   delivery=99 lamination=UV Varnish (Both) paper=Gloss Art Card 230gsm (2 sides coated) prices=176 product=21 size=A4 (210mm x 297mm) status=ok
06:07:10 [info     ] worker.progress                done=350 error=43 skipped=0
06:07:59 [info     ] capture.done                   delivery=98 lamination=UV Varnish (Both) paper=Gloss Art Card 230gsm (2 sides coated) prices=176 product=21 size=A4 (210mm x 297mm) status=ok
06:08:32 [info     ] capture.done                   delivery=96 lamination=UV Varnish (Both) paper=Gloss Art Card 230gsm (2 sides coated) prices=176 product=21 size=A4 (210mm x 297mm) status=ok
06:09:02 [info     ] capture.done                   delivery=100 lamination=UV Varnish (Both) paper=Gloss Art Card 230gsm (2 sides coated) prices=176 product=21 size=A4 (210mm x 297mm) status=ok
06:09:32 [info     ] capture.done                   delivery=99 lamination=Gloss Waterbase Varnish (Front) paper=Gloss Art Card 230gsm (2 sides coated) prices=176 product=21 size=A4 (210mm x 297mm) status=ok
06:10:17 [info     ] capture.done                   delivery=98 lamination=Gloss Waterbase Varnish (Front) paper=Gloss Art Card 230gsm (2 sides coated) prices=176 product=21 size=A4 (210mm x 297mm) status=ok
06:10:49 [info     ] capture.done                   delivery=96 lamination=Gloss Waterbase Varnish (Front) paper=Gloss Art Card 230gsm (2 sides coated) prices=176 product=21 size=A4 (210mm x 297mm) status=ok
06:11:18 [info     ] capture.done                   delivery=100 lamination=Gloss Waterbase Varnish (Front) paper=Gloss Art Card 230gsm (2 sides coated) prices=176 product=21 size=A4 (210mm x 297mm) status=ok
06:11:50 [info     ] capture.done                   delivery=99 lamination=Matte Lamination (Front) paper=Gloss Art Card 250gsm (2 sides coated) - Best Seller prices=280 product=21 size=A4 (210mm x 297mm) status=ok
06:12:49 [info     ] capture.done                   delivery=98 lamination=Matte Lamination (Front) paper=Gloss Art Card 250gsm (2 sides coated) - Best Seller prices=280 product=21 size=A4 (210mm x 297mm) status=ok
06:13:21 [info     ] capture.done                   delivery=96 lamination=Matte Lamination (Front) paper=Gloss Art Card 250gsm (2 sides coated) - Best Seller prices=280 product=21 size=A4 (210mm x 297mm) status=ok
06:13:21 [info     ] worker.progress                done=360 error=43 skipped=0
06:13:51 [info     ] capture.done                   delivery=100 lamination=Matte Lamination (Front) paper=Gloss Art Card 250gsm (2 sides coated) - Best Seller prices=280 product=21 size=A4 (210mm x 297mm) status=ok
06:14:21 [info     ] capture.done                   delivery=99 lamination=Matte Lamination (Both) paper=Gloss Art Card 250gsm (2 sides coated) - Best Seller prices=280 product=21 size=A4 (210mm x 297mm) status=ok
06:15:20 [info     ] capture.done                   delivery=98 lamination=Matte Lamination (Both) paper=Gloss Art Card 250gsm (2 sides coated) - Best Seller prices=280 product=21 size=A4 (210mm x 297mm) status=ok
06:15:51 [info     ] capture.done                   delivery=96 lamination=Matte Lamination (Both) paper=Gloss Art Card 250gsm (2 sides coated) - Best Seller prices=280 product=21 size=A4 (210mm x 297mm) status=ok
06:16:24 [info     ] capture.done                   delivery=100 lamination=Matte Lamination (Both) paper=Gloss Art Card 250gsm (2 sides coated) - Best Seller prices=280 product=21 size=A4 (210mm x 297mm) status=ok
06:16:55 [info     ] capture.done                   delivery=99 lamination=Gloss Lamination (Front) paper=Gloss Art Card 250gsm (2 sides coated) - Best Seller prices=280 product=21 size=A4 (210mm x 297mm) status=ok
06:17:56 [info     ] capture.done                   delivery=98 lamination=Gloss Lamination (Front) paper=Gloss Art Card 250gsm (2 sides coated) - Best Seller prices=280 product=21 size=A4 (210mm x 297mm) status=ok
06:18:28 [info     ] capture.done                   delivery=96 lamination=Gloss Lamination (Front) paper=Gloss Art Card 250gsm (2 sides coated) - Best Seller prices=280 product=21 size=A4 (210mm x 297mm) status=ok
06:19:00 [info     ] capture.done                   delivery=100 lamination=Gloss Lamination (Front) paper=Gloss Art Card 250gsm (2 sides coated) - Best Seller prices=280 product=21 size=A4 (210mm x 297mm) status=ok
06:19:34 [info     ] capture.done                   delivery=99 lamination=Gloss Lamination (Both) paper=Gloss Art Card 250gsm (2 sides coated) - Best Seller prices=280 product=21 size=A4 (210mm x 297mm) status=ok
06:19:34 [info     ] worker.progress                done=370 error=43 skipped=0
06:20:27 [info     ] capture.done                   delivery=98 lamination=Gloss Lamination (Both) paper=Gloss Art Card 250gsm (2 sides coated) - Best Seller prices=280 product=21 size=A4 (210mm x 297mm) status=ok
06:20:59 [info     ] capture.done                   delivery=96 lamination=Gloss Lamination (Both) paper=Gloss Art Card 250gsm (2 sides coated) - Best Seller prices=280 product=21 size=A4 (210mm x 297mm) status=ok
06:21:30 [info     ] capture.done                   delivery=100 lamination=Gloss Lamination (Both) paper=Gloss Art Card 250gsm (2 sides coated) - Best Seller prices=280 product=21 size=A4 (210mm x 297mm) status=ok
06:22:04 [info     ] capture.done                   delivery=99 lamination=UV Varnish (Front) paper=Gloss Art Card 250gsm (2 sides coated) - Best Seller prices=280 product=21 size=A4 (210mm x 297mm) status=ok
06:23:05 [info     ] capture.done                   delivery=98 lamination=UV Varnish (Front) paper=Gloss Art Card 250gsm (2 sides coated) - Best Seller prices=280 product=21 size=A4 (210mm x 297mm) status=ok
06:23:38 [info     ] capture.done                   delivery=96 lamination=UV Varnish (Front) paper=Gloss Art Card 250gsm (2 sides coated) - Best Seller prices=280 product=21 size=A4 (210mm x 297mm) status=ok
06:24:10 [info     ] capture.done                   delivery=100 lamination=UV Varnish (Front) paper=Gloss Art Card 250gsm (2 sides coated) - Best Seller prices=280 product=21 size=A4 (210mm x 297mm) status=ok
06:24:43 [info     ] capture.done                   delivery=99 lamination=UV Varnish (Both) paper=Gloss Art Card 250gsm (2 sides coated) - Best Seller prices=280 product=21 size=A4 (210mm x 297mm) status=ok
06:25:42 [info     ] capture.done                   delivery=98 lamination=UV Varnish (Both) paper=Gloss Art Card 250gsm (2 sides coated) - Best Seller prices=280 product=21 size=A4 (210mm x 297mm) status=ok
06:26:13 [info     ] capture.done                   delivery=96 lamination=UV Varnish (Both) paper=Gloss Art Card 250gsm (2 sides coated) - Best Seller prices=280 product=21 size=A4 (210mm x 297mm) status=ok
06:26:13 [info     ] worker.progress                done=380 error=43 skipped=0
06:27:55 [info     ] capture.done                   delivery=100 lamination=UV Varnish (Both) paper=Gloss Art Card 250gsm (2 sides coated) - Best Seller prices=0 product=21 size=A4 (210mm x 297mm) status=error
06:27:55 [warning  ] capture.saved_debug            combination=468 path=C:\Users\User\OneDrive\Desktop\Printoka.com\crawler\output\debug\combo_468_no_nonzero_price.html reason=no_nonzero_price
06:27:59 [info     ] worker.progress                done=380 error=44 skipped=0
06:28:29 [error    ] capture.error                  error=TimeoutError('Page.goto: Timeout 30000ms exceeded.\nCall log:\n  - navigating to "https://www.excard.com.my/price-list/Litho/21", waiting until "domcontentloaded"\n') product=21
06:28:30 [info     ] worker.progress                done=380 error=45 skipped=0
06:29:01 [error    ] capture.error                  error=TimeoutError('Page.goto: Timeout 30000ms exceeded.\nCall log:\n  - navigating to "https://www.excard.com.my/price-list/Litho/21", waiting until "domcontentloaded"\n') product=21
06:29:03 [info     ] worker.progress                done=380 error=46 skipped=0
06:29:33 [error    ] capture.error                  error=TimeoutError('Page.goto: Timeout 30000ms exceeded.\nCall log:\n  - navigating to "https://www.excard.com.my/price-list/Litho/21", waiting until "domcontentloaded"\n') product=21
06:29:34 [info     ] worker.progress                done=380 error=47 skipped=0
06:30:04 [error    ] capture.error                  error=TimeoutError('Page.goto: Timeout 30000ms exceeded.\nCall log:\n  - navigating to "https://www.excard.com.my/price-list/Litho/21", waiting until "domcontentloaded"\n') product=21
06:30:08 [info     ] worker.progress                done=380 error=48 skipped=0
06:30:38 [error    ] capture.error                  error=TimeoutError('Page.goto: Timeout 30000ms exceeded.\nCall log:\n  - navigating to "https://www.excard.com.my/price-list/Litho/21", waiting until "domcontentloaded"\n') product=21
06:30:39 [info     ] worker.progress                done=380 error=49 skipped=0
06:31:09 [error    ] capture.error                  error=TimeoutError('Page.goto: Timeout 30000ms exceeded.\nCall log:\n  - navigating to "https://www.excard.com.my/price-list/Litho/21", waiting until "domcontentloaded"\n') product=21
06:31:13 [info     ] worker.progress                done=380 error=50 skipped=0
06:31:43 [error    ] capture.error                  error=TimeoutError('Page.goto: Timeout 30000ms exceeded.\nCall log:\n  - navigating to "https://www.excard.com.my/price-list/Litho/21", waiting until "domcontentloaded"\n') product=21
06:31:45 [info     ] worker.progress                done=380 error=51 skipped=0
06:32:15 [error    ] capture.error                  error=TimeoutError('Page.goto: Timeout 30000ms exceeded.\nCall log:\n  - navigating to "https://www.excard.com.my/price-list/Litho/21", waiting until "domcontentloaded"\n') product=21
06:32:17 [info     ] worker.progress                done=380 error=52 skipped=0
06:32:47 [error    ] capture.error                  error=TimeoutError('Page.goto: Timeout 30000ms exceeded.\nCall log:\n  - navigating to "https://www.excard.com.my/price-list/Litho/21", waiting until "domcontentloaded"\n') product=21
06:32:50 [info     ] worker.progress                done=380 error=53 skipped=0
06:33:20 [error    ] capture.error                  error=TimeoutError('Page.goto: Timeout 30000ms exceeded.\nCall log:\n  - navigating to "https://www.excard.com.my/price-list/Litho/21", waiting until "domcontentloaded"\n') product=21
06:33:24 [info     ] worker.progress                done=380 error=54 skipped=0
06:33:54 [error    ] capture.error                  error=TimeoutError('Page.goto: Timeout 30000ms exceeded.\nCall log:\n  - navigating to "https://www.excard.com.my/price-list/Litho/21", waiting until "domcontentloaded"\n') product=21
06:33:57 [info     ] worker.progress                done=380 error=55 skipped=0
06:34:27 [error    ] capture.error                  error=TimeoutError('Page.goto: Timeout 30000ms exceeded.\nCall log:\n  - navigating to "https://www.excard.com.my/price-list/Litho/21", waiting until "domcontentloaded"\n') product=21
06:34:30 [info     ] worker.progress                done=380 error=56 skipped=0
06:35:00 [error    ] capture.error                  error=TimeoutError('Page.goto: Timeout 30000ms exceeded.\nCall log:\n  - navigating to "https://www.excard.com.my/price-list/Litho/21", waiting until "domcontentloaded"\n') product=21
06:35:03 [info     ] worker.progress                done=380 error=57 skipped=0
06:35:33 [error    ] capture.error                  error=TimeoutError('Page.goto: Timeout 30000ms exceeded.\nCall log:\n  - navigating to "https://www.excard.com.my/price-list/Litho/21", waiting until "domcontentloaded"\n') product=21
06:35:35 [info     ] worker.progress                done=380 error=58 skipped=0
06:36:05 [error    ] capture.error                  error=TimeoutError('Page.goto: Timeout 30000ms exceeded.\nCall log:\n  - navigating to "https://www.excard.com.my/price-list/Litho/21", waiting until "domcontentloaded"\n') product=21
06:36:08 [info     ] worker.progress                done=380 error=59 skipped=0
06:36:38 [error    ] capture.error                  error=TimeoutError('Page.goto: Timeout 30000ms exceeded.\nCall log:\n  - navigating to "https://www.excard.com.my/price-list/Litho/21", waiting until "domcontentloaded"\n') product=21
06:36:41 [info     ] worker.progress                done=380 error=60 skipped=0
06:37:11 [error    ] capture.error                  error=TimeoutError('Page.goto: Timeout 30000ms exceeded.\nCall log:\n  - navigating to "https://www.excard.com.my/price-list/Litho/21", waiting until "domcontentloaded"\n') product=21
06:37:13 [info     ] worker.progress                done=380 error=61 skipped=0
06:37:43 [error    ] capture.error                  error=TimeoutError('Page.goto: Timeout 30000ms exceeded.\nCall log:\n  - navigating to "https://www.excard.com.my/price-list/Litho/21", waiting until "domcontentloaded"\n') product=21
06:37:46 [info     ] worker.progress                done=380 error=62 skipped=0
06:38:16 [error    ] capture.error                  error=TimeoutError('Page.goto: Timeout 30000ms exceeded.\nCall log:\n  - navigating to "https://www.excard.com.my/price-list/Litho/21", waiting until "domcontentloaded"\n') product=21
06:38:18 [info     ] worker.progress                done=380 error=63 skipped=0
06:38:48 [error    ] capture.error                  error=TimeoutError('Page.goto: Timeout 30000ms exceeded.\nCall log:\n  - navigating to "https://www.excard.com.my/price-list/Litho/21", waiting until "domcontentloaded"\n') product=21
06:38:51 [info     ] worker.progress                done=380 error=64 skipped=0
06:39:23 [info     ] capture.done                   delivery=96 lamination=Matte Lamination (Front) paper=Gloss Art Card 310gsm (2 sides coated) prices=176 product=21 size=A4 (210mm x 297mm) status=ok
06:39:52 [info     ] capture.done                   delivery=100 lamination=Matte Lamination (Front) paper=Gloss Art Card 310gsm (2 sides coated) prices=176 product=21 size=A4 (210mm x 297mm) status=ok
06:40:22 [info     ] capture.done                   delivery=99 lamination=Matte Lamination (Both) paper=Gloss Art Card 310gsm (2 sides coated) prices=176 product=21 size=A4 (210mm x 297mm) status=ok
06:41:08 [info     ] capture.done                   delivery=98 lamination=Matte Lamination (Both) paper=Gloss Art Card 310gsm (2 sides coated) prices=176 product=21 size=A4 (210mm x 297mm) status=ok
06:41:41 [info     ] capture.done                   delivery=96 lamination=Matte Lamination (Both) paper=Gloss Art Card 310gsm (2 sides coated) prices=176 product=21 size=A4 (210mm x 297mm) status=ok
06:42:12 [info     ] capture.done                   delivery=100 lamination=Matte Lamination (Both) paper=Gloss Art Card 310gsm (2 sides coated) prices=176 product=21 size=A4 (210mm x 297mm) status=ok
06:42:43 [info     ] capture.done                   delivery=99 lamination=Gloss Lamination (Front) paper=Gloss Art Card 310gsm (2 sides coated) prices=176 product=21 size=A4 (210mm x 297mm) status=ok
06:43:27 [info     ] capture.done                   delivery=98 lamination=Gloss Lamination (Front) paper=Gloss Art Card 310gsm (2 sides coated) prices=176 product=21 size=A4 (210mm x 297mm) status=ok
06:43:58 [info     ] capture.done                   delivery=96 lamination=Gloss Lamination (Front) paper=Gloss Art Card 310gsm (2 sides coated) prices=176 product=21 size=A4 (210mm x 297mm) status=ok
06:44:29 [info     ] capture.done                   delivery=100 lamination=Gloss Lamination (Front) paper=Gloss Art Card 310gsm (2 sides coated) prices=176 product=21 size=A4 (210mm x 297mm) status=ok
06:44:29 [info     ] worker.progress                done=390 error=64 skipped=0
06:45:01 [info     ] capture.done                   delivery=99 lamination=Gloss Lamination (Both) paper=Gloss Art Card 310gsm (2 sides coated) prices=176 product=21 size=A4 (210mm x 297mm) status=ok
06:45:47 [info     ] capture.done                   delivery=98 lamination=Gloss Lamination (Both) paper=Gloss Art Card 310gsm (2 sides coated) prices=176 product=21 size=A4 (210mm x 297mm) status=ok
06:46:18 [info     ] capture.done                   delivery=96 lamination=Gloss Lamination (Both) paper=Gloss Art Card 310gsm (2 sides coated) prices=176 product=21 size=A4 (210mm x 297mm) status=ok
06:46:48 [info     ] capture.done                   delivery=100 lamination=Gloss Lamination (Both) paper=Gloss Art Card 310gsm (2 sides coated) prices=176 product=21 size=A4 (210mm x 297mm) status=ok
06:47:18 [info     ] capture.done                   delivery=99 lamination=UV Varnish (Front) paper=Gloss Art Card 310gsm (2 sides coated) prices=176 product=21 size=A4 (210mm x 297mm) status=ok
06:48:06 [info     ] capture.done                   delivery=98 lamination=UV Varnish (Front) paper=Gloss Art Card 310gsm (2 sides coated) prices=176 product=21 size=A4 (210mm x 297mm) status=ok
06:48:36 [info     ] capture.done                   delivery=96 lamination=UV Varnish (Front) paper=Gloss Art Card 310gsm (2 sides coated) prices=176 product=21 size=A4 (210mm x 297mm) status=ok
06:49:05 [info     ] capture.done                   delivery=100 lamination=UV Varnish (Front) paper=Gloss Art Card 310gsm (2 sides coated) prices=176 product=21 size=A4 (210mm x 297mm) status=ok
06:49:35 [info     ] capture.done                   delivery=99 lamination=UV Varnish (Both) paper=Gloss Art Card 310gsm (2 sides coated) prices=176 product=21 size=A4 (210mm x 297mm) status=ok
06:50:20 [info     ] capture.done                   delivery=98 lamination=UV Varnish (Both) paper=Gloss Art Card 310gsm (2 sides coated) prices=176 product=21 size=A4 (210mm x 297mm) status=ok
06:50:20 [info     ] worker.progress                done=400 error=64 skipped=0
06:50:51 [info     ] capture.done                   delivery=96 lamination=UV Varnish (Both) paper=Gloss Art Card 310gsm (2 sides coated) prices=176 product=21 size=A4 (210mm x 297mm) status=ok
06:51:20 [info     ] capture.done                   delivery=100 lamination=UV Varnish (Both) paper=Gloss Art Card 310gsm (2 sides coated) prices=176 product=21 size=A4 (210mm x 297mm) status=ok
06:51:51 [info     ] capture.done                   delivery=99 lamination=Gloss Waterbase Varnish (Front) paper=Gloss Art Card 310gsm (2 sides coated) prices=176 product=21 size=A4 (210mm x 297mm) status=ok
06:52:34 [info     ] capture.done                   delivery=98 lamination=Gloss Waterbase Varnish (Front) paper=Gloss Art Card 310gsm (2 sides coated) prices=176 product=21 size=A4 (210mm x 297mm) status=ok
06:53:08 [info     ] capture.done                   delivery=96 lamination=Gloss Waterbase Varnish (Front) paper=Gloss Art Card 310gsm (2 sides coated) prices=176 product=21 size=A4 (210mm x 297mm) status=ok
06:53:40 [info     ] capture.done                   delivery=100 lamination=Gloss Waterbase Varnish (Front) paper=Gloss Art Card 310gsm (2 sides coated) prices=176 product=21 size=A4 (210mm x 297mm) status=ok
06:54:10 [info     ] capture.done                   delivery=99 lamination=Matte Lamination (Front) paper=Gloss Art Card 360gsm (2 sides coated) prices=176 product=21 size=A4 (210mm x 297mm) status=ok
06:54:56 [info     ] capture.done                   delivery=98 lamination=Matte Lamination (Front) paper=Gloss Art Card 360gsm (2 sides coated) prices=176 product=21 size=A4 (210mm x 297mm) status=ok
06:55:27 [info     ] capture.done                   delivery=96 lamination=Matte Lamination (Front) paper=Gloss Art Card 360gsm (2 sides coated) prices=176 product=21 size=A4 (210mm x 297mm) status=ok
06:55:57 [info     ] capture.done                   delivery=100 lamination=Matte Lamination (Front) paper=Gloss Art Card 360gsm (2 sides coated) prices=176 product=21 size=A4 (210mm x 297mm) status=ok
06:55:57 [info     ] worker.progress                done=410 error=64 skipped=0
06:56:29 [info     ] capture.done                   delivery=99 lamination=Matte Lamination (Both) paper=Gloss Art Card 360gsm (2 sides coated) prices=176 product=21 size=A4 (210mm x 297mm) status=ok
06:57:17 [info     ] capture.done                   delivery=98 lamination=Matte Lamination (Both) paper=Gloss Art Card 360gsm (2 sides coated) prices=176 product=21 size=A4 (210mm x 297mm) status=ok
06:57:49 [info     ] capture.done                   delivery=96 lamination=Matte Lamination (Both) paper=Gloss Art Card 360gsm (2 sides coated) prices=176 product=21 size=A4 (210mm x 297mm) status=ok
06:58:21 [info     ] capture.done                   delivery=100 lamination=Matte Lamination (Both) paper=Gloss Art Card 360gsm (2 sides coated) prices=176 product=21 size=A4 (210mm x 297mm) status=ok
06:58:53 [info     ] capture.done                   delivery=99 lamination=Gloss Lamination (Front) paper=Gloss Art Card 360gsm (2 sides coated) prices=176 product=21 size=A4 (210mm x 297mm) status=ok
06:59:46 [info     ] capture.done                   delivery=98 lamination=Gloss Lamination (Front) paper=Gloss Art Card 360gsm (2 sides coated) prices=176 product=21 size=A4 (210mm x 297mm) status=ok
07:00:17 [info     ] capture.done                   delivery=96 lamination=Gloss Lamination (Front) paper=Gloss Art Card 360gsm (2 sides coated) prices=176 product=21 size=A4 (210mm x 297mm) status=ok
07:00:48 [info     ] capture.done                   delivery=100 lamination=Gloss Lamination (Front) paper=Gloss Art Card 360gsm (2 sides coated) prices=176 product=21 size=A4 (210mm x 297mm) status=ok
07:01:21 [info     ] capture.done                   delivery=99 lamination=Gloss Lamination (Both) paper=Gloss Art Card 360gsm (2 sides coated) prices=176 product=21 size=A4 (210mm x 297mm) status=ok
07:02:07 [info     ] capture.done                   delivery=98 lamination=Gloss Lamination (Both) paper=Gloss Art Card 360gsm (2 sides coated) prices=176 product=21 size=A4 (210mm x 297mm) status=ok
07:02:08 [info     ] worker.progress                done=420 error=64 skipped=0
07:02:37 [info     ] capture.done                   delivery=96 lamination=Gloss Lamination (Both) paper=Gloss Art Card 360gsm (2 sides coated) prices=176 product=21 size=A4 (210mm x 297mm) status=ok
07:03:07 [info     ] capture.done                   delivery=100 lamination=Gloss Lamination (Both) paper=Gloss Art Card 360gsm (2 sides coated) prices=176 product=21 size=A4 (210mm x 297mm) status=ok
07:03:38 [info     ] capture.done                   delivery=99 lamination=UV Varnish (Front) paper=Gloss Art Card 360gsm (2 sides coated) prices=176 product=21 size=A4 (210mm x 297mm) status=ok
07:04:24 [info     ] capture.done                   delivery=98 lamination=UV Varnish (Front) paper=Gloss Art Card 360gsm (2 sides coated) prices=176 product=21 size=A4 (210mm x 297mm) status=ok
07:04:53 [info     ] capture.done                   delivery=96 lamination=UV Varnish (Front) paper=Gloss Art Card 360gsm (2 sides coated) prices=176 product=21 size=A4 (210mm x 297mm) status=ok
07:05:23 [info     ] capture.done                   delivery=100 lamination=UV Varnish (Front) paper=Gloss Art Card 360gsm (2 sides coated) prices=176 product=21 size=A4 (210mm x 297mm) status=ok
07:05:55 [info     ] capture.done                   delivery=99 lamination=UV Varnish (Both) paper=Gloss Art Card 360gsm (2 sides coated) prices=176 product=21 size=A4 (210mm x 297mm) status=ok
07:06:41 [info     ] capture.done                   delivery=98 lamination=UV Varnish (Both) paper=Gloss Art Card 360gsm (2 sides coated) prices=176 product=21 size=A4 (210mm x 297mm) status=ok
07:07:13 [info     ] capture.done                   delivery=96 lamination=UV Varnish (Both) paper=Gloss Art Card 360gsm (2 sides coated) prices=176 product=21 size=A4 (210mm x 297mm) status=ok
07:07:42 [info     ] capture.done                   delivery=100 lamination=UV Varnish (Both) paper=Gloss Art Card 360gsm (2 sides coated) prices=176 product=21 size=A4 (210mm x 297mm) status=ok
07:07:42 [info     ] worker.progress                done=430 error=64 skipped=0
07:08:12 [info     ] capture.done                   delivery=99 lamination=Gloss Waterbase Varnish (Front) paper=Gloss Art Card 360gsm (2 sides coated) prices=176 product=21 size=A4 (210mm x 297mm) status=ok
07:09:01 [info     ] capture.done                   delivery=98 lamination=Gloss Waterbase Varnish (Front) paper=Gloss Art Card 360gsm (2 sides coated) prices=176 product=21 size=A4 (210mm x 297mm) status=ok
07:09:32 [info     ] capture.done                   delivery=96 lamination=Gloss Waterbase Varnish (Front) paper=Gloss Art Card 360gsm (2 sides coated) prices=176 product=21 size=A4 (210mm x 297mm) status=ok
07:10:06 [info     ] capture.done                   delivery=100 lamination=Gloss Waterbase Varnish (Front) paper=Gloss Art Card 360gsm (2 sides coated) prices=176 product=21 size=A4 (210mm x 297mm) status=ok
07:10:36 [info     ] capture.done                   delivery=99 lamination=None paper=Simili 80gsm - Best Seller prices=200 product=21 size=A5 (148mm x 210mm) status=ok
07:11:44 [info     ] capture.done                   delivery=98 lamination=None paper=Simili 80gsm - Best Seller prices=200 product=21 size=A5 (148mm x 210mm) status=ok
07:12:11 [info     ] capture.done                   delivery=96 lamination=None paper=Simili 80gsm - Best Seller prices=200 product=21 size=A5 (148mm x 210mm) status=ok
07:12:41 [info     ] capture.done                   delivery=100 lamination=None paper=Simili 80gsm - Best Seller prices=200 product=21 size=A5 (148mm x 210mm) status=ok
07:13:09 [info     ] capture.done                   delivery=99 lamination=None paper=Simili 100gsm - Best Seller prices=200 product=21 size=A5 (148mm x 210mm) status=ok
07:14:17 [info     ] capture.done                   delivery=98 lamination=None paper=Simili 100gsm - Best Seller prices=200 product=21 size=A5 (148mm x 210mm) status=ok
07:14:17 [info     ] worker.progress                done=440 error=64 skipped=0
07:14:45 [info     ] capture.done                   delivery=96 lamination=None paper=Simili 100gsm - Best Seller prices=200 product=21 size=A5 (148mm x 210mm) status=ok
07:15:12 [info     ] capture.done                   delivery=100 lamination=None paper=Simili 100gsm - Best Seller prices=200 product=21 size=A5 (148mm x 210mm) status=ok
07:15:40 [info     ] capture.done                   delivery=99 lamination=None paper=Simili 140gsm - Best Seller prices=200 product=21 size=A5 (148mm x 210mm) status=ok
07:16:24 [info     ] capture.done                   delivery=98 lamination=None paper=Simili 140gsm - Best Seller prices=200 product=21 size=A5 (148mm x 210mm) status=ok
07:16:51 [info     ] capture.done                   delivery=96 lamination=None paper=Simili 140gsm - Best Seller prices=200 product=21 size=A5 (148mm x 210mm) status=ok
07:17:21 [info     ] capture.done                   delivery=100 lamination=None paper=Simili 140gsm - Best Seller prices=200 product=21 size=A5 (148mm x 210mm) status=ok
07:17:46 [info     ] capture.done                   delivery=99 lamination=None paper=Gloss Art Paper 100gsm - Best Seller prices=200 product=21 size=A5 (148mm x 210mm) status=ok
07:18:16 [error    ] capture.error                  error=TimeoutError('Page.goto: Timeout 30000ms exceeded.\nCall log:\n  - navigating to "https://www.excard.com.my/price-list/Litho/21", waiting until "domcontentloaded"\n') product=21
07:18:49 [error    ] capture.error                  error=TimeoutError('Page.goto: Timeout 30000ms exceeded.\nCall log:\n  - navigating to "https://www.excard.com.my/price-list/Litho/21", waiting until "domcontentloaded"\n') product=21
07:19:22 [error    ] capture.error                  error=TimeoutError('Page.goto: Timeout 30000ms exceeded.\nCall log:\n  - navigating to "https://www.excard.com.my/price-list/Litho/21", waiting until "domcontentloaded"\n') product=21
07:19:54 [error    ] capture.error                  error=TimeoutError('Page.goto: Timeout 30000ms exceeded.\nCall log:\n  - navigating to "https://www.excard.com.my/price-list/Litho/21", waiting until "domcontentloaded"\n') product=21
07:20:27 [error    ] capture.error                  error=TimeoutError('Page.goto: Timeout 30000ms exceeded.\nCall log:\n  - navigating to "https://www.excard.com.my/price-list/Litho/21", waiting until "domcontentloaded"\n') product=21
07:21:00 [error    ] capture.error                  error=TimeoutError('Page.goto: Timeout 30000ms exceeded.\nCall log:\n  - navigating to "https://www.excard.com.my/price-list/Litho/21", waiting until "domcontentloaded"\n') product=21
07:21:33 [error    ] capture.error                  error=TimeoutError('Page.goto: Timeout 30000ms exceeded.\nCall log:\n  - navigating to "https://www.excard.com.my/price-list/Litho/21", waiting until "domcontentloaded"\n') product=21
07:22:04 [error    ] capture.error                  error=TimeoutError('Page.goto: Timeout 30000ms exceeded.\nCall log:\n  - navigating to "https://www.excard.com.my/price-list/Litho/21", waiting until "domcontentloaded"\n') product=21
07:22:31 [info     ] capture.done                   delivery=100 lamination=None paper=Gloss Art Paper 100gsm - Best Seller prices=200 product=21 size=A5 (148mm x 210mm) status=ok
07:22:56 [info     ] capture.done                   delivery=99 lamination=None paper=Gloss Art Paper 128gsm - Best Seller prices=200 product=21 size=A5 (148mm x 210mm) status=ok
07:23:39 [info     ] capture.done                   delivery=98 lamination=None paper=Gloss Art Paper 128gsm - Best Seller prices=200 product=21 size=A5 (148mm x 210mm) status=ok
07:23:39 [info     ] worker.progress                done=450 error=72 skipped=0
07:24:03 [info     ] capture.done                   delivery=96 lamination=None paper=Gloss Art Paper 128gsm - Best Seller prices=200 product=21 size=A5 (148mm x 210mm) status=ok
07:24:26 [info     ] capture.done                   delivery=100 lamination=None paper=Gloss Art Paper 128gsm - Best Seller prices=200 product=21 size=A5 (148mm x 210mm) status=ok
07:24:58 [info     ] capture.done                   delivery=99 lamination=Matte Lamination (Front) paper=Gloss Art Paper 150gsm - Best Seller prices=200 product=21 size=A5 (148mm x 210mm) status=ok
07:25:44 [info     ] capture.done                   delivery=98 lamination=Matte Lamination (Front) paper=Gloss Art Paper 150gsm - Best Seller prices=200 product=21 size=A5 (148mm x 210mm) status=ok
07:26:15 [info     ] capture.done                   delivery=96 lamination=Matte Lamination (Front) paper=Gloss Art Paper 150gsm - Best Seller prices=200 product=21 size=A5 (148mm x 210mm) status=ok
07:26:45 [info     ] capture.done                   delivery=100 lamination=Matte Lamination (Front) paper=Gloss Art Paper 150gsm - Best Seller prices=200 product=21 size=A5 (148mm x 210mm) status=ok
07:27:18 [info     ] capture.done                   delivery=99 lamination=Matte Lamination (Both) paper=Gloss Art Paper 150gsm - Best Seller prices=200 product=21 size=A5 (148mm x 210mm) status=ok
07:28:06 [info     ] capture.done                   delivery=98 lamination=Matte Lamination (Both) paper=Gloss Art Paper 150gsm - Best Seller prices=200 product=21 size=A5 (148mm x 210mm) status=ok
07:28:38 [info     ] capture.done                   delivery=96 lamination=Matte Lamination (Both) paper=Gloss Art Paper 150gsm - Best Seller prices=200 product=21 size=A5 (148mm x 210mm) status=ok
07:29:09 [info     ] capture.done                   delivery=100 lamination=Matte Lamination (Both) paper=Gloss Art Paper 150gsm - Best Seller prices=200 product=21 size=A5 (148mm x 210mm) status=ok
07:29:09 [info     ] worker.progress                done=460 error=72 skipped=0
07:29:39 [info     ] capture.done                   delivery=99 lamination=Gloss Lamination (Front) paper=Gloss Art Paper 150gsm - Best Seller prices=200 product=21 size=A5 (148mm x 210mm) status=ok
07:30:26 [info     ] capture.done                   delivery=98 lamination=Gloss Lamination (Front) paper=Gloss Art Paper 150gsm - Best Seller prices=200 product=21 size=A5 (148mm x 210mm) status=ok
07:30:54 [info     ] capture.done                   delivery=96 lamination=Gloss Lamination (Front) paper=Gloss Art Paper 150gsm - Best Seller prices=200 product=21 size=A5 (148mm x 210mm) status=ok
07:31:22 [info     ] capture.done                   delivery=100 lamination=Gloss Lamination (Front) paper=Gloss Art Paper 150gsm - Best Seller prices=200 product=21 size=A5 (148mm x 210mm) status=ok
07:31:52 [info     ] capture.done                   delivery=99 lamination=Gloss Lamination (Both) paper=Gloss Art Paper 150gsm - Best Seller prices=200 product=21 size=A5 (148mm x 210mm) status=ok
07:32:41 [info     ] capture.done                   delivery=98 lamination=Gloss Lamination (Both) paper=Gloss Art Paper 150gsm - Best Seller prices=200 product=21 size=A5 (148mm x 210mm) status=ok
07:33:10 [info     ] capture.done                   delivery=96 lamination=Gloss Lamination (Both) paper=Gloss Art Paper 150gsm - Best Seller prices=200 product=21 size=A5 (148mm x 210mm) status=ok
07:33:43 [info     ] capture.done                   delivery=100 lamination=Gloss Lamination (Both) paper=Gloss Art Paper 150gsm - Best Seller prices=200 product=21 size=A5 (148mm x 210mm) status=ok
07:34:12 [info     ] capture.done                   delivery=99 lamination=UV Varnish (Front) paper=Gloss Art Paper 150gsm - Best Seller prices=200 product=21 size=A5 (148mm x 210mm) status=ok
07:35:00 [info     ] capture.done                   delivery=98 lamination=UV Varnish (Front) paper=Gloss Art Paper 150gsm - Best Seller prices=200 product=21 size=A5 (148mm x 210mm) status=ok
07:35:00 [info     ] worker.progress                done=470 error=72 skipped=0
07:35:29 [info     ] capture.done                   delivery=96 lamination=UV Varnish (Front) paper=Gloss Art Paper 150gsm - Best Seller prices=200 product=21 size=A5 (148mm x 210mm) status=ok
07:36:01 [info     ] capture.done                   delivery=100 lamination=UV Varnish (Front) paper=Gloss Art Paper 150gsm - Best Seller prices=200 product=21 size=A5 (148mm x 210mm) status=ok
07:36:28 [info     ] capture.done                   delivery=99 lamination=None paper=Matte Art Paper 130gsm - Best Seller prices=200 product=21 size=A5 (148mm x 210mm) status=ok
07:37:15 [info     ] capture.done                   delivery=98 lamination=None paper=Matte Art Paper 130gsm - Best Seller prices=200 product=21 size=A5 (148mm x 210mm) status=ok
07:37:41 [info     ] capture.done                   delivery=96 lamination=None paper=Matte Art Paper 130gsm - Best Seller prices=200 product=21 size=A5 (148mm x 210mm) status=ok
07:38:09 [info     ] capture.done                   delivery=100 lamination=None paper=Matte Art Paper 130gsm - Best Seller prices=200 product=21 size=A5 (148mm x 210mm) status=ok
07:38:40 [info     ] capture.done                   delivery=99 lamination=Matte Lamination (Front) paper=Gloss Art Card 230gsm (2 sides coated) prices=176 product=21 size=A5 (148mm x 210mm) status=ok
07:39:25 [info     ] capture.done                   delivery=98 lamination=Matte Lamination (Front) paper=Gloss Art Card 230gsm (2 sides coated) prices=176 product=21 size=A5 (148mm x 210mm) status=ok
07:39:55 [info     ] capture.done                   delivery=96 lamination=Matte Lamination (Front) paper=Gloss Art Card 230gsm (2 sides coated) prices=176 product=21 size=A5 (148mm x 210mm) status=ok
07:40:24 [info     ] capture.done                   delivery=100 lamination=Matte Lamination (Front) paper=Gloss Art Card 230gsm (2 sides coated) prices=176 product=21 size=A5 (148mm x 210mm) status=ok
07:40:25 [info     ] worker.progress                done=480 error=72 skipped=0
07:40:55 [info     ] capture.done                   delivery=99 lamination=Matte Lamination (Both) paper=Gloss Art Card 230gsm (2 sides coated) prices=176 product=21 size=A5 (148mm x 210mm) status=ok
07:41:41 [info     ] capture.done                   delivery=98 lamination=Matte Lamination (Both) paper=Gloss Art Card 230gsm (2 sides coated) prices=176 product=21 size=A5 (148mm x 210mm) status=ok
07:42:13 [info     ] capture.done                   delivery=96 lamination=Matte Lamination (Both) paper=Gloss Art Card 230gsm (2 sides coated) prices=176 product=21 size=A5 (148mm x 210mm) status=ok
07:42:41 [info     ] capture.done                   delivery=100 lamination=Matte Lamination (Both) paper=Gloss Art Card 230gsm (2 sides coated) prices=176 product=21 size=A5 (148mm x 210mm) status=ok
07:43:12 [info     ] capture.done                   delivery=99 lamination=Gloss Lamination (Front) paper=Gloss Art Card 230gsm (2 sides coated) prices=176 product=21 size=A5 (148mm x 210mm) status=ok
07:44:01 [info     ] capture.done                   delivery=98 lamination=Gloss Lamination (Front) paper=Gloss Art Card 230gsm (2 sides coated) prices=176 product=21 size=A5 (148mm x 210mm) status=ok
07:44:32 [info     ] capture.done                   delivery=96 lamination=Gloss Lamination (Front) paper=Gloss Art Card 230gsm (2 sides coated) prices=176 product=21 size=A5 (148mm x 210mm) status=ok
07:45:03 [info     ] capture.done                   delivery=100 lamination=Gloss Lamination (Front) paper=Gloss Art Card 230gsm (2 sides coated) prices=176 product=21 size=A5 (148mm x 210mm) status=ok
07:45:36 [info     ] capture.done                   delivery=99 lamination=Gloss Lamination (Both) paper=Gloss Art Card 230gsm (2 sides coated) prices=176 product=21 size=A5 (148mm x 210mm) status=ok
07:46:25 [info     ] capture.done                   delivery=98 lamination=Gloss Lamination (Both) paper=Gloss Art Card 230gsm (2 sides coated) prices=176 product=21 size=A5 (148mm x 210mm) status=ok
07:46:25 [info     ] worker.progress                done=490 error=72 skipped=0
07:46:54 [info     ] capture.done                   delivery=96 lamination=Gloss Lamination (Both) paper=Gloss Art Card 230gsm (2 sides coated) prices=176 product=21 size=A5 (148mm x 210mm) status=ok
07:47:27 [info     ] capture.done                   delivery=100 lamination=Gloss Lamination (Both) paper=Gloss Art Card 230gsm (2 sides coated) prices=176 product=21 size=A5 (148mm x 210mm) status=ok
07:47:57 [info     ] capture.done                   delivery=99 lamination=UV Varnish (Front) paper=Gloss Art Card 230gsm (2 sides coated) prices=176 product=21 size=A5 (148mm x 210mm) status=ok
07:48:44 [info     ] capture.done                   delivery=98 lamination=UV Varnish (Front) paper=Gloss Art Card 230gsm (2 sides coated) prices=176 product=21 size=A5 (148mm x 210mm) status=ok
07:49:16 [info     ] capture.done                   delivery=96 lamination=UV Varnish (Front) paper=Gloss Art Card 230gsm (2 sides coated) prices=176 product=21 size=A5 (148mm x 210mm) status=ok
07:49:46 [info     ] capture.done                   delivery=100 lamination=UV Varnish (Front) paper=Gloss Art Card 230gsm (2 sides coated) prices=176 product=21 size=A5 (148mm x 210mm) status=ok
07:50:19 [info     ] capture.done                   delivery=99 lamination=UV Varnish (Both) paper=Gloss Art Card 230gsm (2 sides coated) prices=176 product=21 size=A5 (148mm x 210mm) status=ok
07:51:05 [info     ] capture.done                   delivery=98 lamination=UV Varnish (Both) paper=Gloss Art Card 230gsm (2 sides coated) prices=176 product=21 size=A5 (148mm x 210mm) status=ok
07:51:35 [info     ] capture.done                   delivery=96 lamination=UV Varnish (Both) paper=Gloss Art Card 230gsm (2 sides coated) prices=176 product=21 size=A5 (148mm x 210mm) status=ok
07:52:06 [info     ] capture.done                   delivery=100 lamination=UV Varnish (Both) paper=Gloss Art Card 230gsm (2 sides coated) prices=176 product=21 size=A5 (148mm x 210mm) status=ok
07:52:06 [info     ] worker.progress                done=500 error=72 skipped=0
07:52:37 [info     ] capture.done                   delivery=99 lamination=Gloss Waterbase Varnish (Front) paper=Gloss Art Card 230gsm (2 sides coated) prices=176 product=21 size=A5 (148mm x 210mm) status=ok
07:53:25 [info     ] capture.done                   delivery=98 lamination=Gloss Waterbase Varnish (Front) paper=Gloss Art Card 230gsm (2 sides coated) prices=176 product=21 size=A5 (148mm x 210mm) status=ok
07:53:57 [info     ] capture.done                   delivery=96 lamination=Gloss Waterbase Varnish (Front) paper=Gloss Art Card 230gsm (2 sides coated) prices=176 product=21 size=A5 (148mm x 210mm) status=ok
07:54:28 [info     ] capture.done                   delivery=100 lamination=Gloss Waterbase Varnish (Front) paper=Gloss Art Card 230gsm (2 sides coated) prices=176 product=21 size=A5 (148mm x 210mm) status=ok
07:55:00 [info     ] capture.done                   delivery=99 lamination=Matte Lamination (Front) paper=Gloss Art Card 250gsm (2 sides coated) - Best Seller prices=440 product=21 size=A5 (148mm x 210mm) status=ok
07:56:13 [info     ] capture.done                   delivery=98 lamination=Matte Lamination (Front) paper=Gloss Art Card 250gsm (2 sides coated) - Best Seller prices=440 product=21 size=A5 (148mm x 210mm) status=ok
07:56:48 [info     ] capture.done                   delivery=96 lamination=Matte Lamination (Front) paper=Gloss Art Card 250gsm (2 sides coated) - Best Seller prices=440 product=21 size=A5 (148mm x 210mm) status=ok
07:57:22 [info     ] capture.done                   delivery=100 lamination=Matte Lamination (Front) paper=Gloss Art Card 250gsm (2 sides coated) - Best Seller prices=440 product=21 size=A5 (148mm x 210mm) status=ok
07:57:57 [info     ] capture.done                   delivery=99 lamination=Matte Lamination (Both) paper=Gloss Art Card 250gsm (2 sides coated) - Best Seller prices=440 product=21 size=A5 (148mm x 210mm) status=ok
07:59:11 [info     ] capture.done                   delivery=98 lamination=Matte Lamination (Both) paper=Gloss Art Card 250gsm (2 sides coated) - Best Seller prices=440 product=21 size=A5 (148mm x 210mm) status=ok
07:59:11 [info     ] worker.progress                done=510 error=72 skipped=0
07:59:46 [info     ] capture.done                   delivery=96 lamination=Matte Lamination (Both) paper=Gloss Art Card 250gsm (2 sides coated) - Best Seller prices=440 product=21 size=A5 (148mm x 210mm) status=ok
08:00:18 [info     ] capture.done                   delivery=100 lamination=Matte Lamination (Both) paper=Gloss Art Card 250gsm (2 sides coated) - Best Seller prices=440 product=21 size=A5 (148mm x 210mm) status=ok
08:00:51 [info     ] capture.done                   delivery=99 lamination=Gloss Lamination (Front) paper=Gloss Art Card 250gsm (2 sides coated) - Best Seller prices=440 product=21 size=A5 (148mm x 210mm) status=ok
08:02:05 [info     ] capture.done                   delivery=98 lamination=Gloss Lamination (Front) paper=Gloss Art Card 250gsm (2 sides coated) - Best Seller prices=440 product=21 size=A5 (148mm x 210mm) status=ok
08:02:41 [info     ] capture.done                   delivery=96 lamination=Gloss Lamination (Front) paper=Gloss Art Card 250gsm (2 sides coated) - Best Seller prices=440 product=21 size=A5 (148mm x 210mm) status=ok
08:03:16 [info     ] capture.done                   delivery=100 lamination=Gloss Lamination (Front) paper=Gloss Art Card 250gsm (2 sides coated) - Best Seller prices=440 product=21 size=A5 (148mm x 210mm) status=ok
08:03:51 [info     ] capture.done                   delivery=99 lamination=Gloss Lamination (Both) paper=Gloss Art Card 250gsm (2 sides coated) - Best Seller prices=440 product=21 size=A5 (148mm x 210mm) status=ok
08:05:08 [info     ] capture.done                   delivery=98 lamination=Gloss Lamination (Both) paper=Gloss Art Card 250gsm (2 sides coated) - Best Seller prices=440 product=21 size=A5 (148mm x 210mm) status=ok
08:05:41 [info     ] capture.done                   delivery=96 lamination=Gloss Lamination (Both) paper=Gloss Art Card 250gsm (2 sides coated) - Best Seller prices=440 product=21 size=A5 (148mm x 210mm) status=ok
08:06:15 [info     ] capture.done                   delivery=100 lamination=Gloss Lamination (Both) paper=Gloss Art Card 250gsm (2 sides coated) - Best Seller prices=440 product=21 size=A5 (148mm x 210mm) status=ok
08:06:15 [info     ] worker.progress                done=520 error=72 skipped=0
08:06:51 [info     ] capture.done                   delivery=99 lamination=UV Varnish (Front) paper=Gloss Art Card 250gsm (2 sides coated) - Best Seller prices=440 product=21 size=A5 (148mm x 210mm) status=ok
08:08:05 [info     ] capture.done                   delivery=98 lamination=UV Varnish (Front) paper=Gloss Art Card 250gsm (2 sides coated) - Best Seller prices=440 product=21 size=A5 (148mm x 210mm) status=ok
08:08:38 [info     ] capture.done                   delivery=96 lamination=UV Varnish (Front) paper=Gloss Art Card 250gsm (2 sides coated) - Best Seller prices=440 product=21 size=A5 (148mm x 210mm) status=ok
08:09:12 [info     ] capture.done                   delivery=100 lamination=UV Varnish (Front) paper=Gloss Art Card 250gsm (2 sides coated) - Best Seller prices=440 product=21 size=A5 (148mm x 210mm) status=ok
08:09:46 [info     ] capture.done                   delivery=99 lamination=UV Varnish (Both) paper=Gloss Art Card 250gsm (2 sides coated) - Best Seller prices=440 product=21 size=A5 (148mm x 210mm) status=ok
08:10:59 [info     ] capture.done                   delivery=98 lamination=UV Varnish (Both) paper=Gloss Art Card 250gsm (2 sides coated) - Best Seller prices=440 product=21 size=A5 (148mm x 210mm) status=ok
08:11:34 [info     ] capture.done                   delivery=96 lamination=UV Varnish (Both) paper=Gloss Art Card 250gsm (2 sides coated) - Best Seller prices=440 product=21 size=A5 (148mm x 210mm) status=ok
08:12:08 [info     ] capture.done                   delivery=100 lamination=UV Varnish (Both) paper=Gloss Art Card 250gsm (2 sides coated) - Best Seller prices=440 product=21 size=A5 (148mm x 210mm) status=ok
08:12:41 [info     ] capture.done                   delivery=99 lamination=Gloss Waterbase Varnish (Front) paper=Gloss Art Card 250gsm (2 sides coated) - Best Seller prices=440 product=21 size=A5 (148mm x 210mm) status=ok
08:13:56 [info     ] capture.done                   delivery=98 lamination=Gloss Waterbase Varnish (Front) paper=Gloss Art Card 250gsm (2 sides coated) - Best Seller prices=440 product=21 size=A5 (148mm x 210mm) status=ok
08:13:56 [info     ] worker.progress                done=530 error=72 skipped=0
08:14:29 [info     ] capture.done                   delivery=96 lamination=Gloss Waterbase Varnish (Front) paper=Gloss Art Card 250gsm (2 sides coated) - Best Seller prices=440 product=21 size=A5 (148mm x 210mm) status=ok
08:15:03 [info     ] capture.done                   delivery=100 lamination=Gloss Waterbase Varnish (Front) paper=Gloss Art Card 250gsm (2 sides coated) - Best Seller prices=440 product=21 size=A5 (148mm x 210mm) status=ok
08:15:34 [info     ] capture.done                   delivery=99 lamination=Matte Lamination (Front) paper=Gloss Art Card 310gsm (2 sides coated) prices=176 product=21 size=A5 (148mm x 210mm) status=ok
08:16:21 [info     ] capture.done                   delivery=98 lamination=Matte Lamination (Front) paper=Gloss Art Card 310gsm (2 sides coated) prices=176 product=21 size=A5 (148mm x 210mm) status=ok
08:16:53 [info     ] capture.done                   delivery=96 lamination=Matte Lamination (Front) paper=Gloss Art Card 310gsm (2 sides coated) prices=176 product=21 size=A5 (148mm x 210mm) status=ok
08:17:22 [info     ] capture.done                   delivery=100 lamination=Matte Lamination (Front) paper=Gloss Art Card 310gsm (2 sides coated) prices=176 product=21 size=A5 (148mm x 210mm) status=ok
08:17:56 [info     ] capture.done                   delivery=99 lamination=Matte Lamination (Both) paper=Gloss Art Card 310gsm (2 sides coated) prices=176 product=21 size=A5 (148mm x 210mm) status=ok
08:18:43 [info     ] capture.done                   delivery=98 lamination=Matte Lamination (Both) paper=Gloss Art Card 310gsm (2 sides coated) prices=176 product=21 size=A5 (148mm x 210mm) status=ok
08:19:15 [info     ] capture.done                   delivery=96 lamination=Matte Lamination (Both) paper=Gloss Art Card 310gsm (2 sides coated) prices=176 product=21 size=A5 (148mm x 210mm) status=ok
08:19:45 [info     ] capture.done                   delivery=100 lamination=Matte Lamination (Both) paper=Gloss Art Card 310gsm (2 sides coated) prices=176 product=21 size=A5 (148mm x 210mm) status=ok
08:19:45 [info     ] worker.progress                done=540 error=72 skipped=0
08:20:13 [info     ] capture.done                   delivery=99 lamination=Gloss Lamination (Front) paper=Gloss Art Card 310gsm (2 sides coated) prices=176 product=21 size=A5 (148mm x 210mm) status=ok
08:21:01 [info     ] capture.done                   delivery=98 lamination=Gloss Lamination (Front) paper=Gloss Art Card 310gsm (2 sides coated) prices=176 product=21 size=A5 (148mm x 210mm) status=ok
08:21:32 [info     ] capture.done                   delivery=96 lamination=Gloss Lamination (Front) paper=Gloss Art Card 310gsm (2 sides coated) prices=176 product=21 size=A5 (148mm x 210mm) status=ok
08:22:05 [info     ] capture.done                   delivery=100 lamination=Gloss Lamination (Front) paper=Gloss Art Card 310gsm (2 sides coated) prices=176 product=21 size=A5 (148mm x 210mm) status=ok
08:22:35 [info     ] capture.done                   delivery=99 lamination=Gloss Lamination (Both) paper=Gloss Art Card 310gsm (2 sides coated) prices=176 product=21 size=A5 (148mm x 210mm) status=ok
08:23:20 [info     ] capture.done                   delivery=98 lamination=Gloss Lamination (Both) paper=Gloss Art Card 310gsm (2 sides coated) prices=176 product=21 size=A5 (148mm x 210mm) status=ok
08:23:49 [info     ] capture.done                   delivery=96 lamination=Gloss Lamination (Both) paper=Gloss Art Card 310gsm (2 sides coated) prices=176 product=21 size=A5 (148mm x 210mm) status=ok
08:24:21 [info     ] capture.done                   delivery=100 lamination=Gloss Lamination (Both) paper=Gloss Art Card 310gsm (2 sides coated) prices=176 product=21 size=A5 (148mm x 210mm) status=ok
08:24:50 [info     ] capture.done                   delivery=99 lamination=UV Varnish (Front) paper=Gloss Art Card 310gsm (2 sides coated) prices=176 product=21 size=A5 (148mm x 210mm) status=ok
08:25:37 [info     ] capture.done                   delivery=98 lamination=UV Varnish (Front) paper=Gloss Art Card 310gsm (2 sides coated) prices=176 product=21 size=A5 (148mm x 210mm) status=ok
08:25:37 [info     ] worker.progress                done=550 error=72 skipped=0
08:26:07 [info     ] capture.done                   delivery=96 lamination=UV Varnish (Front) paper=Gloss Art Card 310gsm (2 sides coated) prices=176 product=21 size=A5 (148mm x 210mm) status=ok
08:26:39 [info     ] capture.done                   delivery=100 lamination=UV Varnish (Front) paper=Gloss Art Card 310gsm (2 sides coated) prices=176 product=21 size=A5 (148mm x 210mm) status=ok
08:27:07 [info     ] capture.done                   delivery=99 lamination=UV Varnish (Both) paper=Gloss Art Card 310gsm (2 sides coated) prices=176 product=21 size=A5 (148mm x 210mm) status=ok
08:27:58 [info     ] capture.done                   delivery=98 lamination=UV Varnish (Both) paper=Gloss Art Card 310gsm (2 sides coated) prices=176 product=21 size=A5 (148mm x 210mm) status=ok
08:28:30 [info     ] capture.done                   delivery=96 lamination=UV Varnish (Both) paper=Gloss Art Card 310gsm (2 sides coated) prices=176 product=21 size=A5 (148mm x 210mm) status=ok
08:29:00 [info     ] capture.done                   delivery=100 lamination=UV Varnish (Both) paper=Gloss Art Card 310gsm (2 sides coated) prices=176 product=21 size=A5 (148mm x 210mm) status=ok
08:29:30 [info     ] capture.done                   delivery=99 lamination=Gloss Waterbase Varnish (Front) paper=Gloss Art Card 310gsm (2 sides coated) prices=176 product=21 size=A5 (148mm x 210mm) status=ok
08:30:17 [info     ] capture.done                   delivery=98 lamination=Gloss Waterbase Varnish (Front) paper=Gloss Art Card 310gsm (2 sides coated) prices=176 product=21 size=A5 (148mm x 210mm) status=ok
08:30:49 [info     ] capture.done                   delivery=96 lamination=Gloss Waterbase Varnish (Front) paper=Gloss Art Card 310gsm (2 sides coated) prices=176 product=21 size=A5 (148mm x 210mm) status=ok
08:31:21 [info     ] capture.done                   delivery=100 lamination=Gloss Waterbase Varnish (Front) paper=Gloss Art Card 310gsm (2 sides coated) prices=176 product=21 size=A5 (148mm x 210mm) status=ok
08:31:21 [info     ] worker.progress                done=560 error=72 skipped=0
08:31:50 [info     ] capture.done                   delivery=99 lamination=Matte Lamination (Front) paper=Gloss Art Card 360gsm (2 sides coated) prices=176 product=21 size=A5 (148mm x 210mm) status=ok
08:32:40 [info     ] capture.done                   delivery=98 lamination=Matte Lamination (Front) paper=Gloss Art Card 360gsm (2 sides coated) prices=176 product=21 size=A5 (148mm x 210mm) status=ok
08:33:13 [info     ] capture.done                   delivery=96 lamination=Matte Lamination (Front) paper=Gloss Art Card 360gsm (2 sides coated) prices=176 product=21 size=A5 (148mm x 210mm) status=ok
08:33:47 [info     ] capture.done                   delivery=100 lamination=Matte Lamination (Front) paper=Gloss Art Card 360gsm (2 sides coated) prices=176 product=21 size=A5 (148mm x 210mm) status=ok
08:34:17 [info     ] capture.done                   delivery=99 lamination=Matte Lamination (Both) paper=Gloss Art Card 360gsm (2 sides coated) prices=176 product=21 size=A5 (148mm x 210mm) status=ok
08:35:06 [info     ] capture.done                   delivery=98 lamination=Matte Lamination (Both) paper=Gloss Art Card 360gsm (2 sides coated) prices=176 product=21 size=A5 (148mm x 210mm) status=ok
08:35:38 [info     ] capture.done                   delivery=96 lamination=Matte Lamination (Both) paper=Gloss Art Card 360gsm (2 sides coated) prices=176 product=21 size=A5 (148mm x 210mm) status=ok
08:36:08 [info     ] capture.done                   delivery=100 lamination=Matte Lamination (Both) paper=Gloss Art Card 360gsm (2 sides coated) prices=176 product=21 size=A5 (148mm x 210mm) status=ok
08:36:41 [info     ] capture.done                   delivery=99 lamination=Gloss Lamination (Front) paper=Gloss Art Card 360gsm (2 sides coated) prices=176 product=21 size=A5 (148mm x 210mm) status=ok
08:37:31 [info     ] capture.done                   delivery=98 lamination=Gloss Lamination (Front) paper=Gloss Art Card 360gsm (2 sides coated) prices=176 product=21 size=A5 (148mm x 210mm) status=ok
08:37:31 [info     ] worker.progress                done=570 error=72 skipped=0
08:38:01 [info     ] capture.done                   delivery=96 lamination=Gloss Lamination (Front) paper=Gloss Art Card 360gsm (2 sides coated) prices=176 product=21 size=A5 (148mm x 210mm) status=ok
08:38:32 [info     ] capture.done                   delivery=100 lamination=Gloss Lamination (Front) paper=Gloss Art Card 360gsm (2 sides coated) prices=176 product=21 size=A5 (148mm x 210mm) status=ok
08:39:03 [info     ] capture.done                   delivery=99 lamination=Gloss Lamination (Both) paper=Gloss Art Card 360gsm (2 sides coated) prices=176 product=21 size=A5 (148mm x 210mm) status=ok
08:39:51 [info     ] capture.done                   delivery=98 lamination=Gloss Lamination (Both) paper=Gloss Art Card 360gsm (2 sides coated) prices=176 product=21 size=A5 (148mm x 210mm) status=ok
08:40:23 [info     ] capture.done                   delivery=96 lamination=Gloss Lamination (Both) paper=Gloss Art Card 360gsm (2 sides coated) prices=176 product=21 size=A5 (148mm x 210mm) status=ok
08:40:53 [info     ] capture.done                   delivery=100 lamination=Gloss Lamination (Both) paper=Gloss Art Card 360gsm (2 sides coated) prices=176 product=21 size=A5 (148mm x 210mm) status=ok
08:41:23 [info     ] capture.done                   delivery=99 lamination=UV Varnish (Front) paper=Gloss Art Card 360gsm (2 sides coated) prices=176 product=21 size=A5 (148mm x 210mm) status=ok
08:42:09 [info     ] capture.done                   delivery=98 lamination=UV Varnish (Front) paper=Gloss Art Card 360gsm (2 sides coated) prices=176 product=21 size=A5 (148mm x 210mm) status=ok
08:42:41 [info     ] capture.done                   delivery=96 lamination=UV Varnish (Front) paper=Gloss Art Card 360gsm (2 sides coated) prices=176 product=21 size=A5 (148mm x 210mm) status=ok
08:43:12 [info     ] capture.done                   delivery=100 lamination=UV Varnish (Front) paper=Gloss Art Card 360gsm (2 sides coated) prices=176 product=21 size=A5 (148mm x 210mm) status=ok
08:43:12 [info     ] worker.progress                done=580 error=72 skipped=0
08:43:43 [info     ] capture.done                   delivery=99 lamination=UV Varnish (Both) paper=Gloss Art Card 360gsm (2 sides coated) prices=176 product=21 size=A5 (148mm x 210mm) status=ok
08:44:29 [info     ] capture.done                   delivery=98 lamination=UV Varnish (Both) paper=Gloss Art Card 360gsm (2 sides coated) prices=176 product=21 size=A5 (148mm x 210mm) status=ok
08:45:02 [info     ] capture.done                   delivery=96 lamination=UV Varnish (Both) paper=Gloss Art Card 360gsm (2 sides coated) prices=176 product=21 size=A5 (148mm x 210mm) status=ok
08:45:34 [info     ] capture.done                   delivery=100 lamination=UV Varnish (Both) paper=Gloss Art Card 360gsm (2 sides coated) prices=176 product=21 size=A5 (148mm x 210mm) status=ok
08:46:05 [info     ] capture.done                   delivery=99 lamination=Gloss Waterbase Varnish (Front) paper=Gloss Art Card 360gsm (2 sides coated) prices=176 product=21 size=A5 (148mm x 210mm) status=ok
08:46:50 [info     ] capture.done                   delivery=98 lamination=Gloss Waterbase Varnish (Front) paper=Gloss Art Card 360gsm (2 sides coated) prices=176 product=21 size=A5 (148mm x 210mm) status=ok
08:47:17 [info     ] capture.done                   delivery=96 lamination=Gloss Waterbase Varnish (Front) paper=Gloss Art Card 360gsm (2 sides coated) prices=176 product=21 size=A5 (148mm x 210mm) status=ok
08:47:48 [info     ] capture.done                   delivery=100 lamination=Gloss Waterbase Varnish (Front) paper=Gloss Art Card 360gsm (2 sides coated) prices=176 product=21 size=A5 (148mm x 210mm) status=ok
08:48:16 [info     ] capture.done                   delivery=99 lamination=None paper=Simili 80gsm - Best Seller prices=176 product=21 size=A6 (148mm x 105mm) status=ok
08:49:12 [info     ] capture.done                   delivery=98 lamination=None paper=Simili 80gsm - Best Seller prices=176 product=21 size=A6 (148mm x 105mm) status=ok
08:49:12 [info     ] worker.progress                done=590 error=72 skipped=0
08:49:39 [info     ] capture.done                   delivery=96 lamination=None paper=Simili 80gsm - Best Seller prices=176 product=21 size=A6 (148mm x 105mm) status=ok
08:50:07 [info     ] capture.done                   delivery=100 lamination=None paper=Simili 80gsm - Best Seller prices=176 product=21 size=A6 (148mm x 105mm) status=ok
08:50:36 [info     ] capture.done                   delivery=99 lamination=None paper=Simili 100gsm - Best Seller prices=176 product=21 size=A6 (148mm x 105mm) status=ok
08:51:34 [info     ] capture.done                   delivery=98 lamination=None paper=Simili 100gsm - Best Seller prices=176 product=21 size=A6 (148mm x 105mm) status=ok
08:52:01 [info     ] capture.done                   delivery=96 lamination=None paper=Simili 100gsm - Best Seller prices=176 product=21 size=A6 (148mm x 105mm) status=ok
08:52:31 [info     ] capture.done                   delivery=100 lamination=None paper=Simili 100gsm - Best Seller prices=176 product=21 size=A6 (148mm x 105mm) status=ok
08:52:55 [info     ] capture.done                   delivery=99 lamination=None paper=Simili 140gsm - Best Seller prices=176 product=21 size=A6 (148mm x 105mm) status=ok
08:53:38 [info     ] capture.done                   delivery=98 lamination=None paper=Simili 140gsm - Best Seller prices=176 product=21 size=A6 (148mm x 105mm) status=ok
08:54:03 [info     ] capture.done                   delivery=96 lamination=None paper=Simili 140gsm - Best Seller prices=176 product=21 size=A6 (148mm x 105mm) status=ok
08:55:44 [info     ] capture.done                   delivery=100 lamination=None paper=Simili 140gsm - Best Seller prices=0 product=21 size=A6 (148mm x 105mm) status=error
08:55:44 [warning  ] capture.saved_debug            combination=696 path=C:\Users\User\OneDrive\Desktop\Printoka.com\crawler\output\debug\combo_696_no_nonzero_price.html reason=no_nonzero_price
08:56:17 [error    ] capture.error                  error=TimeoutError('Page.goto: Timeout 30000ms exceeded.\nCall log:\n  - navigating to "https://www.excard.com.my/price-list/Litho/21", waiting until "domcontentloaded"\n') product=21
08:56:50 [error    ] capture.error                  error=TimeoutError('Page.goto: Timeout 30000ms exceeded.\nCall log:\n  - navigating to "https://www.excard.com.my/price-list/Litho/21", waiting until "domcontentloaded"\n') product=21
08:57:23 [error    ] capture.error                  error=TimeoutError('Page.goto: Timeout 30000ms exceeded.\nCall log:\n  - navigating to "https://www.excard.com.my/price-list/Litho/21", waiting until "domcontentloaded"\n') product=21
08:57:55 [error    ] capture.error                  error=TimeoutError('Page.goto: Timeout 30000ms exceeded.\nCall log:\n  - navigating to "https://www.excard.com.my/price-list/Litho/21", waiting until "domcontentloaded"\n') product=21
08:58:29 [error    ] capture.error                  error=TimeoutError('Page.goto: Timeout 30000ms exceeded.\nCall log:\n  - navigating to "https://www.excard.com.my/price-list/Litho/21", waiting until "domcontentloaded"\n') product=21
08:59:13 [info     ] capture.done                   delivery=98 lamination=None paper=Gloss Art Paper 100gsm - Best Seller prices=176 product=21 size=A6 (148mm x 105mm) status=ok
08:59:13 [info     ] worker.progress                done=600 error=78 skipped=0
08:59:37 [info     ] capture.done                   delivery=96 lamination=None paper=Gloss Art Paper 100gsm - Best Seller prices=176 product=21 size=A6 (148mm x 105mm) status=ok
09:00:00 [info     ] capture.done                   delivery=100 lamination=None paper=Gloss Art Paper 100gsm - Best Seller prices=176 product=21 size=A6 (148mm x 105mm) status=ok
09:00:26 [info     ] capture.done                   delivery=99 lamination=None paper=Gloss Art Paper 128gsm - Best Seller prices=176 product=21 size=A6 (148mm x 105mm) status=ok
09:01:09 [info     ] capture.done                   delivery=98 lamination=None paper=Gloss Art Paper 128gsm - Best Seller prices=176 product=21 size=A6 (148mm x 105mm) status=ok
09:01:35 [info     ] capture.done                   delivery=96 lamination=None paper=Gloss Art Paper 128gsm - Best Seller prices=176 product=21 size=A6 (148mm x 105mm) status=ok
09:02:02 [info     ] capture.done                   delivery=100 lamination=None paper=Gloss Art Paper 128gsm - Best Seller prices=176 product=21 size=A6 (148mm x 105mm) status=ok
09:02:35 [info     ] capture.done                   delivery=99 lamination=Matte Lamination (Front) paper=Gloss Art Paper 150gsm - Best Seller prices=176 product=21 size=A6 (148mm x 105mm) status=ok
09:03:23 [info     ] capture.done                   delivery=98 lamination=Matte Lamination (Front) paper=Gloss Art Paper 150gsm - Best Seller prices=176 product=21 size=A6 (148mm x 105mm) status=ok
09:03:53 [info     ] capture.done                   delivery=96 lamination=Matte Lamination (Front) paper=Gloss Art Paper 150gsm - Best Seller prices=176 product=21 size=A6 (148mm x 105mm) status=ok
09:04:23 [info     ] capture.done                   delivery=100 lamination=Matte Lamination (Front) paper=Gloss Art Paper 150gsm - Best Seller prices=176 product=21 size=A6 (148mm x 105mm) status=ok
09:04:23 [info     ] worker.progress                done=610 error=78 skipped=0
09:04:52 [info     ] capture.done                   delivery=99 lamination=Matte Lamination (Both) paper=Gloss Art Paper 150gsm - Best Seller prices=176 product=21 size=A6 (148mm x 105mm) status=ok
09:05:38 [info     ] capture.done                   delivery=98 lamination=Matte Lamination (Both) paper=Gloss Art Paper 150gsm - Best Seller prices=176 product=21 size=A6 (148mm x 105mm) status=ok
09:06:09 [info     ] capture.done                   delivery=96 lamination=Matte Lamination (Both) paper=Gloss Art Paper 150gsm - Best Seller prices=176 product=21 size=A6 (148mm x 105mm) status=ok
09:06:38 [info     ] capture.done                   delivery=100 lamination=Matte Lamination (Both) paper=Gloss Art Paper 150gsm - Best Seller prices=176 product=21 size=A6 (148mm x 105mm) status=ok
09:07:11 [info     ] capture.done                   delivery=99 lamination=Gloss Lamination (Front) paper=Gloss Art Paper 150gsm - Best Seller prices=176 product=21 size=A6 (148mm x 105mm) status=ok
09:07:58 [info     ] capture.done                   delivery=98 lamination=Gloss Lamination (Front) paper=Gloss Art Paper 150gsm - Best Seller prices=176 product=21 size=A6 (148mm x 105mm) status=ok
09:08:30 [info     ] capture.done                   delivery=96 lamination=Gloss Lamination (Front) paper=Gloss Art Paper 150gsm - Best Seller prices=176 product=21 size=A6 (148mm x 105mm) status=ok
09:09:03 [info     ] capture.done                   delivery=100 lamination=Gloss Lamination (Front) paper=Gloss Art Paper 150gsm - Best Seller prices=176 product=21 size=A6 (148mm x 105mm) status=ok
09:09:34 [info     ] capture.done                   delivery=99 lamination=Gloss Lamination (Both) paper=Gloss Art Paper 150gsm - Best Seller prices=176 product=21 size=A6 (148mm x 105mm) status=ok
09:10:22 [info     ] capture.done                   delivery=98 lamination=Gloss Lamination (Both) paper=Gloss Art Paper 150gsm - Best Seller prices=176 product=21 size=A6 (148mm x 105mm) status=ok
09:10:22 [info     ] worker.progress                done=620 error=78 skipped=0
09:10:53 [info     ] capture.done                   delivery=96 lamination=Gloss Lamination (Both) paper=Gloss Art Paper 150gsm - Best Seller prices=176 product=21 size=A6 (148mm x 105mm) status=ok
09:12:36 [info     ] capture.done                   delivery=100 lamination=Gloss Lamination (Both) paper=Gloss Art Paper 150gsm - Best Seller prices=0 product=21 size=A6 (148mm x 105mm) status=error
09:12:36 [warning  ] capture.saved_debug            combination=720 path=C:\Users\User\OneDrive\Desktop\Printoka.com\crawler\output\debug\combo_720_no_nonzero_price.html reason=no_nonzero_price
09:13:09 [error    ] capture.error                  error=TimeoutError('Page.goto: Timeout 30000ms exceeded.\nCall log:\n  - navigating to "https://www.excard.com.my/price-list/Litho/21", waiting until "domcontentloaded"\n') product=21
09:13:45 [info     ] capture.done                   delivery=100 lamination=Gloss Lamination (Both) paper=Gloss Art Paper 150gsm - Best Seller prices=176 product=21 size=A6 (148mm x 105mm) status=ok
09:14:19 [info     ] capture.done                   delivery=99 lamination=UV Varnish (Front) paper=Gloss Art Paper 150gsm - Best Seller prices=176 product=21 size=A6 (148mm x 105mm) status=ok
09:15:05 [info     ] capture.done                   delivery=98 lamination=UV Varnish (Front) paper=Gloss Art Paper 150gsm - Best Seller prices=176 product=21 size=A6 (148mm x 105mm) status=ok
09:15:35 [info     ] capture.done                   delivery=96 lamination=UV Varnish (Front) paper=Gloss Art Paper 150gsm - Best Seller prices=176 product=21 size=A6 (148mm x 105mm) status=ok
09:16:09 [info     ] capture.done                   delivery=100 lamination=UV Varnish (Front) paper=Gloss Art Paper 150gsm - Best Seller prices=176 product=21 size=A6 (148mm x 105mm) status=ok
09:16:37 [info     ] capture.done                   delivery=99 lamination=None paper=Matte Art Paper 130gsm - Best Seller prices=176 product=21 size=A6 (148mm x 105mm) status=ok
09:17:20 [info     ] capture.done                   delivery=98 lamination=None paper=Matte Art Paper 130gsm - Best Seller prices=176 product=21 size=A6 (148mm x 105mm) status=ok
09:17:45 [info     ] capture.done                   delivery=96 lamination=None paper=Matte Art Paper 130gsm - Best Seller prices=176 product=21 size=A6 (148mm x 105mm) status=ok
09:18:10 [info     ] capture.done                   delivery=100 lamination=None paper=Matte Art Paper 130gsm - Best Seller prices=176 product=21 size=A6 (148mm x 105mm) status=ok
09:18:11 [info     ] worker.progress                done=630 error=80 skipped=0
09:18:38 [info     ] capture.done                   delivery=99 lamination=Matte Lamination (Front) paper=Gloss Art Card 250gsm - Best Seller prices=176 product=21 size=A6 (148mm x 105mm) status=ok
09:19:24 [info     ] capture.done                   delivery=98 lamination=Matte Lamination (Front) paper=Gloss Art Card 250gsm - Best Seller prices=176 product=21 size=A6 (148mm x 105mm) status=ok
09:19:57 [info     ] capture.done                   delivery=96 lamination=Matte Lamination (Front) paper=Gloss Art Card 250gsm - Best Seller prices=176 product=21 size=A6 (148mm x 105mm) status=ok
09:20:29 [info     ] capture.done                   delivery=100 lamination=Matte Lamination (Front) paper=Gloss Art Card 250gsm - Best Seller prices=176 product=21 size=A6 (148mm x 105mm) status=ok
09:21:00 [info     ] capture.done                   delivery=99 lamination=Matte Lamination (Both) paper=Gloss Art Card 250gsm - Best Seller prices=176 product=21 size=A6 (148mm x 105mm) status=ok
09:21:46 [info     ] capture.done                   delivery=98 lamination=Matte Lamination (Both) paper=Gloss Art Card 250gsm - Best Seller prices=176 product=21 size=A6 (148mm x 105mm) status=ok
09:22:18 [info     ] capture.done                   delivery=96 lamination=Matte Lamination (Both) paper=Gloss Art Card 250gsm - Best Seller prices=176 product=21 size=A6 (148mm x 105mm) status=ok
09:22:52 [info     ] capture.done                   delivery=100 lamination=Matte Lamination (Both) paper=Gloss Art Card 250gsm - Best Seller prices=176 product=21 size=A6 (148mm x 105mm) status=ok
09:23:23 [info     ] capture.done                   delivery=99 lamination=Gloss Lamination (Front) paper=Gloss Art Card 250gsm - Best Seller prices=176 product=21 size=A6 (148mm x 105mm) status=ok
09:24:11 [info     ] capture.done                   delivery=98 lamination=Gloss Lamination (Front) paper=Gloss Art Card 250gsm - Best Seller prices=176 product=21 size=A6 (148mm x 105mm) status=ok
09:24:11 [info     ] worker.progress                done=640 error=80 skipped=0
09:24:42 [info     ] capture.done                   delivery=96 lamination=Gloss Lamination (Front) paper=Gloss Art Card 250gsm - Best Seller prices=176 product=21 size=A6 (148mm x 105mm) status=ok
09:25:16 [info     ] capture.done                   delivery=100 lamination=Gloss Lamination (Front) paper=Gloss Art Card 250gsm - Best Seller prices=176 product=21 size=A6 (148mm x 105mm) status=ok
09:25:47 [info     ] capture.done                   delivery=99 lamination=Gloss Lamination (Both) paper=Gloss Art Card 250gsm - Best Seller prices=176 product=21 size=A6 (148mm x 105mm) status=ok
09:26:29 [error    ] capture.error                  error=TimeoutError('Page.select_option: Timeout 30000ms exceeded.\nCall log:\n  - waiting for locator("select[name=\'ctl00$mainContent$order_spec_controller1$order_spec_standard_matrix1$ddlPaper\']")\n  -     - locator resolved to <select class="nor" id="mainContent_order_spec_controller1_order_spec_standard_matrix1_ddlPaper" name="ctl00$mainContent$order_spec_controller1$order_spec_standard_matrix1$ddlPaper" onchange="javascript:setTimeout(\'__doPostBack(\\\'ctl00$mainContent$order_spec_controller1$order_spec_standard_matrix1$ddlPaper\\\',\\\'\\\')\', 0)">…</select>\n  -   - attempting select option action\n  -     2 × waiting for element to be visible and enabled\n  -       - did not find some options\n  -     - retrying select option action\n  -     - waiting 20ms\n  -     2 × waiting for element to be visible and enabled\n  -       - did not find some options\n  -     - retrying select option action\n  -       - waiting 100ms\n  -     59 × waiting for element to be visible and enabled\n  -        - did not find some options\n  -      - retrying select option action\n  -        - waiting 500ms\n') product=21
09:27:02 [error    ] capture.error                  error=TimeoutError('Page.goto: Timeout 30000ms exceeded.\nCall log:\n  - navigating to "https://www.excard.com.my/price-list/Litho/21", waiting until "domcontentloaded"\n') product=21
09:27:35 [error    ] capture.error                  error=TimeoutError('Page.goto: Timeout 30000ms exceeded.\nCall log:\n  - navigating to "https://www.excard.com.my/price-list/Litho/21", waiting until "domcontentloaded"\n') product=21
09:28:07 [error    ] capture.error                  error=TimeoutError('Page.goto: Timeout 30000ms exceeded.\nCall log:\n  - navigating to "https://www.excard.com.my/price-list/Litho/21", waiting until "domcontentloaded"\n') product=21
09:28:39 [error    ] capture.error                  error=TimeoutError('Page.goto: Timeout 30000ms exceeded.\nCall log:\n  - navigating to "https://www.excard.com.my/price-list/Litho/21", waiting until "domcontentloaded"\n') product=21
09:29:12 [info     ] capture.done                   delivery=96 lamination=Gloss Lamination (Both) paper=Gloss Art Card 250gsm - Best Seller prices=176 product=21 size=A6 (148mm x 105mm) status=ok
09:29:42 [info     ] capture.done                   delivery=100 lamination=Gloss Lamination (Both) paper=Gloss Art Card 250gsm - Best Seller prices=176 product=21 size=A6 (148mm x 105mm) status=ok
09:30:11 [info     ] capture.done                   delivery=99 lamination=UV Varnish (Front) paper=Gloss Art Card 250gsm - Best Seller prices=176 product=21 size=A6 (148mm x 105mm) status=ok
09:31:00 [info     ] capture.done                   delivery=98 lamination=UV Varnish (Front) paper=Gloss Art Card 250gsm - Best Seller prices=176 product=21 size=A6 (148mm x 105mm) status=ok
09:31:31 [info     ] capture.done                   delivery=96 lamination=UV Varnish (Front) paper=Gloss Art Card 250gsm - Best Seller prices=176 product=21 size=A6 (148mm x 105mm) status=ok
09:32:04 [info     ] capture.done                   delivery=100 lamination=UV Varnish (Front) paper=Gloss Art Card 250gsm - Best Seller prices=176 product=21 size=A6 (148mm x 105mm) status=ok
09:32:35 [info     ] capture.done                   delivery=99 lamination=UV Varnish (Both) paper=Gloss Art Card 250gsm - Best Seller prices=176 product=21 size=A6 (148mm x 105mm) status=ok
09:32:35 [info     ] worker.progress                done=650 error=85 skipped=0
09:33:21 [info     ] capture.done                   delivery=98 lamination=UV Varnish (Both) paper=Gloss Art Card 250gsm - Best Seller prices=176 product=21 size=A6 (148mm x 105mm) status=ok
09:33:50 [info     ] capture.done                   delivery=96 lamination=UV Varnish (Both) paper=Gloss Art Card 250gsm - Best Seller prices=176 product=21 size=A6 (148mm x 105mm) status=ok
09:34:22 [info     ] capture.done                   delivery=100 lamination=UV Varnish (Both) paper=Gloss Art Card 250gsm - Best Seller prices=176 product=21 size=A6 (148mm x 105mm) status=ok
09:34:53 [info     ] capture.done                   delivery=99 lamination=Gloss Waterbase Varnish (Front) paper=Gloss Art Card 250gsm - Best Seller prices=176 product=21 size=A6 (148mm x 105mm) status=ok
09:35:41 [info     ] capture.done                   delivery=98 lamination=Gloss Waterbase Varnish (Front) paper=Gloss Art Card 250gsm - Best Seller prices=176 product=21 size=A6 (148mm x 105mm) status=ok
09:36:12 [info     ] capture.done                   delivery=96 lamination=Gloss Waterbase Varnish (Front) paper=Gloss Art Card 250gsm - Best Seller prices=176 product=21 size=A6 (148mm x 105mm) status=ok
09:36:44 [info     ] capture.done                   delivery=100 lamination=Gloss Waterbase Varnish (Front) paper=Gloss Art Card 250gsm - Best Seller prices=176 product=21 size=A6 (148mm x 105mm) status=ok
09:37:10 [info     ] capture.done                   delivery=99 lamination=None paper=Simili 80gsm - Best Seller prices=52 product=21 size=3xA4 (297mm x 630mm) status=ok
09:37:43 [info     ] capture.done                   delivery=98 lamination=None paper=Simili 80gsm - Best Seller prices=52 product=21 size=3xA4 (297mm x 630mm) status=ok
09:38:09 [info     ] capture.done                   delivery=96 lamination=None paper=Simili 80gsm - Best Seller prices=52 product=21 size=3xA4 (297mm x 630mm) status=ok
09:38:09 [info     ] worker.progress                done=660 error=85 skipped=0
09:38:32 [info     ] capture.done                   delivery=100 lamination=None paper=Simili 80gsm - Best Seller prices=52 product=21 size=3xA4 (297mm x 630mm) status=ok
09:38:58 [info     ] capture.done                   delivery=99 lamination=None paper=Simili 100gsm - Best Seller prices=52 product=21 size=3xA4 (297mm x 630mm) status=ok
09:39:31 [info     ] capture.done                   delivery=98 lamination=None paper=Simili 100gsm - Best Seller prices=52 product=21 size=3xA4 (297mm x 630mm) status=ok
09:39:54 [info     ] capture.done                   delivery=96 lamination=None paper=Simili 100gsm - Best Seller prices=52 product=21 size=3xA4 (297mm x 630mm) status=ok
09:40:18 [info     ] capture.done                   delivery=100 lamination=None paper=Simili 100gsm - Best Seller prices=52 product=21 size=3xA4 (297mm x 630mm) status=ok
09:40:41 [info     ] capture.done                   delivery=99 lamination=None paper=Simili 140gsm - Best Seller prices=52 product=21 size=3xA4 (297mm x 630mm) status=ok
09:41:11 [info     ] capture.done                   delivery=98 lamination=None paper=Simili 140gsm - Best Seller prices=52 product=21 size=3xA4 (297mm x 630mm) status=ok
09:41:35 [info     ] capture.done                   delivery=96 lamination=None paper=Simili 140gsm - Best Seller prices=52 product=21 size=3xA4 (297mm x 630mm) status=ok
09:42:01 [info     ] capture.done                   delivery=100 lamination=None paper=Simili 140gsm - Best Seller prices=52 product=21 size=3xA4 (297mm x 630mm) status=ok
09:42:26 [info     ] capture.done                   delivery=99 lamination=None paper=Gloss Art Paper 100gsm - Best Seller prices=52 product=21 size=3xA4 (297mm x 630mm) status=ok
09:42:26 [info     ] worker.progress                done=670 error=85 skipped=0
09:42:54 [info     ] capture.done                   delivery=98 lamination=None paper=Gloss Art Paper 100gsm - Best Seller prices=52 product=21 size=3xA4 (297mm x 630mm) status=ok
09:43:18 [info     ] capture.done                   delivery=96 lamination=None paper=Gloss Art Paper 100gsm - Best Seller prices=52 product=21 size=3xA4 (297mm x 630mm) status=ok
09:43:40 [info     ] capture.done                   delivery=100 lamination=None paper=Gloss Art Paper 100gsm - Best Seller prices=52 product=21 size=3xA4 (297mm x 630mm) status=ok
09:44:02 [info     ] capture.done                   delivery=99 lamination=None paper=Gloss Art Paper 128gsm - Best Seller prices=52 product=21 size=3xA4 (297mm x 630mm) status=ok
09:44:29 [info     ] capture.done                   delivery=98 lamination=None paper=Gloss Art Paper 128gsm - Best Seller prices=52 product=21 size=3xA4 (297mm x 630mm) status=ok
09:44:53 [info     ] capture.done                   delivery=96 lamination=None paper=Gloss Art Paper 128gsm - Best Seller prices=52 product=21 size=3xA4 (297mm x 630mm) status=ok
09:45:17 [info     ] capture.done                   delivery=100 lamination=None paper=Gloss Art Paper 128gsm - Best Seller prices=52 product=21 size=3xA4 (297mm x 630mm) status=ok
09:45:47 [info     ] capture.done                   delivery=99 lamination=Matte Lamination (Front) paper=Gloss Art Paper 150gsm - Best Seller prices=52 product=21 size=3xA4 (297mm x 630mm) status=ok
09:46:19 [info     ] capture.done                   delivery=98 lamination=Matte Lamination (Front) paper=Gloss Art Paper 150gsm - Best Seller prices=52 product=21 size=3xA4 (297mm x 630mm) status=ok
09:46:46 [info     ] capture.done                   delivery=96 lamination=Matte Lamination (Front) paper=Gloss Art Paper 150gsm - Best Seller prices=52 product=21 size=3xA4 (297mm x 630mm) status=ok
09:46:46 [info     ] worker.progress                done=680 error=85 skipped=0
09:47:16 [info     ] capture.done                   delivery=100 lamination=Matte Lamination (Front) paper=Gloss Art Paper 150gsm - Best Seller prices=52 product=21 size=3xA4 (297mm x 630mm) status=ok
09:47:43 [info     ] capture.done                   delivery=99 lamination=Matte Lamination (Both) paper=Gloss Art Paper 150gsm - Best Seller prices=52 product=21 size=3xA4 (297mm x 630mm) status=ok
09:48:16 [info     ] capture.done                   delivery=98 lamination=Matte Lamination (Both) paper=Gloss Art Paper 150gsm - Best Seller prices=52 product=21 size=3xA4 (297mm x 630mm) status=ok
09:48:46 [info     ] capture.done                   delivery=96 lamination=Matte Lamination (Both) paper=Gloss Art Paper 150gsm - Best Seller prices=52 product=21 size=3xA4 (297mm x 630mm) status=ok
09:49:12 [info     ] capture.done                   delivery=100 lamination=Matte Lamination (Both) paper=Gloss Art Paper 150gsm - Best Seller prices=52 product=21 size=3xA4 (297mm x 630mm) status=ok
09:49:39 [info     ] capture.done                   delivery=99 lamination=Gloss Lamination (Front) paper=Gloss Art Paper 150gsm - Best Seller prices=52 product=21 size=3xA4 (297mm x 630mm) status=ok
09:50:12 [info     ] capture.done                   delivery=98 lamination=Gloss Lamination (Front) paper=Gloss Art Paper 150gsm - Best Seller prices=52 product=21 size=3xA4 (297mm x 630mm) status=ok
09:50:43 [info     ] capture.done                   delivery=96 lamination=Gloss Lamination (Front) paper=Gloss Art Paper 150gsm - Best Seller prices=52 product=21 size=3xA4 (297mm x 630mm) status=ok
09:51:11 [info     ] capture.done                   delivery=100 lamination=Gloss Lamination (Front) paper=Gloss Art Paper 150gsm - Best Seller prices=52 product=21 size=3xA4 (297mm x 630mm) status=ok
09:51:38 [info     ] capture.done                   delivery=99 lamination=Gloss Lamination (Both) paper=Gloss Art Paper 150gsm - Best Seller prices=52 product=21 size=3xA4 (297mm x 630mm) status=ok
09:51:38 [info     ] worker.progress                done=690 error=85 skipped=0
09:52:11 [info     ] capture.done                   delivery=98 lamination=Gloss Lamination (Both) paper=Gloss Art Paper 150gsm - Best Seller prices=52 product=21 size=3xA4 (297mm x 630mm) status=ok
09:52:41 [info     ] capture.done                   delivery=96 lamination=Gloss Lamination (Both) paper=Gloss Art Paper 150gsm - Best Seller prices=52 product=21 size=3xA4 (297mm x 630mm) status=ok
09:53:11 [info     ] capture.done                   delivery=100 lamination=Gloss Lamination (Both) paper=Gloss Art Paper 150gsm - Best Seller prices=52 product=21 size=3xA4 (297mm x 630mm) status=ok
09:53:40 [info     ] capture.done                   delivery=99 lamination=UV Varnish (Front) paper=Gloss Art Paper 150gsm - Best Seller prices=52 product=21 size=3xA4 (297mm x 630mm) status=ok
09:54:14 [info     ] capture.done                   delivery=98 lamination=UV Varnish (Front) paper=Gloss Art Paper 150gsm - Best Seller prices=52 product=21 size=3xA4 (297mm x 630mm) status=ok
09:54:42 [info     ] capture.done                   delivery=96 lamination=UV Varnish (Front) paper=Gloss Art Paper 150gsm - Best Seller prices=52 product=21 size=3xA4 (297mm x 630mm) status=ok
09:55:13 [info     ] capture.done                   delivery=100 lamination=UV Varnish (Front) paper=Gloss Art Paper 150gsm - Best Seller prices=52 product=21 size=3xA4 (297mm x 630mm) status=ok
09:55:36 [info     ] capture.done                   delivery=99 lamination=None paper=Matte Art Paper 130gsm - Best Seller prices=52 product=21 size=3xA4 (297mm x 630mm) status=ok
09:56:04 [info     ] capture.done                   delivery=98 lamination=None paper=Matte Art Paper 130gsm - Best Seller prices=52 product=21 size=3xA4 (297mm x 630mm) status=ok
09:56:31 [info     ] capture.done                   delivery=96 lamination=None paper=Matte Art Paper 130gsm - Best Seller prices=52 product=21 size=3xA4 (297mm x 630mm) status=ok
09:56:31 [info     ] worker.progress                done=700 error=85 skipped=0
09:56:56 [info     ] capture.done                   delivery=100 lamination=None paper=Matte Art Paper 130gsm - Best Seller prices=52 product=21 size=3xA4 (297mm x 630mm) status=ok
09:57:26 [info     ] capture.done                   delivery=99 lamination=Matte Lamination (Front) paper=Gloss Art Card 230gsm (2 sides coated) prices=88 product=21 size=3xA4 (297mm x 630mm) status=ok
09:58:04 [info     ] capture.done                   delivery=98 lamination=Matte Lamination (Front) paper=Gloss Art Card 230gsm (2 sides coated) prices=88 product=21 size=3xA4 (297mm x 630mm) status=ok
09:58:32 [info     ] capture.done                   delivery=96 lamination=Matte Lamination (Front) paper=Gloss Art Card 230gsm (2 sides coated) prices=88 product=21 size=3xA4 (297mm x 630mm) status=ok
09:59:02 [info     ] capture.done                   delivery=100 lamination=Matte Lamination (Front) paper=Gloss Art Card 230gsm (2 sides coated) prices=88 product=21 size=3xA4 (297mm x 630mm) status=ok
09:59:30 [info     ] capture.done                   delivery=99 lamination=Matte Lamination (Both) paper=Gloss Art Card 230gsm (2 sides coated) prices=88 product=21 size=3xA4 (297mm x 630mm) status=ok
10:00:05 [info     ] capture.done                   delivery=98 lamination=Matte Lamination (Both) paper=Gloss Art Card 230gsm (2 sides coated) prices=88 product=21 size=3xA4 (297mm x 630mm) status=ok
10:00:33 [info     ] capture.done                   delivery=96 lamination=Matte Lamination (Both) paper=Gloss Art Card 230gsm (2 sides coated) prices=88 product=21 size=3xA4 (297mm x 630mm) status=ok
10:01:02 [info     ] capture.done                   delivery=100 lamination=Matte Lamination (Both) paper=Gloss Art Card 230gsm (2 sides coated) prices=88 product=21 size=3xA4 (297mm x 630mm) status=ok
10:01:30 [info     ] capture.done                   delivery=99 lamination=Gloss Lamination (Front) paper=Gloss Art Card 230gsm (2 sides coated) prices=88 product=21 size=3xA4 (297mm x 630mm) status=ok
10:01:31 [info     ] worker.progress                done=710 error=85 skipped=0
10:02:06 [info     ] capture.done                   delivery=98 lamination=Gloss Lamination (Front) paper=Gloss Art Card 230gsm (2 sides coated) prices=88 product=21 size=3xA4 (297mm x 630mm) status=ok
10:02:37 [info     ] capture.done                   delivery=96 lamination=Gloss Lamination (Front) paper=Gloss Art Card 230gsm (2 sides coated) prices=88 product=21 size=3xA4 (297mm x 630mm) status=ok
10:03:03 [info     ] capture.done                   delivery=100 lamination=Gloss Lamination (Front) paper=Gloss Art Card 230gsm (2 sides coated) prices=88 product=21 size=3xA4 (297mm x 630mm) status=ok
10:03:31 [info     ] capture.done                   delivery=99 lamination=Gloss Lamination (Both) paper=Gloss Art Card 230gsm (2 sides coated) prices=88 product=21 size=3xA4 (297mm x 630mm) status=ok
10:04:07 [info     ] capture.done                   delivery=98 lamination=Gloss Lamination (Both) paper=Gloss Art Card 230gsm (2 sides coated) prices=88 product=21 size=3xA4 (297mm x 630mm) status=ok
10:04:36 [info     ] capture.done                   delivery=96 lamination=Gloss Lamination (Both) paper=Gloss Art Card 230gsm (2 sides coated) prices=88 product=21 size=3xA4 (297mm x 630mm) status=ok
10:05:05 [info     ] capture.done                   delivery=100 lamination=Gloss Lamination (Both) paper=Gloss Art Card 230gsm (2 sides coated) prices=88 product=21 size=3xA4 (297mm x 630mm) status=ok
10:05:34 [info     ] capture.done                   delivery=99 lamination=UV Varnish (Front) paper=Gloss Art Card 230gsm (2 sides coated) prices=88 product=21 size=3xA4 (297mm x 630mm) status=ok
10:06:09 [info     ] capture.done                   delivery=98 lamination=UV Varnish (Front) paper=Gloss Art Card 230gsm (2 sides coated) prices=88 product=21 size=3xA4 (297mm x 630mm) status=ok
10:06:36 [info     ] capture.done                   delivery=96 lamination=UV Varnish (Front) paper=Gloss Art Card 230gsm (2 sides coated) prices=88 product=21 size=3xA4 (297mm x 630mm) status=ok
10:06:36 [info     ] worker.progress                done=720 error=85 skipped=0
10:07:04 [info     ] capture.done                   delivery=100 lamination=UV Varnish (Front) paper=Gloss Art Card 230gsm (2 sides coated) prices=88 product=21 size=3xA4 (297mm x 630mm) status=ok
10:07:33 [info     ] capture.done                   delivery=99 lamination=UV Varnish (Both) paper=Gloss Art Card 230gsm (2 sides coated) prices=88 product=21 size=3xA4 (297mm x 630mm) status=ok
10:08:12 [info     ] capture.done                   delivery=98 lamination=UV Varnish (Both) paper=Gloss Art Card 230gsm (2 sides coated) prices=88 product=21 size=3xA4 (297mm x 630mm) status=ok
10:08:41 [info     ] capture.done                   delivery=96 lamination=UV Varnish (Both) paper=Gloss Art Card 230gsm (2 sides coated) prices=88 product=21 size=3xA4 (297mm x 630mm) status=ok
10:09:13 [info     ] capture.done                   delivery=100 lamination=UV Varnish (Both) paper=Gloss Art Card 230gsm (2 sides coated) prices=88 product=21 size=3xA4 (297mm x 630mm) status=ok
10:09:42 [info     ] capture.done                   delivery=99 lamination=Gloss Waterbase Varnish (Front) paper=Gloss Art Card 230gsm (2 sides coated) prices=88 product=21 size=3xA4 (297mm x 630mm) status=ok
10:10:19 [info     ] capture.done                   delivery=98 lamination=Gloss Waterbase Varnish (Front) paper=Gloss Art Card 230gsm (2 sides coated) prices=88 product=21 size=3xA4 (297mm x 630mm) status=ok
10:10:50 [info     ] capture.done                   delivery=96 lamination=Gloss Waterbase Varnish (Front) paper=Gloss Art Card 230gsm (2 sides coated) prices=88 product=21 size=3xA4 (297mm x 630mm) status=ok
10:11:23 [info     ] capture.done                   delivery=100 lamination=Gloss Waterbase Varnish (Front) paper=Gloss Art Card 230gsm (2 sides coated) prices=88 product=21 size=3xA4 (297mm x 630mm) status=ok
10:11:53 [info     ] capture.done                   delivery=99 lamination=Matte Lamination (Front) paper=Gloss Art Card 250gsm (2 sides coated) - Best Seller prices=140 product=21 size=3xA4 (297mm x 630mm) status=ok
10:11:53 [info     ] worker.progress                done=730 error=85 skipped=0
10:12:35 [info     ] capture.done                   delivery=98 lamination=Matte Lamination (Front) paper=Gloss Art Card 250gsm (2 sides coated) - Best Seller prices=140 product=21 size=3xA4 (297mm x 630mm) status=ok
10:13:05 [info     ] capture.done                   delivery=96 lamination=Matte Lamination (Front) paper=Gloss Art Card 250gsm (2 sides coated) - Best Seller prices=140 product=21 size=3xA4 (297mm x 630mm) status=ok
10:13:36 [info     ] capture.done                   delivery=100 lamination=Matte Lamination (Front) paper=Gloss Art Card 250gsm (2 sides coated) - Best Seller prices=140 product=21 size=3xA4 (297mm x 630mm) status=ok
10:14:05 [info     ] capture.done                   delivery=99 lamination=Matte Lamination (Both) paper=Gloss Art Card 250gsm (2 sides coated) - Best Seller prices=140 product=21 size=3xA4 (297mm x 630mm) status=ok
10:14:50 [info     ] capture.done                   delivery=98 lamination=Matte Lamination (Both) paper=Gloss Art Card 250gsm (2 sides coated) - Best Seller prices=140 product=21 size=3xA4 (297mm x 630mm) status=ok
10:15:20 [info     ] capture.done                   delivery=96 lamination=Matte Lamination (Both) paper=Gloss Art Card 250gsm (2 sides coated) - Best Seller prices=140 product=21 size=3xA4 (297mm x 630mm) status=ok
10:15:49 [info     ] capture.done                   delivery=100 lamination=Matte Lamination (Both) paper=Gloss Art Card 250gsm (2 sides coated) - Best Seller prices=140 product=21 size=3xA4 (297mm x 630mm) status=ok
10:16:21 [info     ] capture.done                   delivery=99 lamination=Gloss Lamination (Front) paper=Gloss Art Card 250gsm (2 sides coated) - Best Seller prices=140 product=21 size=3xA4 (297mm x 630mm) status=ok
10:17:06 [info     ] capture.done                   delivery=98 lamination=Gloss Lamination (Front) paper=Gloss Art Card 250gsm (2 sides coated) - Best Seller prices=140 product=21 size=3xA4 (297mm x 630mm) status=ok
10:17:34 [info     ] capture.done                   delivery=96 lamination=Gloss Lamination (Front) paper=Gloss Art Card 250gsm (2 sides coated) - Best Seller prices=140 product=21 size=3xA4 (297mm x 630mm) status=ok
10:17:34 [info     ] worker.progress                done=740 error=85 skipped=0
10:18:02 [info     ] capture.done                   delivery=100 lamination=Gloss Lamination (Front) paper=Gloss Art Card 250gsm (2 sides coated) - Best Seller prices=140 product=21 size=3xA4 (297mm x 630mm) status=ok
10:18:35 [info     ] capture.done                   delivery=99 lamination=Gloss Lamination (Both) paper=Gloss Art Card 250gsm (2 sides coated) - Best Seller prices=140 product=21 size=3xA4 (297mm x 630mm) status=ok
10:19:15 [info     ] capture.done                   delivery=98 lamination=Gloss Lamination (Both) paper=Gloss Art Card 250gsm (2 sides coated) - Best Seller prices=140 product=21 size=3xA4 (297mm x 630mm) status=ok
10:19:45 [info     ] capture.done                   delivery=96 lamination=Gloss Lamination (Both) paper=Gloss Art Card 250gsm (2 sides coated) - Best Seller prices=140 product=21 size=3xA4 (297mm x 630mm) status=ok
10:20:15 [info     ] capture.done                   delivery=100 lamination=Gloss Lamination (Both) paper=Gloss Art Card 250gsm (2 sides coated) - Best Seller prices=140 product=21 size=3xA4 (297mm x 630mm) status=ok
10:20:47 [info     ] capture.done                   delivery=99 lamination=UV Varnish (Front) paper=Gloss Art Card 250gsm (2 sides coated) - Best Seller prices=140 product=21 size=3xA4 (297mm x 630mm) status=ok
10:21:28 [info     ] capture.done                   delivery=98 lamination=UV Varnish (Front) paper=Gloss Art Card 250gsm (2 sides coated) - Best Seller prices=140 product=21 size=3xA4 (297mm x 630mm) status=ok
10:21:59 [info     ] capture.done                   delivery=96 lamination=UV Varnish (Front) paper=Gloss Art Card 250gsm (2 sides coated) - Best Seller prices=140 product=21 size=3xA4 (297mm x 630mm) status=ok
10:22:26 [info     ] capture.done                   delivery=100 lamination=UV Varnish (Front) paper=Gloss Art Card 250gsm (2 sides coated) - Best Seller prices=140 product=21 size=3xA4 (297mm x 630mm) status=ok
10:22:56 [info     ] capture.done                   delivery=99 lamination=UV Varnish (Both) paper=Gloss Art Card 250gsm (2 sides coated) - Best Seller prices=140 product=21 size=3xA4 (297mm x 630mm) status=ok
10:22:56 [info     ] worker.progress                done=750 error=85 skipped=0
10:23:38 [info     ] capture.done                   delivery=98 lamination=UV Varnish (Both) paper=Gloss Art Card 250gsm (2 sides coated) - Best Seller prices=140 product=21 size=3xA4 (297mm x 630mm) status=ok
10:24:08 [info     ] capture.done                   delivery=96 lamination=UV Varnish (Both) paper=Gloss Art Card 250gsm (2 sides coated) - Best Seller prices=140 product=21 size=3xA4 (297mm x 630mm) status=ok
10:24:37 [info     ] capture.done                   delivery=100 lamination=UV Varnish (Both) paper=Gloss Art Card 250gsm (2 sides coated) - Best Seller prices=140 product=21 size=3xA4 (297mm x 630mm) status=ok
10:25:06 [info     ] capture.done                   delivery=99 lamination=Gloss Waterbase Varnish (Front) paper=Gloss Art Card 250gsm (2 sides coated) - Best Seller prices=140 product=21 size=3xA4 (297mm x 630mm) status=ok
10:25:50 [info     ] capture.done                   delivery=98 lamination=Gloss Waterbase Varnish (Front) paper=Gloss Art Card 250gsm (2 sides coated) - Best Seller prices=140 product=21 size=3xA4 (297mm x 630mm) status=ok
10:26:20 [info     ] capture.done                   delivery=96 lamination=Gloss Waterbase Varnish (Front) paper=Gloss Art Card 250gsm (2 sides coated) - Best Seller prices=140 product=21 size=3xA4 (297mm x 630mm) status=ok
10:26:49 [info     ] capture.done                   delivery=100 lamination=Gloss Waterbase Varnish (Front) paper=Gloss Art Card 250gsm (2 sides coated) - Best Seller prices=140 product=21 size=3xA4 (297mm x 630mm) status=ok
10:27:21 [info     ] capture.done                   delivery=99 lamination=Matte Lamination (Front) paper=Gloss Art Card 310gsm (2 sides coated) prices=88 product=21 size=3xA4 (297mm x 630mm) status=ok
10:27:58 [info     ] capture.done                   delivery=98 lamination=Matte Lamination (Front) paper=Gloss Art Card 310gsm (2 sides coated) prices=88 product=21 size=3xA4 (297mm x 630mm) status=ok
10:28:25 [info     ] capture.done                   delivery=96 lamination=Matte Lamination (Front) paper=Gloss Art Card 310gsm (2 sides coated) prices=88 product=21 size=3xA4 (297mm x 630mm) status=ok
10:28:25 [info     ] worker.progress                done=760 error=85 skipped=0
10:28:55 [info     ] capture.done                   delivery=100 lamination=Matte Lamination (Front) paper=Gloss Art Card 310gsm (2 sides coated) prices=88 product=21 size=3xA4 (297mm x 630mm) status=ok
10:29:26 [info     ] capture.done                   delivery=99 lamination=Matte Lamination (Both) paper=Gloss Art Card 310gsm (2 sides coated) prices=88 product=21 size=3xA4 (297mm x 630mm) status=ok
10:30:04 [info     ] capture.done                   delivery=98 lamination=Matte Lamination (Both) paper=Gloss Art Card 310gsm (2 sides coated) prices=88 product=21 size=3xA4 (297mm x 630mm) status=ok
10:30:35 [info     ] capture.done                   delivery=96 lamination=Matte Lamination (Both) paper=Gloss Art Card 310gsm (2 sides coated) prices=88 product=21 size=3xA4 (297mm x 630mm) status=ok
10:31:04 [info     ] capture.done                   delivery=100 lamination=Matte Lamination (Both) paper=Gloss Art Card 310gsm (2 sides coated) prices=88 product=21 size=3xA4 (297mm x 630mm) status=ok
10:31:34 [error    ] capture.error                  error=TimeoutError('Page.goto: Timeout 30000ms exceeded.\nCall log:\n  - navigating to "https://www.excard.com.my/price-list/Litho/21", waiting until "domcontentloaded"\n') product=21
10:32:08 [error    ] capture.error                  error=TimeoutError('Page.goto: Timeout 30000ms exceeded.\nCall log:\n  - navigating to "https://www.excard.com.my/price-list/Litho/21", waiting until "domcontentloaded"\n') product=21
10:32:40 [error    ] capture.error                  error=TimeoutError('Page.goto: Timeout 30000ms exceeded.\nCall log:\n  - navigating to "https://www.excard.com.my/price-list/Litho/21", waiting until "domcontentloaded"\n') product=21
10:33:11 [error    ] capture.error                  error=TimeoutError('Page.goto: Timeout 30000ms exceeded.\nCall log:\n  - navigating to "https://www.excard.com.my/price-list/Litho/21", waiting until "domcontentloaded"\n') product=21
10:33:44 [error    ] capture.error                  error=TimeoutError('Page.goto: Timeout 30000ms exceeded.\nCall log:\n  - navigating to "https://www.excard.com.my/price-list/Litho/21", waiting until "domcontentloaded"\n') product=21
10:34:16 [error    ] capture.error                  error=TimeoutError('Page.goto: Timeout 30000ms exceeded.\nCall log:\n  - navigating to "https://www.excard.com.my/price-list/Litho/21", waiting until "domcontentloaded"\n') product=21
10:34:48 [error    ] capture.error                  error=TimeoutError('Page.goto: Timeout 30000ms exceeded.\nCall log:\n  - navigating to "https://www.excard.com.my/price-list/Litho/21", waiting until "domcontentloaded"\n') product=21
10:35:19 [error    ] capture.error                  error=TimeoutError('Page.goto: Timeout 30000ms exceeded.\nCall log:\n  - navigating to "https://www.excard.com.my/price-list/Litho/21", waiting until "domcontentloaded"\n') product=21
10:35:53 [error    ] capture.error                  error=TimeoutError('Page.goto: Timeout 30000ms exceeded.\nCall log:\n  - navigating to "https://www.excard.com.my/price-list/Litho/21", waiting until "domcontentloaded"\n') product=21
10:36:24 [error    ] capture.error                  error=TimeoutError('Page.goto: Timeout 30000ms exceeded.\nCall log:\n  - navigating to "https://www.excard.com.my/price-list/Litho/21", waiting until "domcontentloaded"\n') product=21
10:36:58 [error    ] capture.error                  error=TimeoutError('Page.goto: Timeout 30000ms exceeded.\nCall log:\n  - navigating to "https://www.excard.com.my/price-list/Litho/21", waiting until "domcontentloaded"\n') product=21
10:37:30 [error    ] capture.error                  error=TimeoutError('Page.goto: Timeout 30000ms exceeded.\nCall log:\n  - navigating to "https://www.excard.com.my/price-list/Litho/21", waiting until "domcontentloaded"\n') product=21
10:38:02 [error    ] capture.error                  error=TimeoutError('Page.goto: Timeout 30000ms exceeded.\nCall log:\n  - navigating to "https://www.excard.com.my/price-list/Litho/21", waiting until "domcontentloaded"\n') product=21
10:38:35 [error    ] capture.error                  error=TimeoutError('Page.goto: Timeout 30000ms exceeded.\nCall log:\n  - navigating to "https://www.excard.com.my/price-list/Litho/21", waiting until "domcontentloaded"\n') product=21
10:39:08 [error    ] capture.error                  error=TimeoutError('Page.goto: Timeout 30000ms exceeded.\nCall log:\n  - navigating to "https://www.excard.com.my/price-list/Litho/21", waiting until "domcontentloaded"\n') product=21
10:39:40 [error    ] capture.error                  error=TimeoutError('Page.goto: Timeout 30000ms exceeded.\nCall log:\n  - navigating to "https://www.excard.com.my/price-list/Litho/21", waiting until "domcontentloaded"\n') product=21
10:40:13 [error    ] capture.error                  error=TimeoutError('Page.goto: Timeout 30000ms exceeded.\nCall log:\n  - navigating to "https://www.excard.com.my/price-list/Litho/21", waiting until "domcontentloaded"\n') product=21
10:40:45 [error    ] capture.error                  error=TimeoutError('Page.goto: Timeout 30000ms exceeded.\nCall log:\n  - navigating to "https://www.excard.com.my/price-list/Litho/21", waiting until "domcontentloaded"\n') product=21
10:41:18 [error    ] capture.error                  error=TimeoutError('Page.goto: Timeout 30000ms exceeded.\nCall log:\n  - navigating to "https://www.excard.com.my/price-list/Litho/21", waiting until "domcontentloaded"\n') product=21
10:41:50 [error    ] capture.error                  error=TimeoutError('Page.goto: Timeout 30000ms exceeded.\nCall log:\n  - navigating to "https://www.excard.com.my/price-list/Litho/21", waiting until "domcontentloaded"\n') product=21
10:42:22 [error    ] capture.error                  error=TimeoutError('Page.goto: Timeout 30000ms exceeded.\nCall log:\n  - navigating to "https://www.excard.com.my/price-list/Litho/21", waiting until "domcontentloaded"\n') product=21
10:42:54 [error    ] capture.error                  error=TimeoutError('Page.goto: Timeout 30000ms exceeded.\nCall log:\n  - navigating to "https://www.excard.com.my/price-list/Litho/21", waiting until "domcontentloaded"\n') product=21
10:43:25 [error    ] capture.error                  error=TimeoutError('Page.goto: Timeout 30000ms exceeded.\nCall log:\n  - navigating to "https://www.excard.com.my/price-list/Litho/21", waiting until "domcontentloaded"\n') product=21
10:43:58 [error    ] capture.error                  error=TimeoutError('Page.goto: Timeout 30000ms exceeded.\nCall log:\n  - navigating to "https://www.excard.com.my/price-list/Litho/21", waiting until "domcontentloaded"\n') product=21
10:44:30 [error    ] capture.error                  error=TimeoutError('Page.goto: Timeout 30000ms exceeded.\nCall log:\n  - navigating to "https://www.excard.com.my/price-list/Litho/21", waiting until "domcontentloaded"\n') product=21
10:45:02 [error    ] capture.error                  error=TimeoutError('Page.goto: Timeout 30000ms exceeded.\nCall log:\n  - navigating to "https://www.excard.com.my/price-list/Litho/21", waiting until "domcontentloaded"\n') product=21
10:45:34 [error    ] capture.error                  error=TimeoutError('Page.goto: Timeout 30000ms exceeded.\nCall log:\n  - navigating to "https://www.excard.com.my/price-list/Litho/21", waiting until "domcontentloaded"\n') product=21
10:46:07 [error    ] capture.error                  error=TimeoutError('Page.goto: Timeout 30000ms exceeded.\nCall log:\n  - navigating to "https://www.excard.com.my/price-list/Litho/21", waiting until "domcontentloaded"\n') product=21
10:46:38 [error    ] capture.error                  error=TimeoutError('Page.goto: Timeout 30000ms exceeded.\nCall log:\n  - navigating to "https://www.excard.com.my/price-list/Litho/21", waiting until "domcontentloaded"\n') product=21
10:47:11 [error    ] capture.error                  error=TimeoutError('Page.goto: Timeout 30000ms exceeded.\nCall log:\n  - navigating to "https://www.excard.com.my/price-list/Litho/21", waiting until "domcontentloaded"\n') product=21
10:47:44 [error    ] capture.error                  error=TimeoutError('Page.goto: Timeout 30000ms exceeded.\nCall log:\n  - navigating to "https://www.excard.com.my/price-list/Litho/21", waiting until "domcontentloaded"\n') product=21
10:48:17 [error    ] capture.error                  error=TimeoutError('Page.goto: Timeout 30000ms exceeded.\nCall log:\n  - navigating to "https://www.excard.com.my/price-list/Litho/21", waiting until "domcontentloaded"\n') product=21
10:48:49 [error    ] capture.error                  error=TimeoutError('Page.goto: Timeout 30000ms exceeded.\nCall log:\n  - navigating to "https://www.excard.com.my/price-list/Litho/21", waiting until "domcontentloaded"\n') product=21
10:49:22 [error    ] capture.error                  error=TimeoutError('Page.goto: Timeout 30000ms exceeded.\nCall log:\n  - navigating to "https://www.excard.com.my/price-list/Litho/21", waiting until "domcontentloaded"\n') product=21
10:49:55 [error    ] capture.error                  error=TimeoutError('Page.goto: Timeout 30000ms exceeded.\nCall log:\n  - navigating to "https://www.excard.com.my/price-list/Litho/21", waiting until "domcontentloaded"\n') product=21
10:50:27 [error    ] capture.error                  error=TimeoutError('Page.goto: Timeout 30000ms exceeded.\nCall log:\n  - navigating to "https://www.excard.com.my/price-list/Litho/21", waiting until "domcontentloaded"\n') product=21
10:51:00 [error    ] capture.error                  error=TimeoutError('Page.goto: Timeout 30000ms exceeded.\nCall log:\n  - navigating to "https://www.excard.com.my/price-list/Litho/21", waiting until "domcontentloaded"\n') product=21
10:51:33 [error    ] capture.error                  error=TimeoutError('Page.goto: Timeout 30000ms exceeded.\nCall log:\n  - navigating to "https://www.excard.com.my/price-list/Litho/21", waiting until "domcontentloaded"\n') product=21
10:52:05 [error    ] capture.error                  error=TimeoutError('Page.goto: Timeout 30000ms exceeded.\nCall log:\n  - navigating to "https://www.excard.com.my/price-list/Litho/21", waiting until "domcontentloaded"\n') product=21
10:52:38 [error    ] capture.error                  error=TimeoutError('Page.goto: Timeout 30000ms exceeded.\nCall log:\n  - navigating to "https://www.excard.com.my/price-list/Litho/21", waiting until "domcontentloaded"\n') product=21
10:53:10 [error    ] capture.error                  error=TimeoutError('Page.goto: Timeout 30000ms exceeded.\nCall log:\n  - navigating to "https://www.excard.com.my/price-list/Litho/21", waiting until "domcontentloaded"\n') product=21
10:53:43 [error    ] capture.error                  error=TimeoutError('Page.goto: Timeout 30000ms exceeded.\nCall log:\n  - navigating to "https://www.excard.com.my/price-list/Litho/21", waiting until "domcontentloaded"\n') product=21
10:54:15 [error    ] capture.error                  error=TimeoutError('Page.goto: Timeout 30000ms exceeded.\nCall log:\n  - navigating to "https://www.excard.com.my/price-list/Litho/21", waiting until "domcontentloaded"\n') product=21
10:54:49 [error    ] capture.error                  error=TimeoutError('Page.goto: Timeout 30000ms exceeded.\nCall log:\n  - navigating to "https://www.excard.com.my/price-list/Litho/21", waiting until "domcontentloaded"\n') product=21
10:55:22 [error    ] capture.error                  error=TimeoutError('Page.goto: Timeout 30000ms exceeded.\nCall log:\n  - navigating to "https://www.excard.com.my/price-list/Litho/21", waiting until "domcontentloaded"\n') product=21
10:55:54 [error    ] capture.error                  error=TimeoutError('Page.goto: Timeout 30000ms exceeded.\nCall log:\n  - navigating to "https://www.excard.com.my/price-list/Litho/21", waiting until "domcontentloaded"\n') product=21
10:56:26 [error    ] capture.error                  error=TimeoutError('Page.goto: Timeout 30000ms exceeded.\nCall log:\n  - navigating to "https://www.excard.com.my/price-list/Litho/21", waiting until "domcontentloaded"\n') product=21
10:56:58 [error    ] capture.error                  error=TimeoutError('Page.goto: Timeout 30000ms exceeded.\nCall log:\n  - navigating to "https://www.excard.com.my/price-list/Litho/21", waiting until "domcontentloaded"\n') product=21
10:57:31 [error    ] capture.error                  error=TimeoutError('Page.goto: Timeout 30000ms exceeded.\nCall log:\n  - navigating to "https://www.excard.com.my/price-list/Litho/21", waiting until "domcontentloaded"\n') product=21
10:58:04 [error    ] capture.error                  error=TimeoutError('Page.goto: Timeout 30000ms exceeded.\nCall log:\n  - navigating to "https://www.excard.com.my/price-list/Litho/21", waiting until "domcontentloaded"\n') product=21
10:58:37 [error    ] capture.error                  error=TimeoutError('Page.goto: Timeout 30000ms exceeded.\nCall log:\n  - navigating to "https://www.excard.com.my/price-list/Litho/21", waiting until "domcontentloaded"\n') product=21
10:59:10 [error    ] capture.error                  error=TimeoutError('Page.goto: Timeout 30000ms exceeded.\nCall log:\n  - navigating to "https://www.excard.com.my/price-list/Litho/21", waiting until "domcontentloaded"\n') product=21
10:59:43 [error    ] capture.error                  error=TimeoutError('Page.goto: Timeout 30000ms exceeded.\nCall log:\n  - navigating to "https://www.excard.com.my/price-list/Litho/21", waiting until "domcontentloaded"\n') product=21
11:00:15 [error    ] capture.error                  error=TimeoutError('Page.goto: Timeout 30000ms exceeded.\nCall log:\n  - navigating to "https://www.excard.com.my/price-list/Litho/21", waiting until "domcontentloaded"\n') product=21
11:00:46 [error    ] capture.error                  error=TimeoutError('Page.goto: Timeout 30000ms exceeded.\nCall log:\n  - navigating to "https://www.excard.com.my/price-list/Litho/21", waiting until "domcontentloaded"\n') product=21
11:01:19 [error    ] capture.error                  error=TimeoutError('Page.goto: Timeout 30000ms exceeded.\nCall log:\n  - navigating to "https://www.excard.com.my/price-list/Litho/21", waiting until "domcontentloaded"\n') product=21
11:01:52 [error    ] capture.error                  error=TimeoutError('Page.goto: Timeout 30000ms exceeded.\nCall log:\n  - navigating to "https://www.excard.com.my/price-list/Litho/21", waiting until "domcontentloaded"\n') product=21
11:02:23 [error    ] capture.error                  error=TimeoutError('Page.goto: Timeout 30000ms exceeded.\nCall log:\n  - navigating to "https://www.excard.com.my/price-list/Litho/21", waiting until "domcontentloaded"\n') product=21
11:02:56 [error    ] capture.error                  error=TimeoutError('Page.goto: Timeout 30000ms exceeded.\nCall log:\n  - navigating to "https://www.excard.com.my/price-list/Litho/21", waiting until "domcontentloaded"\n') product=21
11:03:28 [error    ] capture.error                  error=TimeoutError('Page.goto: Timeout 30000ms exceeded.\nCall log:\n  - navigating to "https://www.excard.com.my/price-list/Litho/21", waiting until "domcontentloaded"\n') product=21
11:04:00 [error    ] capture.error                  error=TimeoutError('Page.goto: Timeout 30000ms exceeded.\nCall log:\n  - navigating to "https://www.excard.com.my/price-list/Litho/21", waiting until "domcontentloaded"\n') product=21
11:04:33 [error    ] capture.error                  error=TimeoutError('Page.goto: Timeout 30000ms exceeded.\nCall log:\n  - navigating to "https://www.excard.com.my/price-list/Litho/21", waiting until "domcontentloaded"\n') product=21
11:05:06 [error    ] capture.error                  error=TimeoutError('Page.goto: Timeout 30000ms exceeded.\nCall log:\n  - navigating to "https://www.excard.com.my/price-list/Litho/21", waiting until "domcontentloaded"\n') product=21
11:05:38 [error    ] capture.error                  error=TimeoutError('Page.goto: Timeout 30000ms exceeded.\nCall log:\n  - navigating to "https://www.excard.com.my/price-list/Litho/21", waiting until "domcontentloaded"\n') product=21
11:06:10 [error    ] capture.error                  error=TimeoutError('Page.goto: Timeout 30000ms exceeded.\nCall log:\n  - navigating to "https://www.excard.com.my/price-list/Litho/21", waiting until "domcontentloaded"\n') product=21
11:06:43 [error    ] capture.error                  error=TimeoutError('Page.goto: Timeout 30000ms exceeded.\nCall log:\n  - navigating to "https://www.excard.com.my/price-list/Litho/21", waiting until "domcontentloaded"\n') product=21
11:07:16 [error    ] capture.error                  error=TimeoutError('Page.goto: Timeout 30000ms exceeded.\nCall log:\n  - navigating to "https://www.excard.com.my/price-list/Litho/21", waiting until "domcontentloaded"\n') product=21
11:07:48 [error    ] capture.error                  error=TimeoutError('Page.goto: Timeout 30000ms exceeded.\nCall log:\n  - navigating to "https://www.excard.com.my/price-list/Litho/21", waiting until "domcontentloaded"\n') product=21
11:08:20 [error    ] capture.error                  error=TimeoutError('Page.goto: Timeout 30000ms exceeded.\nCall log:\n  - navigating to "https://www.excard.com.my/price-list/Litho/21", waiting until "domcontentloaded"\n') product=21
11:08:52 [error    ] capture.error                  error=TimeoutError('Page.goto: Timeout 30000ms exceeded.\nCall log:\n  - navigating to "https://www.excard.com.my/price-list/Litho/21", waiting until "domcontentloaded"\n') product=21
11:09:25 [error    ] capture.error                  error=TimeoutError('Page.goto: Timeout 30000ms exceeded.\nCall log:\n  - navigating to "https://www.excard.com.my/price-list/Litho/21", waiting until "domcontentloaded"\n') product=21
11:09:58 [error    ] capture.error                  error=TimeoutError('Page.goto: Timeout 30000ms exceeded.\nCall log:\n  - navigating to "https://www.excard.com.my/price-list/Litho/21", waiting until "domcontentloaded"\n') product=21
11:10:30 [error    ] capture.error                  error=TimeoutError('Page.goto: Timeout 30000ms exceeded.\nCall log:\n  - navigating to "https://www.excard.com.my/price-list/Litho/21", waiting until "domcontentloaded"\n') product=21
11:11:02 [error    ] capture.error                  error=TimeoutError('Page.goto: Timeout 30000ms exceeded.\nCall log:\n  - navigating to "https://www.excard.com.my/price-list/Litho/21", waiting until "domcontentloaded"\n') product=21
11:11:34 [error    ] capture.error                  error=TimeoutError('Page.goto: Timeout 30000ms exceeded.\nCall log:\n  - navigating to "https://www.excard.com.my/price-list/Litho/21", waiting until "domcontentloaded"\n') product=21
11:12:05 [error    ] capture.error                  error=TimeoutError('Page.goto: Timeout 30000ms exceeded.\nCall log:\n  - navigating to "https://www.excard.com.my/price-list/Litho/21", waiting until "domcontentloaded"\n') product=21
11:12:38 [error    ] capture.error                  error=TimeoutError('Page.goto: Timeout 30000ms exceeded.\nCall log:\n  - navigating to "https://www.excard.com.my/price-list/Litho/21", waiting until "domcontentloaded"\n') product=21
11:13:11 [error    ] capture.error                  error=TimeoutError('Page.goto: Timeout 30000ms exceeded.\nCall log:\n  - navigating to "https://www.excard.com.my/price-list/Litho/21", waiting until "domcontentloaded"\n') product=21
11:13:44 [error    ] capture.error                  error=TimeoutError('Page.goto: Timeout 30000ms exceeded.\nCall log:\n  - navigating to "https://www.excard.com.my/price-list/Litho/21", waiting until "domcontentloaded"\n') product=21
11:14:16 [error    ] capture.error                  error=TimeoutError('Page.goto: Timeout 30000ms exceeded.\nCall log:\n  - navigating to "https://www.excard.com.my/price-list/Litho/21", waiting until "domcontentloaded"\n') product=21
11:14:49 [error    ] capture.error                  error=TimeoutError('Page.goto: Timeout 30000ms exceeded.\nCall log:\n  - navigating to "https://www.excard.com.my/price-list/Litho/21", waiting until "domcontentloaded"\n') product=21
11:15:22 [error    ] capture.error                  error=TimeoutError('Page.goto: Timeout 30000ms exceeded.\nCall log:\n  - navigating to "https://www.excard.com.my/price-list/Litho/21", waiting until "domcontentloaded"\n') product=21
11:15:54 [error    ] capture.error                  error=TimeoutError('Page.goto: Timeout 30000ms exceeded.\nCall log:\n  - navigating to "https://www.excard.com.my/price-list/Litho/21", waiting until "domcontentloaded"\n') product=21
11:16:27 [error    ] capture.error                  error=TimeoutError('Page.goto: Timeout 30000ms exceeded.\nCall log:\n  - navigating to "https://www.excard.com.my/price-list/Litho/21", waiting until "domcontentloaded"\n') product=21
11:16:59 [error    ] capture.error                  error=TimeoutError('Page.goto: Timeout 30000ms exceeded.\nCall log:\n  - navigating to "https://www.excard.com.my/price-list/Litho/21", waiting until "domcontentloaded"\n') product=21
11:17:32 [error    ] capture.error                  error=TimeoutError('Page.goto: Timeout 30000ms exceeded.\nCall log:\n  - navigating to "https://www.excard.com.my/price-list/Litho/21", waiting until "domcontentloaded"\n') product=21
11:18:05 [error    ] capture.error                  error=TimeoutError('Page.goto: Timeout 30000ms exceeded.\nCall log:\n  - navigating to "https://www.excard.com.my/price-list/Litho/21", waiting until "domcontentloaded"\n') product=21
11:18:37 [error    ] capture.error                  error=TimeoutError('Page.goto: Timeout 30000ms exceeded.\nCall log:\n  - navigating to "https://www.excard.com.my/price-list/Litho/21", waiting until "domcontentloaded"\n') product=21
11:19:09 [error    ] capture.error                  error=TimeoutError('Page.goto: Timeout 30000ms exceeded.\nCall log:\n  - navigating to "https://www.excard.com.my/price-list/Litho/21", waiting until "domcontentloaded"\n') product=21
11:19:41 [error    ] capture.error                  error=TimeoutError('Page.goto: Timeout 30000ms exceeded.\nCall log:\n  - navigating to "https://www.excard.com.my/price-list/Litho/21", waiting until "domcontentloaded"\n') product=21
11:20:14 [error    ] capture.error                  error=TimeoutError('Page.goto: Timeout 30000ms exceeded.\nCall log:\n  - navigating to "https://www.excard.com.my/price-list/Litho/21", waiting until "domcontentloaded"\n') product=21
11:20:46 [error    ] capture.error                  error=TimeoutError('Page.goto: Timeout 30000ms exceeded.\nCall log:\n  - navigating to "https://www.excard.com.my/price-list/Litho/21", waiting until "domcontentloaded"\n') product=21
11:21:18 [error    ] capture.error                  error=TimeoutError('Page.goto: Timeout 30000ms exceeded.\nCall log:\n  - navigating to "https://www.excard.com.my/price-list/Litho/21", waiting until "domcontentloaded"\n') product=21
11:21:50 [error    ] capture.error                  error=TimeoutError('Page.goto: Timeout 30000ms exceeded.\nCall log:\n  - navigating to "https://www.excard.com.my/price-list/Litho/21", waiting until "domcontentloaded"\n') product=21
11:22:21 [error    ] capture.error                  error=TimeoutError('Page.goto: Timeout 30000ms exceeded.\nCall log:\n  - navigating to "https://www.excard.com.my/price-list/Litho/21", waiting until "domcontentloaded"\n') product=21
11:22:54 [error    ] capture.error                  error=TimeoutError('Page.goto: Timeout 30000ms exceeded.\nCall log:\n  - navigating to "https://www.excard.com.my/price-list/Litho/21", waiting until "domcontentloaded"\n') product=21
11:23:26 [error    ] capture.error                  error=TimeoutError('Page.goto: Timeout 30000ms exceeded.\nCall log:\n  - navigating to "https://www.excard.com.my/price-list/Litho/21", waiting until "domcontentloaded"\n') product=21
11:23:58 [error    ] capture.error                  error=TimeoutError('Page.goto: Timeout 30000ms exceeded.\nCall log:\n  - navigating to "https://www.excard.com.my/price-list/Litho/21", waiting until "domcontentloaded"\n') product=21
11:24:30 [error    ] capture.error                  error=TimeoutError('Page.goto: Timeout 30000ms exceeded.\nCall log:\n  - navigating to "https://www.excard.com.my/price-list/Litho/21", waiting until "domcontentloaded"\n') product=21
11:25:03 [error    ] capture.error                  error=TimeoutError('Page.goto: Timeout 30000ms exceeded.\nCall log:\n  - navigating to "https://www.excard.com.my/price-list/Litho/21", waiting until "domcontentloaded"\n') product=21
11:25:34 [error    ] capture.error                  error=TimeoutError('Page.goto: Timeout 30000ms exceeded.\nCall log:\n  - navigating to "https://www.excard.com.my/price-list/Litho/21", waiting until "domcontentloaded"\n') product=21
11:26:06 [error    ] capture.error                  error=TimeoutError('Page.goto: Timeout 30000ms exceeded.\nCall log:\n  - navigating to "https://www.excard.com.my/price-list/Litho/21", waiting until "domcontentloaded"\n') product=21
11:26:39 [error    ] capture.error                  error=TimeoutError('Page.goto: Timeout 30000ms exceeded.\nCall log:\n  - navigating to "https://www.excard.com.my/price-list/Litho/21", waiting until "domcontentloaded"\n') product=21
11:27:11 [error    ] capture.error                  error=TimeoutError('Page.goto: Timeout 30000ms exceeded.\nCall log:\n  - navigating to "https://www.excard.com.my/price-list/Litho/21", waiting until "domcontentloaded"\n') product=21
11:27:44 [error    ] capture.error                  error=TimeoutError('Page.goto: Timeout 30000ms exceeded.\nCall log:\n  - navigating to "https://www.excard.com.my/price-list/Litho/21", waiting until "domcontentloaded"\n') product=21
11:28:17 [error    ] capture.error                  error=TimeoutError('Page.goto: Timeout 30000ms exceeded.\nCall log:\n  - navigating to "https://www.excard.com.my/price-list/Litho/21", waiting until "domcontentloaded"\n') product=21
11:28:37 [info     ] crawl.start                    limit=None product=21 session=6 workers=1
11:28:50 [error    ] capture.error                  error=TimeoutError('Page.goto: Timeout 30000ms exceeded.\nCall log:\n  - navigating to "https://www.excard.com.my/price-list/Litho/21", waiting until "domcontentloaded"\n') product=21
11:28:54 [warning  ] browser.channel_unavailable    channel=msedge error=TargetClosedError
11:28:55 [info     ] browser.launched               channel=chrome headless=True
11:28:55 [info     ] login.start                    url=https://www.excard.com.my/login
11:29:08 [info     ] login.result                   ok=False url=https://www.excard.com.my/login
11:29:24 [error    ] capture.error                  error=TimeoutError('Page.goto: Timeout 30000ms exceeded.\nCall log:\n  - navigating to "https://www.excard.com.my/price-list/Litho/21", waiting until "domcontentloaded"\n') product=21
11:29:38 [error    ] capture.error                  error=TimeoutError('Page.goto: Timeout 30000ms exceeded.\nCall log:\n  - navigating to "https://www.excard.com.my/price-list/Litho/21", waiting until "domcontentloaded"\n') product=21
11:29:57 [error    ] capture.error                  error=TimeoutError('Page.goto: Timeout 30000ms exceeded.\nCall log:\n  - navigating to "https://www.excard.com.my/price-list/Litho/21", waiting until "domcontentloaded"\n') product=21
11:30:14 [error    ] capture.error                  error=TimeoutError('Page.goto: Timeout 30000ms exceeded.\nCall log:\n  - navigating to "https://www.excard.com.my/price-list/Litho/21", waiting until "domcontentloaded"\n') product=21
11:30:30 [error    ] capture.error                  error=TimeoutError('Page.goto: Timeout 30000ms exceeded.\nCall log:\n  - navigating to "https://www.excard.com.my/price-list/Litho/21", waiting until "domcontentloaded"\n') product=21
11:30:49 [error    ] capture.error                  error=TimeoutError('Page.goto: Timeout 30000ms exceeded.\nCall log:\n  - navigating to "https://www.excard.com.my/price-list/Litho/21", waiting until "domcontentloaded"\n') product=21
11:31:03 [error    ] capture.error                  error=TimeoutError('Page.goto: Timeout 30000ms exceeded.\nCall log:\n  - navigating to "https://www.excard.com.my/price-list/Litho/21", waiting until "domcontentloaded"\n') product=21
11:31:24 [error    ] capture.error                  error=TimeoutError('Page.goto: Timeout 30000ms exceeded.\nCall log:\n  - navigating to "https://www.excard.com.my/price-list/Litho/21", waiting until "domcontentloaded"\n') product=21
11:31:35 [error    ] capture.error                  error=TimeoutError('Page.goto: Timeout 30000ms exceeded.\nCall log:\n  - navigating to "https://www.excard.com.my/price-list/Litho/21", waiting until "domcontentloaded"\n') product=21
11:32:01 [error    ] capture.error                  error=TimeoutError('Page.goto: Timeout 30000ms exceeded.\nCall log:\n  - navigating to "https://www.excard.com.my/price-list/Litho/21", waiting until "domcontentloaded"\n') product=21
11:32:08 [error    ] capture.error                  error=TimeoutError('Page.goto: Timeout 30000ms exceeded.\nCall log:\n  - navigating to "https://www.excard.com.my/price-list/Litho/21", waiting until "domcontentloaded"\n') product=21
11:32:36 [error    ] capture.error                  error=TimeoutError('Page.goto: Timeout 30000ms exceeded.\nCall log:\n  - navigating to "https://www.excard.com.my/price-list/Litho/21", waiting until "domcontentloaded"\n') product=21
11:32:39 [error    ] capture.error                  error=TimeoutError('Page.goto: Timeout 30000ms exceeded.\nCall log:\n  - navigating to "https://www.excard.com.my/price-list/Litho/21", waiting until "domcontentloaded"\n') product=21
11:33:11 [error    ] capture.error                  error=TimeoutError('Page.goto: Timeout 30000ms exceeded.\nCall log:\n  - navigating to "https://www.excard.com.my/price-list/Litho/21", waiting until "domcontentloaded"\n') product=21
11:33:11 [error    ] capture.error                  error=TimeoutError('Page.goto: Timeout 30000ms exceeded.\nCall log:\n  - navigating to "https://www.excard.com.my/price-list/Litho/21", waiting until "domcontentloaded"\n') product=21
11:33:44 [error    ] capture.error                  error=TimeoutError('Page.goto: Timeout 30000ms exceeded.\nCall log:\n  - navigating to "https://www.excard.com.my/price-list/Litho/21", waiting until "domcontentloaded"\n') product=21
11:33:48 [error    ] capture.error                  error=TimeoutError('Page.goto: Timeout 30000ms exceeded.\nCall log:\n  - navigating to "https://www.excard.com.my/price-list/Litho/21", waiting until "domcontentloaded"\n') product=21
11:34:16 [error    ] capture.error                  error=TimeoutError('Page.goto: Timeout 30000ms exceeded.\nCall log:\n  - navigating to "https://www.excard.com.my/price-list/Litho/21", waiting until "domcontentloaded"\n') product=21
11:34:26 [error    ] capture.error                  error=TimeoutError('Page.goto: Timeout 30000ms exceeded.\nCall log:\n  - navigating to "https://www.excard.com.my/price-list/Litho/21", waiting until "domcontentloaded"\n') product=21
11:34:49 [error    ] capture.error                  error=TimeoutError('Page.goto: Timeout 30000ms exceeded.\nCall log:\n  - navigating to "https://www.excard.com.my/price-list/Litho/21", waiting until "domcontentloaded"\n') product=21
11:35:01 [error    ] capture.error                  error=TimeoutError('Page.goto: Timeout 30000ms exceeded.\nCall log:\n  - navigating to "https://www.excard.com.my/price-list/Litho/21", waiting until "domcontentloaded"\n') product=21
11:35:21 [error    ] capture.error                  error=TimeoutError('Page.goto: Timeout 30000ms exceeded.\nCall log:\n  - navigating to "https://www.excard.com.my/price-list/Litho/21", waiting until "domcontentloaded"\n') product=21
11:35:39 [error    ] capture.error                  error=TimeoutError('Page.goto: Timeout 30000ms exceeded.\nCall log:\n  - navigating to "https://www.excard.com.my/price-list/Litho/21", waiting until "domcontentloaded"\n') product=21
11:35:54 [error    ] capture.error                  error=TimeoutError('Page.goto: Timeout 30000ms exceeded.\nCall log:\n  - navigating to "https://www.excard.com.my/price-list/Litho/21", waiting until "domcontentloaded"\n') product=21
11:36:13 [error    ] capture.error                  error=TimeoutError('Page.goto: Timeout 30000ms exceeded.\nCall log:\n  - navigating to "https://www.excard.com.my/price-list/Litho/21", waiting until "domcontentloaded"\n') product=21
11:36:27 [error    ] capture.error                  error=TimeoutError('Page.goto: Timeout 30000ms exceeded.\nCall log:\n  - navigating to "https://www.excard.com.my/price-list/Litho/21", waiting until "domcontentloaded"\n') product=21
11:36:49 [error    ] capture.error                  error=TimeoutError('Page.goto: Timeout 30000ms exceeded.\nCall log:\n  - navigating to "https://www.excard.com.my/price-list/Litho/21", waiting until "domcontentloaded"\n') product=21
11:37:00 [error    ] capture.error                  error=TimeoutError('Page.goto: Timeout 30000ms exceeded.\nCall log:\n  - navigating to "https://www.excard.com.my/price-list/Litho/21", waiting until "domcontentloaded"\n') product=21
11:37:25 [error    ] capture.error                  error=TimeoutError('Page.goto: Timeout 30000ms exceeded.\nCall log:\n  - navigating to "https://www.excard.com.my/price-list/Litho/21", waiting until "domcontentloaded"\n') product=21
11:37:32 [error    ] capture.error                  error=TimeoutError('Page.goto: Timeout 30000ms exceeded.\nCall log:\n  - navigating to "https://www.excard.com.my/price-list/Litho/21", waiting until "domcontentloaded"\n') product=21
11:38:02 [error    ] capture.error                  error=TimeoutError('Page.goto: Timeout 30000ms exceeded.\nCall log:\n  - navigating to "https://www.excard.com.my/price-list/Litho/21", waiting until "domcontentloaded"\n') product=21
11:38:05 [error    ] capture.error                  error=TimeoutError('Page.goto: Timeout 30000ms exceeded.\nCall log:\n  - navigating to "https://www.excard.com.my/price-list/Litho/21", waiting until "domcontentloaded"\n') product=21
11:38:38 [error    ] capture.error                  error=TimeoutError('Page.goto: Timeout 30000ms exceeded.\nCall log:\n  - navigating to "https://www.excard.com.my/price-list/Litho/21", waiting until "domcontentloaded"\n') product=21
11:38:38 [error    ] capture.error                  error=TimeoutError('Page.goto: Timeout 30000ms exceeded.\nCall log:\n  - navigating to "https://www.excard.com.my/price-list/Litho/21", waiting until "domcontentloaded"\n') product=21
11:39:10 [error    ] capture.error                  error=TimeoutError('Page.goto: Timeout 30000ms exceeded.\nCall log:\n  - navigating to "https://www.excard.com.my/price-list/Litho/21", waiting until "domcontentloaded"\n') product=21
11:39:42 [error    ] capture.error                  error=TimeoutError('Page.goto: Timeout 30000ms exceeded.\nCall log:\n  - navigating to "https://www.excard.com.my/price-list/Litho/21", waiting until "domcontentloaded"\n') product=21
11:40:01 [info     ] capture.done                   delivery=98 lamination=UV Varnish (Both) paper=Gloss Art Card 250gsm (2 sides coated) - Best Seller prices=0 product=21 size=A3 (297mm x 420mm) status=error
11:40:01 [warning  ] capture.saved_debug            combination=310 path=C:\Users\User\OneDrive\Desktop\Printoka.com\crawler\output\debug\combo_310_no_nonzero_price.html reason=no_nonzero_price
11:40:15 [error    ] capture.error                  error=TimeoutError('Page.goto: Timeout 30000ms exceeded.\nCall log:\n  - navigating to "https://www.excard.com.my/price-list/Litho/21", waiting until "domcontentloaded"\n') product=21
11:40:47 [error    ] capture.error                  error=TimeoutError('Page.goto: Timeout 30000ms exceeded.\nCall log:\n  - navigating to "https://www.excard.com.my/price-list/Litho/21", waiting until "domcontentloaded"\n') product=21
11:41:00 [info     ] capture.done                   delivery=98 lamination=UV Varnish (Both) paper=Gloss Art Card 250gsm (2 sides coated) - Best Seller prices=0 product=21 size=A3 (297mm x 420mm) status=error
11:41:00 [warning  ] capture.saved_debug            combination=310 path=C:\Users\User\OneDrive\Desktop\Printoka.com\crawler\output\debug\combo_310_no_nonzero_price.html reason=no_nonzero_price
11:41:19 [error    ] capture.error                  error=TimeoutError('Page.goto: Timeout 30000ms exceeded.\nCall log:\n  - navigating to "https://www.excard.com.my/price-list/Litho/21", waiting until "domcontentloaded"\n') product=21
11:43:37 [warning  ] browser.channel_unavailable    channel=msedge error=TargetClosedError
11:43:37 [info     ] browser.launched               channel=chrome headless=True
11:47:15 [warning  ] browser.channel_unavailable    channel=msedge error=TargetClosedError
11:47:15 [info     ] browser.launched               channel=chrome headless=True
11:47:15 [info     ] login.start                    url=https://www.excard.com.my/login
11:47:30 [info     ] login.result                   ok=False url=https://www.excard.com.my/login
11:50:20 [warning  ] browser.channel_unavailable    channel=msedge error=TargetClosedError
11:50:21 [info     ] browser.launched               channel=chrome headless=True
11:50:21 [info     ] login.start                    url=https://www.excard.com.my/login
11:52:04 [warning  ] browser.channel_unavailable    channel=msedge error=TargetClosedError
11:52:04 [info     ] browser.launched               channel=chrome headless=True
11:52:05 [info     ] login.start                    url=https://www.excard.com.my/login
11:52:20 [info     ] login.result                   ok=False url=https://www.excard.com.my/login
11:52:22 [info     ] login.start                    url=https://www.excard.com.my/login
11:52:37 [info     ] login.result                   ok=False url=https://www.excard.com.my/login
11:57:45 [warning  ] browser.channel_unavailable    channel=msedge error=TargetClosedError
11:57:45 [info     ] browser.launched               channel=chrome headless=True
11:57:45 [info     ] login.start                    url=https://www.excard.com.my/login
11:57:57 [info     ] login.result                   ok=False url=https://www.excard.com.my/login
12:00:37 [warning  ] browser.channel_unavailable    channel=msedge error=TargetClosedError
12:00:37 [info     ] browser.launched               channel=chrome headless=True
12:00:37 [info     ] login.start                    url=https://www.excard.com.my/login
12:02:17 [warning  ] browser.channel_unavailable    channel=msedge error=TargetClosedError
12:02:17 [info     ] browser.launched               channel=chrome headless=True
12:02:17 [info     ] login.start                    url=https://www.excard.com.my/login
13:40:43 [warning  ] browser.channel_unavailable    channel=msedge error=TargetClosedError
13:40:43 [info     ] browser.launched               channel=chrome headless=True
13:40:43 [info     ] login.start                    url=https://www.excard.com.my/login
13:41:10 [info     ] login.result                   ok=True url=https://www.excard.com.my/home-member
13:43:10 [warning  ] browser.channel_unavailable    channel=msedge error=TargetClosedError
13:43:11 [info     ] browser.launched               channel=chrome headless=True
13:43:11 [info     ] login.start                    url=https://www.excard.com.my/login
13:43:33 [info     ] login.result                   ok=True url=https://www.excard.com.my/home-member
13:45:32 [warning  ] browser.channel_unavailable    channel=msedge error=TargetClosedError
13:45:32 [info     ] browser.launched               channel=chrome headless=True
13:45:33 [info     ] login.start                    url=https://www.excard.com.my/login
13:45:56 [info     ] login.result                   ok=True url=https://www.excard.com.my/home-member
13:52:11 [warning  ] browser.channel_unavailable    channel=msedge error=TargetClosedError
13:52:12 [info     ] browser.launched               channel=chrome headless=True
13:52:12 [info     ] login.start                    url=https://www.excard.com.my/login
13:52:36 [info     ] login.result                   ok=True url=https://www.excard.com.my/home-member
14:32:17 [warning  ] browser.channel_unavailable    channel=msedge error=TargetClosedError
14:32:18 [info     ] browser.launched               channel=chrome headless=True
14:32:18 [info     ] login.start                    url=https://www.excard.com.my/login
14:32:41 [info     ] login.result                   ok=True url=https://www.excard.com.my/home-member
14:35:13 [warning  ] browser.channel_unavailable    channel=msedge error=TargetClosedError
14:35:13 [info     ] browser.launched               channel=chrome headless=True
14:35:13 [info     ] login.start                    url=https://www.excard.com.my/login
14:35:38 [info     ] login.result                   ok=True url=https://www.excard.com.my/home-member
14:38:38 [warning  ] browser.channel_unavailable    channel=msedge error=TargetClosedError
14:38:39 [info     ] browser.launched               channel=chrome headless=True
14:38:39 [info     ] login.start                    url=https://www.excard.com.my/login
14:39:02 [info     ] login.result                   ok=True url=https://www.excard.com.my/home-member
14:42:48 [warning  ] browser.channel_unavailable    channel=msedge error=TargetClosedError
14:42:48 [info     ] browser.launched               channel=chrome headless=True
14:42:48 [info     ] login.start                    url=https://www.excard.com.my/login
14:43:13 [info     ] login.result                   ok=True url=https://www.excard.com.my/home-member
14:46:20 [warning  ] browser.channel_unavailable    channel=msedge error=TargetClosedError
14:46:20 [info     ] browser.launched               channel=chrome headless=True
14:46:21 [info     ] login.start                    url=https://www.excard.com.my/login
14:46:45 [info     ] login.result                   ok=True url=https://www.excard.com.my/home-member
14:48:46 [warning  ] browser.channel_unavailable    channel=msedge error=TargetClosedError
14:48:46 [info     ] browser.launched               channel=chrome headless=True
14:48:46 [info     ] login.start                    url=https://www.excard.com.my/login
14:49:12 [info     ] login.result                   ok=True url=https://www.excard.com.my/home-member
14:51:19 [warning  ] browser.channel_unavailable    channel=msedge error=TargetClosedError
14:51:20 [info     ] browser.launched               channel=chrome headless=True
14:51:20 [info     ] login.start                    url=https://www.excard.com.my/login
14:51:42 [info     ] login.result                   ok=True url=https://www.excard.com.my/home-member
14:59:04 [warning  ] browser.channel_unavailable    channel=msedge error=TargetClosedError
14:59:04 [info     ] browser.launched               channel=chrome headless=True
14:59:05 [info     ] login.start                    url=https://www.excard.com.my/login
14:59:31 [info     ] login.result                   ok=True url=https://www.excard.com.my/home-member
15:02:00 [info     ] order.captured                 colour=4C (Front) delivery=98 package=Normal paper=Simili 80gsm - Best Seller quantities=25 size=A4 (210mm x 297mm)
15:03:41 [warning  ] browser.channel_unavailable    channel=msedge error=TargetClosedError
15:03:41 [info     ] browser.launched               channel=chrome headless=True
15:03:41 [info     ] login.start                    url=https://www.excard.com.my/login
15:04:06 [info     ] login.result                   ok=True url=https://www.excard.com.my/home-member
15:04:18 [info     ] order.axes                     colours=['4C (Front)', '4C (Both)', '1C (Front)', '1C (Both)'] packages=['Normal', '2in1', '3in1', '4in1', '5in1', '6in1', '7in1', '8in1', '9in1', '10in1'] papers=11 sizes=10
15:04:19 [info     ] order.enqueued                 new=880
15:05:18 [warning  ] browser.channel_unavailable    channel=msedge error=TargetClosedError
15:05:18 [info     ] browser.launched               channel=chrome headless=True
15:08:08 [info     ] order.captured                 colour=4C (Front) delivery=99 package=Normal paper=Simili 80gsm - Best Seller quantities=27 size=A1 (594mm x 840mm)
15:10:49 [info     ] order.captured                 colour=4C (Both) delivery=99 package=Normal paper=Simili 80gsm - Best Seller quantities=27 size=A1 (594mm x 840mm)
15:10:49 [info     ] order.crawl_finished           done=2 empty=0 error=0
15:21:56 [warning  ] browser.channel_unavailable    channel=msedge error=TargetClosedError
15:21:56 [info     ] browser.launched               channel=chrome headless=True
15:21:57 [info     ] login.start                    url=https://www.excard.com.my/login
15:22:21 [info     ] login.result                   ok=True url=https://www.excard.com.my/home-member
15:24:53 [info     ] order.captured                 colour=4C (Front) delivery=98 package=Normal paper=Simili 80gsm - Best Seller quantities=25 size=A4 (210mm x 297mm)
15:27:22 [warning  ] browser.channel_unavailable    channel=msedge error=TargetClosedError
15:27:23 [info     ] browser.launched               channel=chrome headless=True
15:27:37 [info     ] order.axes                     colours=['4C (Front)', '4C (Both)', '1C (Front)', '1C (Both)'] packages=['Normal', '2in1', '3in1', '4in1', '5in1', '6in1', '7in1', '8in1', '9in1', '10in1'] papers=11 sizes=10
15:27:37 [info     ] order.enqueued                 new=880
15:30:56 [warning  ] browser.channel_unavailable    channel=msedge error=TargetClosedError
15:30:56 [info     ] browser.launched               channel=chrome headless=True
15:31:08 [info     ] order.axes                     colours=['4C (Front)', '4C (Both)', '1C (Front)', '1C (Both)'] packages=['Normal', '2in1', '3in1', '4in1', '5in1', '6in1', '7in1', '8in1', '9in1', '10in1'] papers=11 sizes=10
15:31:08 [info     ] order.enqueued                 new=220
15:32:00 [info     ] browser.launched               channel=msedge headless=True
15:34:43 [info     ] order.captured                 colour=4C (Front) delivery=98 package=Normal paper=Simili 80gsm - Best Seller quantities=27 size=A1 (594mm x 840mm)
15:37:24 [info     ] order.captured                 colour=4C (Both) delivery=98 package=Normal paper=Simili 80gsm - Best Seller quantities=27 size=A1 (594mm x 840mm)
15:40:11 [info     ] order.captured                 colour=4C (Front) delivery=98 package=Normal paper=Simili 100gsm - Best Seller quantities=27 size=A1 (594mm x 840mm)
15:42:55 [info     ] order.captured                 colour=4C (Both) delivery=98 package=Normal paper=Simili 100gsm - Best Seller quantities=27 size=A1 (594mm x 840mm)
15:45:41 [info     ] order.captured                 colour=4C (Front) delivery=98 package=Normal paper=Simili 140gsm - Best Seller quantities=27 size=A1 (594mm x 840mm)
15:45:41 [info     ] order.progress                 done=5 empty=0 error=0
15:48:32 [info     ] order.captured                 colour=4C (Both) delivery=98 package=Normal paper=Simili 140gsm - Best Seller quantities=27 size=A1 (594mm x 840mm)
15:51:13 [info     ] order.captured                 colour=4C (Front) delivery=98 package=Normal paper=Gloss Art Paper 100gsm - Best Seller quantities=27 size=A1 (594mm x 840mm)
15:53:57 [info     ] order.captured                 colour=4C (Both) delivery=98 package=Normal paper=Gloss Art Paper 100gsm - Best Seller quantities=27 size=A1 (594mm x 840mm)
15:56:47 [info     ] order.captured                 colour=4C (Front) delivery=98 package=Normal paper=Gloss Art Paper 128gsm - Best Seller quantities=27 size=A1 (594mm x 840mm)
15:59:33 [info     ] order.captured                 colour=4C (Both) delivery=98 package=Normal paper=Gloss Art Paper 128gsm - Best Seller quantities=27 size=A1 (594mm x 840mm)
15:59:33 [info     ] order.progress                 done=10 empty=0 error=0
16:02:24 [info     ] order.captured                 colour=4C (Front) delivery=98 package=Normal paper=Gloss Art Paper 150gsm - Best Seller quantities=27 size=A1 (594mm x 840mm)
16:04:16 [error    ] order.error                    error=TimeoutError('Locator.check: Timeout 30000ms exceeded.\nCall log:\n  - waiting for locator("input[name=\'ctl00$mainContent$order_spec_controller1$order_spec_standard_matrix1$order_price1$rblOrderCount
16:04:53 [error    ] order.error                    error=TimeoutError('Page.goto: Timeout 30000ms exceeded.\nCall log:\n  - navigating to "https://www.excard.com.my/spec/Litho/Loose_Sheet", waiting until "domcontentloaded"\n')
16:05:29 [error    ] order.error                    error=TimeoutError('Page.goto: Timeout 30000ms exceeded.\nCall log:\n  - navigating to "https://www.excard.com.my/spec/Litho/Loose_Sheet", waiting until "domcontentloaded"\n')
16:06:05 [error    ] order.error                    error=TimeoutError('Page.goto: Timeout 30000ms exceeded.\nCall log:\n  - navigating to "https://www.excard.com.my/spec/Litho/Loose_Sheet", waiting until "domcontentloaded"\n')
16:06:39 [error    ] order.error                    error=TimeoutError('Page.goto: Timeout 30000ms exceeded.\nCall log:\n  - navigating to "https://www.excard.com.my/spec/Litho/Loose_Sheet", waiting until "domcontentloaded"\n')
16:07:15 [error    ] order.error                    error=TimeoutError('Page.goto: Timeout 30000ms exceeded.\nCall log:\n  - navigating to "https://www.excard.com.my/spec/Litho/Loose_Sheet", waiting until "domcontentloaded"\n')
16:07:51 [error    ] order.error                    error=TimeoutError('Page.goto: Timeout 30000ms exceeded.\nCall log:\n  - navigating to "https://www.excard.com.my/spec/Litho/Loose_Sheet", waiting until "domcontentloaded"\n')
16:08:28 [error    ] order.error                    error=TimeoutError('Page.goto: Timeout 30000ms exceeded.\nCall log:\n  - navigating to "https://www.excard.com.my/spec/Litho/Loose_Sheet", waiting until "domcontentloaded"\n')
16:09:04 [error    ] order.error                    error=TimeoutError('Page.goto: Timeout 30000ms exceeded.\nCall log:\n  - navigating to "https://www.excard.com.my/spec/Litho/Loose_Sheet", waiting until "domcontentloaded"\n')
16:09:39 [error    ] order.error                    error=TimeoutError('Page.goto: Timeout 30000ms exceeded.\nCall log:\n  - navigating to "https://www.excard.com.my/spec/Litho/Loose_Sheet", waiting until "domcontentloaded"\n')
16:10:17 [error    ] order.error                    error=TimeoutError('Page.goto: Timeout 30000ms exceeded.\nCall log:\n  - navigating to "https://www.excard.com.my/spec/Litho/Loose_Sheet", waiting until "domcontentloaded"\n')
16:10:53 [error    ] order.error                    error=TimeoutError('Page.goto: Timeout 30000ms exceeded.\nCall log:\n  - navigating to "https://www.excard.com.my/spec/Litho/Loose_Sheet", waiting until "domcontentloaded"\n')
16:11:29 [error    ] order.error                    error=TimeoutError('Page.goto: Timeout 30000ms exceeded.\nCall log:\n  - navigating to "https://www.excard.com.my/spec/Litho/Loose_Sheet", waiting until "domcontentloaded"\n')
16:12:04 [error    ] order.error                    error=TimeoutError('Page.goto: Timeout 30000ms exceeded.\nCall log:\n  - navigating to "https://www.excard.com.my/spec/Litho/Loose_Sheet", waiting until "domcontentloaded"\n')
16:12:40 [error    ] order.error                    error=TimeoutError('Page.goto: Timeout 30000ms exceeded.\nCall log:\n  - navigating to "https://www.excard.com.my/spec/Litho/Loose_Sheet", waiting until "domcontentloaded"\n')
16:13:17 [error    ] order.error                    error=TimeoutError('Page.goto: Timeout 30000ms exceeded.\nCall log:\n  - navigating to "https://www.excard.com.my/spec/Litho/Loose_Sheet", waiting until "domcontentloaded"\n')
Future exception was never retrieved
future: <Future finished exception=Error('net::ERR_ABORTED; maybe frame was detached?\nCall log:\n  - navigating to "https://www.excard.com.my/spec/Litho/Loose_Sheet", waiting until "domcontentloaded"\n')>
playwright._impl._errors.Error: net::ERR_ABORTED; maybe frame was detached?
Call log:
  - navigating to "https://www.excard.com.my/spec/Litho/Loose_Sheet", waiting until "domcontentloaded"

16:29:03 [info     ] browser.launched               channel=msedge headless=True
16:31:59 [info     ] order.captured                 colour=4C (Both) delivery=98 package=Normal paper=Gloss Art Paper 150gsm - Best Seller quantities=27 size=A1 (594mm x 840mm)
16:34:54 [info     ] order.captured                 colour=4C (Front) delivery=98 package=Normal paper=Matte Art Paper 130gsm - Best Seller quantities=27 size=A1 (594mm x 840mm)
16:37:43 [info     ] order.captured                 colour=4C (Both) delivery=98 package=Normal paper=Matte Art Paper 130gsm - Best Seller quantities=27 size=A1 (594mm x 840mm)
16:38:28 [error    ] order.error                    error=TimeoutError('Page.select_option: Timeout 30000ms exceeded.\nCall log:\n  - waiting for locator("select[name=\'ctl00$mainContent$order_spec_controller1$order_spec_standard_matrix1$ddlPaper\']")\n  -
16:39:16 [error    ] order.error                    error=TimeoutError('Page.select_option: Timeout 30000ms exceeded.\nCall log:\n  - waiting for locator("select[name=\'ctl00$mainContent$order_spec_controller1$order_spec_standard_matrix1$ddlPaper\']")\n  -
16:40:12 [error    ] order.error                    error=TimeoutError('Page.select_option: Timeout 30000ms exceeded.\nCall log:\n  - waiting for locator("select[name=\'ctl00$mainContent$order_spec_controller1$order_spec_standard_matrix1$ddlPaper\']")\n  -
16:41:07 [error    ] order.error                    error=TimeoutError('Page.select_option: Timeout 30000ms exceeded.\nCall log:\n  - waiting for locator("select[name=\'ctl00$mainContent$order_spec_controller1$order_spec_standard_matrix1$ddlPaper\']")\n  -
Future exception was never retrieved
future: <Future finished exception=TargetClosedError('Target page, context or browser has been closed\nCall log:\n  - waiting for locator("select[name=\'ctl00$mainContent$order_spec_controller1$order_spec_standard_matrix1$ddlPaper\']")\n  -     - locator resolved to <select class="nor" id="mainContent_order_spec_controller1_order_spec_standard_matrix1_ddlPaper" name="ctl00$mainContent$order_spec_controller1$order_spec_standard_matrix1$ddlPaper" onchange="javascript:setTimeout(\'__doPostBack(\\\'ctl00$mainContent$order_spec_controller1$order_spec_standard_matrix1$ddlPaper\\\',\\\'\\\')\', 0)">…</select>\n  -   - attempting select option action\n  -     2 × waiting for element to be visible and enabled\n  -       - did not find some options\n  -     - retrying select option action\n  -     - waiting 20ms\n  -     2 × waiting for element to be visible and enabled\n  -       - did not find some options\n  -     - retrying select option action\n  -       - waiting 100ms\n  -     28 × waiting for element to be visible and enabled\n  -        - did not find some options\n  -      - retrying select option action\n  -        - waiting 500ms\n')>
playwright._impl._errors.TargetClosedError: Target page, context or browser has been closed
Call log:
  - waiting for locator("select[name='ctl00$mainContent$order_spec_controller1$order_spec_standard_matrix1$ddlPaper']")
  -     - locator resolved to <select class="nor" id="mainContent_order_spec_controller1_order_spec_standard_matrix1_ddlPaper" name="ctl00$mainContent$order_spec_controller1$order_spec_standard_matrix1$ddlPaper" onchange="javascript:setTimeout('__doPostBack(\'ctl00$mainContent$order_spec_controller1$order_spec_standard_matrix1$ddlPaper\',\'\')', 0)">…</select>
  -   - attempting select option action
  -     2 × waiting for element to be visible and enabled
  -       - did not find some options
  -     - retrying select option action
  -     - waiting 20ms
  -     2 × waiting for element to be visible and enabled
  -       - did not find some options
  -     - retrying select option action
  -       - waiting 100ms
  -     28 × waiting for element to be visible and enabled
  -        - did not find some options
  -      - retrying select option action
  -        - waiting 500ms

16:43:33 [info     ] browser.launched               channel=msedge headless=True
16:44:27 [error    ] order.error                    error=TimeoutError('Page.select_option: Timeout 30000ms exceeded.\nCall log:\n  - waiting for locator("select[name=\'ctl00$mainContent$order_spec_controller1$order_sp
16:44:27 [info     ] browser.launched               channel=msedge headless=True
16:45:14 [error    ] order.error                    error=TimeoutError('Page.select_option: Timeout 30000ms exceeded.\nCall log:\n  - waiting for locator("select[name=\'ctl00$mainContent$order_spec_controller1$order_sp
16:45:15 [info     ] browser.launched               channel=msedge headless=True
16:46:08 [error    ] order.error                    error=TimeoutError('Page.select_option: Timeout 30000ms exceeded.\nCall log:\n  - waiting for locator("select[name=\'ctl00$mainContent$order_spec_controller1$order_sp
16:46:41 [warning  ] browser.channel_unavailable    channel=msedge error=TargetClosedError
16:46:42 [info     ] browser.launched               channel=chrome headless=True
16:46:58 [warning  ] order.configure_failed         paper=Gloss Art Card 230gsm (2 sides coated) size=A1 (594mm x 840mm)
16:47:13 [warning  ] order.configure_failed         paper=Gloss Art Card 230gsm (2 sides coated) size=A1 (594mm x 840mm)
16:51:34 [info     ] order.captured                 colour=4C (Front) delivery=98 package=Normal paper=Gloss Art Card 250gsm (2 sides coated) - Best Seller quantities=39 size=A1 (594mm x 840mm)
16:53:29 [info     ] browser.launched               channel=msedge headless=True
16:57:47 [info     ] order.captured                 colour=4C (Both) delivery=98 package=Normal paper=Gloss Art Card 250gsm (2 sides coated) - Best Seller quantities=39 size=A1 (594mm x 840mm)
16:58:04 [warning  ] order.configure_failed         paper=Gloss Art Card 310gsm (2 sides coated) size=A1 (594mm x 840mm)
16:58:17 [warning  ] order.configure_failed         paper=Gloss Art Card 310gsm (2 sides coated) size=A1 (594mm x 840mm)
16:58:30 [warning  ] order.configure_failed         paper=Gloss Art Card 360gsm (2 sides coated) size=A1 (594mm x 840mm)
16:58:30 [info     ] order.recycle_browser          processed=4
16:58:31 [info     ] browser.launched               channel=msedge headless=True
16:58:47 [warning  ] order.configure_failed         paper=Gloss Art Card 360gsm (2 sides coated) size=A1 (594mm x 840mm)
17:01:01 [info     ] order.captured                 colour=4C (Front) delivery=98 package=Normal paper=Simili 80gsm - Best Seller quantities=20 size=A2 (420mm x 594mm)
17:03:23 [info     ] order.captured                 colour=4C (Both) delivery=98 package=Normal paper=Simili 80gsm - Best Seller quantities=20 size=A2 (420mm x 594mm)
17:05:42 [info     ] order.captured                 colour=4C (Front) delivery=98 package=Normal paper=Simili 100gsm - Best Seller quantities=20 size=A2 (420mm x 594mm)
17:05:42 [info     ] order.recycle_browser          processed=8
17:05:42 [info     ] browser.launched               channel=msedge headless=True
17:08:04 [info     ] order.captured                 colour=4C (Both) delivery=98 package=Normal paper=Simili 100gsm - Best Seller quantities=20 size=A2 (420mm x 594mm)
17:08:04 [info     ] order.progress                 done=5 empty=4 error=0
17:10:39 [info     ] order.captured                 colour=4C (Front) delivery=98 package=Normal paper=Simili 140gsm - Best Seller quantities=20 size=A2 (420mm x 594mm)
17:11:12 [warning  ] browser.channel_unavailable    channel=msedge error=TargetClosedError
17:11:12 [info     ] browser.launched               channel=chrome headless=True
17:11:27 [info     ] order.axes                     colours=['4C (Front)', '4C (Both)', '1C (Front)', '1C (Both)'] packages=['Normal', '2in1', '3in1', '4in1', '5in1', '6in1', '7in1', '8in1', '9in1', '10in1'] papers=11 sizes=10
17:11:28 [info     ] order.enqueued                 new=4180
17:13:10 [info     ] order.captured                 colour=4C (Both) delivery=98 package=Normal paper=Simili 140gsm - Best Seller quantities=20 size=A2 (420mm x 594mm)
17:15:32 [info     ] order.captured                 colour=4C (Front) delivery=98 package=Normal paper=Gloss Art Paper 100gsm - Best Seller quantities=20 size=A2 (420mm x 594mm)
17:15:32 [info     ] order.recycle_browser          processed=12
17:15:33 [info     ] browser.launched               channel=msedge headless=True
17:17:59 [info     ] order.captured                 colour=4C (Both) delivery=98 package=Normal paper=Gloss Art Paper 100gsm - Best Seller quantities=20 size=A2 (420mm x 594mm)
17:20:21 [info     ] order.captured                 colour=4C (Front) delivery=98 package=Normal paper=Gloss Art Paper 128gsm - Best Seller quantities=20 size=A2 (420mm x 594mm)
17:20:21 [info     ] order.progress                 done=10 empty=4 error=0
17:22:41 [info     ] order.captured                 colour=4C (Both) delivery=98 package=Normal paper=Gloss Art Paper 128gsm - Best Seller quantities=20 size=A2 (420mm x 594mm)
17:25:04 [info     ] order.captured                 colour=4C (Front) delivery=98 package=Normal paper=Gloss Art Paper 150gsm - Best Seller quantities=20 size=A2 (420mm x 594mm)
17:25:04 [info     ] order.recycle_browser          processed=16
17:25:05 [info     ] browser.launched               channel=msedge headless=True
17:27:31 [info     ] order.captured                 colour=4C (Both) delivery=98 package=Normal paper=Gloss Art Paper 150gsm - Best Seller quantities=20 size=A2 (420mm x 594mm)
17:29:59 [info     ] order.captured                 colour=4C (Front) delivery=98 package=Normal paper=Matte Art Paper 130gsm - Best Seller quantities=20 size=A2 (420mm x 594mm)
17:32:28 [info     ] order.captured                 colour=4C (Both) delivery=98 package=Normal paper=Matte Art Paper 130gsm - Best Seller quantities=20 size=A2 (420mm x 594mm)
17:32:28 [info     ] order.progress                 done=15 empty=4 error=0
17:35:05 [info     ] order.captured                 colour=4C (Front) delivery=98 package=Normal paper=Gloss Art Card 230gsm (2 sides coated) quantities=22 size=A2 (420mm x 594mm)
17:35:05 [info     ] order.recycle_browser          processed=20
17:35:05 [info     ] browser.launched               channel=msedge headless=True
17:37:48 [info     ] order.captured                 colour=4C (Both) delivery=98 package=Normal paper=Gloss Art Card 230gsm (2 sides coated) quantities=22 size=A2 (420mm x 594mm)
17:41:51 [info     ] order.captured                 colour=4C (Front) delivery=98 package=Normal paper=Gloss Art Card 250gsm (2 sides coated) - Best Seller quantities=35 size=A2 (420mm x 594mm)
17:45:50 [info     ] order.captured                 colour=4C (Both) delivery=98 package=Normal paper=Gloss Art Card 250gsm (2 sides coated) - Best Seller quantities=35 size=A2 (420mm x 594mm)
17:48:31 [info     ] order.captured                 colour=4C (Front) delivery=98 package=Normal paper=Gloss Art Card 310gsm (2 sides coated) quantities=22 size=A2 (420mm x 594mm)
17:48:31 [info     ] order.progress                 done=20 empty=4 error=0
17:48:31 [info     ] order.recycle_browser          processed=24
17:48:32 [info     ] browser.launched               channel=msedge headless=True
17:51:16 [info     ] order.captured                 colour=4C (Both) delivery=98 package=Normal paper=Gloss Art Card 310gsm (2 sides coated) quantities=22 size=A2 (420mm x 594mm)
17:54:01 [info     ] order.captured                 colour=4C (Front) delivery=98 package=Normal paper=Gloss Art Card 360gsm (2 sides coated) quantities=22 size=A2 (420mm x 594mm)
17:56:48 [info     ] order.captured                 colour=4C (Both) delivery=98 package=Normal paper=Gloss Art Card 360gsm (2 sides coated) quantities=22 size=A2 (420mm x 594mm)
17:59:27 [info     ] order.captured                 colour=4C (Front) delivery=98 package=Normal paper=Simili 80gsm - Best Seller quantities=25 size=A3 (297mm x 420mm)
17:59:27 [info     ] order.recycle_browser          processed=28
17:59:28 [info     ] browser.launched               channel=msedge headless=True
18:02:07 [info     ] order.captured                 colour=4C (Both) delivery=98 package=Normal paper=Simili 80gsm - Best Seller quantities=25 size=A3 (297mm x 420mm)
18:02:07 [info     ] order.progress                 done=25 empty=4 error=0
18:04:47 [info     ] order.captured                 colour=4C (Front) delivery=98 package=Normal paper=Simili 100gsm - Best Seller quantities=25 size=A3 (297mm x 420mm)
18:07:25 [info     ] order.captured                 colour=4C (Both) delivery=98 package=Normal paper=Simili 100gsm - Best Seller quantities=25 size=A3 (297mm x 420mm)
18:10:14 [info     ] order.captured                 colour=4C (Front) delivery=98 package=Normal paper=Simili 140gsm - Best Seller quantities=25 size=A3 (297mm x 420mm)
18:10:14 [info     ] order.recycle_browser          processed=32
18:10:14 [info     ] browser.launched               channel=msedge headless=True
18:13:10 [info     ] order.captured                 colour=4C (Both) delivery=98 package=Normal paper=Simili 140gsm - Best Seller quantities=25 size=A3 (297mm x 420mm)
18:15:57 [info     ] order.captured                 colour=4C (Front) delivery=98 package=Normal paper=Gloss Art Paper 100gsm - Best Seller quantities=25 size=A3 (297mm x 420mm)
18:15:57 [info     ] order.progress                 done=30 empty=4 error=0
18:18:40 [info     ] order.captured                 colour=4C (Both) delivery=98 package=Normal paper=Gloss Art Paper 100gsm - Best Seller quantities=25 size=A3 (297mm x 420mm)
18:21:23 [info     ] order.captured                 colour=4C (Front) delivery=98 package=Normal paper=Gloss Art Paper 128gsm - Best Seller quantities=25 size=A3 (297mm x 420mm)
18:21:23 [info     ] order.recycle_browser          processed=36
18:21:24 [info     ] browser.launched               channel=msedge headless=True
18:24:12 [info     ] order.captured                 colour=4C (Both) delivery=98 package=Normal paper=Gloss Art Paper 128gsm - Best Seller quantities=25 size=A3 (297mm x 420mm)
18:26:59 [info     ] order.captured                 colour=4C (Front) delivery=98 package=Normal paper=Gloss Art Paper 150gsm - Best Seller quantities=25 size=A3 (297mm x 420mm)
18:29:48 [info     ] order.captured                 colour=4C (Both) delivery=98 package=Normal paper=Gloss Art Paper 150gsm - Best Seller quantities=25 size=A3 (297mm x 420mm)
18:29:48 [info     ] order.progress                 done=35 empty=4 error=0
18:32:33 [info     ] order.captured                 colour=4C (Front) delivery=98 package=Normal paper=Matte Art Paper 130gsm - Best Seller quantities=25 size=A3 (297mm x 420mm)
18:32:33 [info     ] order.recycle_browser          processed=40
18:32:34 [info     ] browser.launched               channel=msedge headless=True
18:35:31 [info     ] order.captured                 colour=4C (Both) delivery=98 package=Normal paper=Matte Art Paper 130gsm - Best Seller quantities=25 size=A3 (297mm x 420mm)
18:37:54 [info     ] order.captured                 colour=4C (Front) delivery=98 package=Normal paper=Gloss Art Card 230gsm (2 sides coated) quantities=22 size=A3 (297mm x 420mm)
18:40:18 [info     ] order.captured                 colour=4C (Both) delivery=98 package=Normal paper=Gloss Art Card 230gsm (2 sides coated) quantities=22 size=A3 (297mm x 420mm)
18:44:07 [info     ] order.captured                 colour=4C (Front) delivery=98 package=Normal paper=Gloss Art Card 250gsm (2 sides coated) - Best Seller quantities=35 size=A3 (297mm x 420mm)
18:44:07 [info     ] order.progress                 done=40 empty=4 error=0
18:44:07 [info     ] order.recycle_browser          processed=44
18:44:07 [info     ] browser.launched               channel=msedge headless=True
18:48:08 [info     ] order.captured                 colour=4C (Both) delivery=98 package=Normal paper=Gloss Art Card 250gsm (2 sides coated) - Best Seller quantities=35 size=A3 (297mm x 420mm)
18:50:40 [info     ] order.captured                 colour=4C (Front) delivery=98 package=Normal paper=Gloss Art Card 310gsm (2 sides coated) quantities=22 size=A3 (297mm x 420mm)
18:53:08 [info     ] order.captured                 colour=4C (Both) delivery=98 package=Normal paper=Gloss Art Card 310gsm (2 sides coated) quantities=22 size=A3 (297mm x 420mm)
18:55:47 [info     ] order.captured                 colour=4C (Front) delivery=98 package=Normal paper=Gloss Art Card 360gsm (2 sides coated) quantities=22 size=A3 (297mm x 420mm)
18:55:47 [info     ] order.recycle_browser          processed=48
18:55:47 [info     ] browser.launched               channel=msedge headless=True
18:58:24 [info     ] order.captured                 colour=4C (Both) delivery=98 package=Normal paper=Gloss Art Card 360gsm (2 sides coated) quantities=22 size=A3 (297mm x 420mm)
18:58:24 [info     ] order.progress                 done=45 empty=4 error=0
19:00:31 [error    ] order.error                    error=TimeoutError('Locator.check: Timeout 30000ms exceeded.\nCall log:\n  - waiting for locator("input[name=\'ctl00$mainContent$order_spec_controller1$order_spec_sta
19:00:31 [info     ] browser.launched               channel=msedge headless=True
00:51:12 [info     ] browser.launched               channel=msedge headless=True
00:53:47 [info     ] order.captured                 colour=4C (Front) delivery=98 package=Normal paper=Simili 80gsm - Best Seller quantities=25 size=A4 (210mm x 297mm)
00:56:29 [info     ] order.captured                 colour=4C (Both) delivery=98 package=Normal paper=Simili 80gsm - Best Seller quantities=25 size=A4 (210mm x 297mm)
00:59:15 [info     ] order.captured                 colour=4C (Front) delivery=98 package=Normal paper=Simili 100gsm - Best Seller quantities=25 size=A4 (210mm x 297mm)
01:02:03 [info     ] order.captured                 colour=4C (Both) delivery=98 package=Normal paper=Simili 100gsm - Best Seller quantities=25 size=A4 (210mm x 297mm)
01:02:03 [info     ] order.recycle_browser          processed=4
01:02:03 [info     ] browser.launched               channel=msedge headless=True
01:04:59 [info     ] order.captured                 colour=4C (Front) delivery=98 package=Normal paper=Simili 140gsm - Best Seller quantities=25 size=A4 (210mm x 297mm)
01:04:59 [info     ] order.progress                 done=5 empty=0 error=0
01:07:53 [info     ] order.captured                 colour=4C (Both) delivery=98 package=Normal paper=Simili 140gsm - Best Seller quantities=25 size=A4 (210mm x 297mm)
01:10:38 [info     ] order.captured                 colour=4C (Front) delivery=98 package=Normal paper=Gloss Art Paper 100gsm - Best Seller quantities=25 size=A4 (210mm x 297mm)
01:13:17 [info     ] order.captured                 colour=4C (Both) delivery=98 package=Normal paper=Gloss Art Paper 100gsm - Best Seller quantities=25 size=A4 (210mm x 297mm)
01:13:17 [info     ] order.recycle_browser          processed=8
01:13:17 [info     ] browser.launched               channel=msedge headless=True
01:16:04 [info     ] order.captured                 colour=4C (Front) delivery=98 package=Normal paper=Gloss Art Paper 128gsm - Best Seller quantities=25 size=A4 (210mm x 297mm)
01:18:56 [info     ] order.captured                 colour=4C (Both) delivery=98 package=Normal paper=Gloss Art Paper 128gsm - Best Seller quantities=25 size=A4 (210mm x 297mm)
01:18:56 [info     ] order.progress                 done=10 empty=0 error=0
01:21:43 [info     ] order.captured                 colour=4C (Front) delivery=98 package=Normal paper=Gloss Art Paper 150gsm - Best Seller quantities=25 size=A4 (210mm x 297mm)
01:24:21 [info     ] order.captured                 colour=4C (Both) delivery=98 package=Normal paper=Gloss Art Paper 150gsm - Best Seller quantities=25 size=A4 (210mm x 297mm)
01:24:21 [info     ] order.recycle_browser          processed=12
01:24:22 [info     ] browser.launched               channel=msedge headless=True
01:27:14 [info     ] order.captured                 colour=4C (Front) delivery=98 package=Normal paper=Matte Art Paper 130gsm - Best Seller quantities=25 size=A4 (210mm x 297mm)
01:30:11 [info     ] order.captured                 colour=4C (Both) delivery=98 package=Normal paper=Matte Art Paper 130gsm - Best Seller quantities=25 size=A4 (210mm x 297mm)
01:32:37 [info     ] order.captured                 colour=4C (Front) delivery=98 package=Normal paper=Gloss Art Card 230gsm (2 sides coated) quantities=22 size=A4 (210mm x 297mm)
01:32:37 [info     ] order.progress                 done=15 empty=0 error=0
01:35:10 [info     ] order.captured                 colour=4C (Both) delivery=98 package=Normal paper=Gloss Art Card 230gsm (2 sides coated) quantities=22 size=A4 (210mm x 297mm)
01:35:10 [info     ] order.recycle_browser          processed=16
01:35:11 [info     ] browser.launched               channel=msedge headless=True
01:38:54 [info     ] order.captured                 colour=4C (Front) delivery=98 package=Normal paper=Gloss Art Card 250gsm (2 sides coated) - Best Seller quantities=35 size=A4 (210mm x 297mm)
01:42:43 [info     ] order.captured                 colour=4C (Both) delivery=98 package=Normal paper=Gloss Art Card 250gsm (2 sides coated) - Best Seller quantities=35 size=A4 (210mm x 297mm)
01:45:16 [info     ] order.captured                 colour=4C (Front) delivery=98 package=Normal paper=Gloss Art Card 310gsm (2 sides coated) quantities=22 size=A4 (210mm x 297mm)
01:47:42 [info     ] order.captured                 colour=4C (Both) delivery=98 package=Normal paper=Gloss Art Card 310gsm (2 sides coated) quantities=22 size=A4 (210mm x 297mm)
01:47:42 [info     ] order.progress                 done=20 empty=0 error=0
01:47:42 [info     ] order.recycle_browser          processed=20
01:47:43 [info     ] browser.launched               channel=msedge headless=True
01:48:29 [error    ] order.error                    error=Error('Locator.check: Clicking the checkbox did not change its state\nCall log:\n  - waiting for locator("input[name=\'ctl00$mainContent$order_spec_controller1$
01:48:30 [info     ] browser.launched               channel=msedge headless=True
01:48:35 [info     ] order.progress                 done=20 empty=0 error=1
01:50:55 [info     ] order.captured                 colour=4C (Front) delivery=98 package=Normal paper=Gloss Art Card 360gsm (2 sides coated) quantities=22 size=A4 (210mm x 297mm)
01:53:23 [info     ] order.captured                 colour=4C (Both) delivery=98 package=Normal paper=Gloss Art Card 360gsm (2 sides coated) quantities=22 size=A4 (210mm x 297mm)
01:56:07 [info     ] order.captured                 colour=4C (Front) delivery=98 package=Normal paper=Simili 80gsm - Best Seller quantities=25 size=A5 (148mm x 210mm)
01:56:07 [info     ] order.recycle_browser          processed=24
01:56:07 [info     ] browser.launched               channel=msedge headless=True
01:58:47 [info     ] order.captured                 colour=4C (Both) delivery=98 package=Normal paper=Simili 80gsm - Best Seller quantities=25 size=A5 (148mm x 210mm)
02:01:37 [info     ] order.captured                 colour=4C (Front) delivery=98 package=Normal paper=Simili 100gsm - Best Seller quantities=25 size=A5 (148mm x 210mm)
02:01:37 [info     ] order.progress                 done=25 empty=0 error=1
02:04:27 [info     ] order.captured                 colour=4C (Both) delivery=98 package=Normal paper=Simili 100gsm - Best Seller quantities=25 size=A5 (148mm x 210mm)
02:07:23 [info     ] order.captured                 colour=4C (Front) delivery=98 package=Normal paper=Simili 140gsm - Best Seller quantities=25 size=A5 (148mm x 210mm)
02:07:23 [info     ] order.recycle_browser          processed=28
02:07:24 [info     ] browser.launched               channel=msedge headless=True
02:10:25 [info     ] order.captured                 colour=4C (Both) delivery=98 package=Normal paper=Simili 140gsm - Best Seller quantities=25 size=A5 (148mm x 210mm)
02:12:29 [error    ] order.error                    error=TimeoutError('Locator.check: Timeout 30000ms exceeded.\nCall log:\n  - waiting for locator("input[name=\'ctl00$mainContent$order_spec_controller1$order_spec_sta
02:12:29 [info     ] browser.launched               channel=msedge headless=True
02:13:00 [warning  ] order.relaunch_retry           attempt=0 error=TimeoutError('Page.goto: Timeout 30000ms exceeded.\nCall log:\n  - navigating to "https://www.excard.com.my/price-list/L retry_in_s=15
02:13:15 [info     ] browser.launched               channel=msedge headless=True
02:13:45 [warning  ] order.relaunch_retry           attempt=1 error=TimeoutError('Page.goto: Timeout 30000ms exceeded.\nCall log:\n  - navigating to "https://www.excard.com.my/price-list/L retry_in_s=30
02:14:15 [info     ] browser.launched               channel=msedge headless=True
02:14:17 [info     ] order.relaunch_recovered       after_attempts=2
02:17:06 [info     ] order.captured                 colour=4C (Front) delivery=98 package=Normal paper=Gloss Art Paper 100gsm - Best Seller quantities=25 size=A5 (148mm x 210mm)
02:19:55 [info     ] order.captured                 colour=4C (Both) delivery=98 package=Normal paper=Gloss Art Paper 100gsm - Best Seller quantities=25 size=A5 (148mm x 210mm)
02:19:55 [info     ] order.progress                 done=30 empty=0 error=2
02:19:55 [info     ] order.recycle_browser          processed=32
02:19:56 [info     ] browser.launched               channel=msedge headless=True
02:22:50 [info     ] order.captured                 colour=4C (Front) delivery=98 package=Normal paper=Gloss Art Paper 128gsm - Best Seller quantities=25 size=A5 (148mm x 210mm)
02:25:43 [info     ] order.captured                 colour=4C (Both) delivery=98 package=Normal paper=Gloss Art Paper 128gsm - Best Seller quantities=25 size=A5 (148mm x 210mm)
02:28:41 [info     ] order.captured                 colour=4C (Front) delivery=98 package=Normal paper=Gloss Art Paper 150gsm - Best Seller quantities=25 size=A5 (148mm x 210mm)
02:31:42 [info     ] order.captured                 colour=4C (Both) delivery=98 package=Normal paper=Gloss Art Paper 150gsm - Best Seller quantities=25 size=A5 (148mm x 210mm)
02:31:42 [info     ] order.recycle_browser          processed=36
02:31:43 [info     ] browser.launched               channel=msedge headless=True
02:33:34 [error    ] order.error                    error=TimeoutError('Locator.check: Timeout 30000ms exceeded.\nCall log:\n  - waiting for locator("input[name=\'ctl00$mainContent$order_spec_controller1$order_spec_sta
02:33:34 [info     ] browser.launched               channel=msedge headless=True
02:34:05 [warning  ] order.relaunch_retry           attempt=0 error=TimeoutError('Page.goto: Timeout 30000ms exceeded.\nCall log:\n  - navigating to "https://www.excard.com.my/price-list/L retry_in_s=15
02:34:20 [info     ] browser.launched               channel=msedge headless=True
02:34:22 [info     ] order.relaunch_recovered       after_attempts=1
02:37:08 [info     ] order.captured                 colour=4C (Front) delivery=98 package=Normal paper=Matte Art Paper 130gsm - Best Seller quantities=25 size=A5 (148mm x 210mm)
02:37:08 [info     ] order.progress                 done=35 empty=0 error=3
02:39:54 [info     ] order.captured                 colour=4C (Both) delivery=98 package=Normal paper=Matte Art Paper 130gsm - Best Seller quantities=25 size=A5 (148mm x 210mm)
02:42:18 [info     ] order.captured                 colour=4C (Front) delivery=98 package=Normal paper=Gloss Art Card 230gsm (2 sides coated) quantities=22 size=A5 (148mm x 210mm)
02:42:18 [info     ] order.recycle_browser          processed=40
02:42:18 [info     ] browser.launched               channel=msedge headless=True
02:44:37 [info     ] order.captured                 colour=4C (Both) delivery=98 package=Normal paper=Gloss Art Card 230gsm (2 sides coated) quantities=22 size=A5 (148mm x 210mm)
02:48:15 [error    ] order.error                    error=TimeoutError('Locator.check: Timeout 30000ms exceeded.\nCall log:\n  - waiting for locator("input[name=\'ctl00$mainContent$order_spec_controller1$order_spec_sta
02:48:15 [info     ] browser.launched               channel=msedge headless=True
02:48:46 [warning  ] order.relaunch_retry           attempt=0 error=TimeoutError('Page.goto: Timeout 30000ms exceeded.\nCall log:\n  - navigating to "https://www.excard.com.my/price-list/L retry_in_s=15
02:49:01 [info     ] browser.launched               channel=msedge headless=True
02:49:31 [warning  ] order.relaunch_retry           attempt=1 error=TimeoutError('Page.goto: Timeout 30000ms exceeded.\nCall log:\n  - navigating to "https://www.excard.com.my/price-list/L retry_in_s=30
02:50:01 [info     ] browser.launched               channel=msedge headless=True
02:50:32 [warning  ] order.relaunch_retry           attempt=2 error=TimeoutError('Page.goto: Timeout 30000ms exceeded.\nCall log:\n  - navigating to "https://www.excard.com.my/price-list/L retry_in_s=45
02:51:17 [info     ] browser.launched               channel=msedge headless=True
02:51:19 [info     ] order.relaunch_recovered       after_attempts=3
02:56:57 [info     ] order.captured                 colour=4C (Front) delivery=98 package=Normal paper=Gloss Art Card 250gsm (2 sides coated) - Best Seller quantities=55 size=A5 (148mm x 210mm)
03:02:34 [info     ] order.captured                 colour=4C (Both) delivery=98 package=Normal paper=Gloss Art Card 250gsm (2 sides coated) - Best Seller quantities=55 size=A5 (148mm x 210mm)
03:02:34 [info     ] order.progress                 done=40 empty=0 error=4
03:02:34 [info     ] order.recycle_browser          processed=44
03:02:35 [info     ] browser.launched               channel=msedge headless=True
03:04:57 [info     ] order.captured                 colour=4C (Front) delivery=98 package=Normal paper=Gloss Art Card 310gsm (2 sides coated) quantities=22 size=A5 (148mm x 210mm)
03:07:18 [info     ] order.captured                 colour=4C (Both) delivery=98 package=Normal paper=Gloss Art Card 310gsm (2 sides coated) quantities=22 size=A5 (148mm x 210mm)
03:09:41 [info     ] order.captured                 colour=4C (Front) delivery=98 package=Normal paper=Gloss Art Card 360gsm (2 sides coated) quantities=22 size=A5 (148mm x 210mm)
03:12:01 [info     ] order.captured                 colour=4C (Both) delivery=98 package=Normal paper=Gloss Art Card 360gsm (2 sides coated) quantities=22 size=A5 (148mm x 210mm)
03:12:01 [info     ] order.recycle_browser          processed=48
03:12:02 [info     ] browser.launched               channel=msedge headless=True
03:14:10 [info     ] order.captured                 colour=4C (Front) delivery=98 package=Normal paper=Simili 80gsm - Best Seller quantities=20 size=A6 (148mm x 105mm)
03:14:10 [info     ] order.progress                 done=45 empty=0 error=4
03:16:20 [info     ] order.captured                 colour=4C (Both) delivery=98 package=Normal paper=Simili 80gsm - Best Seller quantities=20 size=A6 (148mm x 105mm)
03:18:32 [info     ] order.captured                 colour=4C (Front) delivery=98 package=Normal paper=Simili 100gsm - Best Seller quantities=20 size=A6 (148mm x 105mm)
03:20:41 [info     ] order.captured                 colour=4C (Both) delivery=98 package=Normal paper=Simili 100gsm - Best Seller quantities=20 size=A6 (148mm x 105mm)
03:20:41 [info     ] order.recycle_browser          processed=52
03:20:41 [info     ] browser.launched               channel=msedge headless=True
03:22:50 [info     ] order.captured                 colour=4C (Front) delivery=98 package=Normal paper=Simili 140gsm - Best Seller quantities=20 size=A6 (148mm x 105mm)
03:24:57 [info     ] order.captured                 colour=4C (Both) delivery=98 package=Normal paper=Simili 140gsm - Best Seller quantities=20 size=A6 (148mm x 105mm)
03:24:57 [info     ] order.progress                 done=50 empty=0 error=4
03:27:04 [info     ] order.captured                 colour=4C (Front) delivery=98 package=Normal paper=Gloss Art Paper 100gsm - Best Seller quantities=20 size=A6 (148mm x 105mm)
03:29:15 [error    ] order.error                    error=TimeoutError('Locator.check: Timeout 30000ms exceeded.\nCall log:\n  - waiting for locator("input[name=\'ctl00$mainContent$order_spec_controller1$order_spec_sta
03:29:15 [info     ] browser.launched               channel=msedge headless=True
03:29:46 [warning  ] order.relaunch_retry           attempt=0 error=TimeoutError('Page.goto: Timeout 30000ms exceeded.\nCall log:\n  - navigating to "https://www.excard.com.my/price-list/L retry_in_s=15
03:30:01 [info     ] browser.launched               channel=msedge headless=True
03:30:03 [info     ] order.relaunch_recovered       after_attempts=1
03:30:08 [info     ] order.recycle_browser          processed=56
03:30:08 [info     ] browser.launched               channel=msedge headless=True
03:32:16 [info     ] order.captured                 colour=4C (Both) delivery=98 package=Normal paper=Gloss Art Paper 100gsm - Best Seller quantities=20 size=A6 (148mm x 105mm)
03:34:27 [info     ] order.captured                 colour=4C (Front) delivery=98 package=Normal paper=Gloss Art Paper 128gsm - Best Seller quantities=20 size=A6 (148mm x 105mm)
03:36:34 [info     ] order.captured                 colour=4C (Both) delivery=98 package=Normal paper=Gloss Art Paper 128gsm - Best Seller quantities=20 size=A6 (148mm x 105mm)
03:38:46 [info     ] order.captured                 colour=4C (Front) delivery=98 package=Normal paper=Gloss Art Paper 150gsm - Best Seller quantities=20 size=A6 (148mm x 105mm)
03:38:46 [info     ] order.progress                 done=55 empty=0 error=5
03:38:46 [info     ] order.recycle_browser          processed=60
03:38:46 [info     ] browser.launched               channel=msedge headless=True
03:41:00 [info     ] order.captured                 colour=4C (Both) delivery=98 package=Normal paper=Gloss Art Paper 150gsm - Best Seller quantities=20 size=A6 (148mm x 105mm)
03:43:08 [info     ] order.captured                 colour=4C (Front) delivery=98 package=Normal paper=Matte Art Paper 130gsm - Best Seller quantities=20 size=A6 (148mm x 105mm)
03:45:16 [info     ] order.captured                 colour=4C (Both) delivery=98 package=Normal paper=Matte Art Paper 130gsm - Best Seller quantities=20 size=A6 (148mm x 105mm)
03:45:31 [warning  ] order.configure_failed         paper=Gloss Art Card 230gsm (2 sides coated) size=A6 (148mm x 105mm)
03:45:31 [info     ] order.recycle_browser          processed=64
03:45:32 [info     ] browser.launched               channel=msedge headless=True
03:45:49 [warning  ] order.configure_failed         paper=Gloss Art Card 230gsm (2 sides coated) size=A6 (148mm x 105mm)
03:46:01 [warning  ] order.configure_failed         paper=Gloss Art Card 250gsm (2 sides coated) - Best Seller size=A6 (148mm x 105mm)
03:46:17 [warning  ] order.configure_failed         paper=Gloss Art Card 250gsm (2 sides coated) - Best Seller size=A6 (148mm x 105mm)
03:46:33 [warning  ] order.configure_failed         paper=Gloss Art Card 310gsm (2 sides coated) size=A6 (148mm x 105mm)
03:46:33 [info     ] order.recycle_browser          processed=68
03:46:33 [info     ] browser.launched               channel=msedge headless=True
03:46:49 [warning  ] order.configure_failed         paper=Gloss Art Card 310gsm (2 sides coated) size=A6 (148mm x 105mm)
03:47:04 [warning  ] order.configure_failed         paper=Gloss Art Card 360gsm (2 sides coated) size=A6 (148mm x 105mm)
03:47:16 [warning  ] order.configure_failed         paper=Gloss Art Card 360gsm (2 sides coated) size=A6 (148mm x 105mm)
03:47:36 [warning  ] order.configure_failed         paper=Simili 80gsm - Best Seller size=3xA4 (297mm x 630mm)
03:47:36 [info     ] order.recycle_browser          processed=72
03:47:36 [info     ] browser.launched               channel=msedge headless=True
03:49:08 [info     ] order.captured                 colour=4C (Both) delivery=98 package=Normal paper=Simili 80gsm - Best Seller quantities=13 size=3xA4 (297mm x 630mm)
03:49:29 [warning  ] order.configure_failed         paper=Simili 100gsm - Best Seller size=3xA4 (297mm x 630mm)
03:51:02 [info     ] order.captured                 colour=4C (Both) delivery=98 package=Normal paper=Simili 100gsm - Best Seller quantities=13 size=3xA4 (297mm x 630mm)
03:51:02 [info     ] order.progress                 done=60 empty=10 error=5
03:51:24 [warning  ] order.configure_failed         paper=Simili 140gsm - Best Seller size=3xA4 (297mm x 630mm)
03:51:24 [info     ] order.progress                 done=60 empty=11 error=5
03:51:24 [info     ] order.recycle_browser          processed=76
03:51:25 [info     ] browser.launched               channel=msedge headless=True
03:51:51 [warning  ] order.configure_failed         paper=Simili 140gsm - Best Seller size=3xA4 (297mm x 630mm)
03:51:51 [info     ] order.progress                 done=60 empty=12 error=5
03:52:09 [warning  ] order.configure_failed         paper=Gloss Art Paper 100gsm - Best Seller size=3xA4 (297mm x 630mm)
03:52:09 [info     ] order.progress                 done=60 empty=13 error=5
03:52:31 [warning  ] order.configure_failed         paper=Gloss Art Paper 100gsm - Best Seller size=3xA4 (297mm x 630mm)
03:52:31 [info     ] order.progress                 done=60 empty=14 error=5
03:52:52 [warning  ] order.configure_failed         paper=Gloss Art Paper 128gsm - Best Seller size=3xA4 (297mm x 630mm)
03:52:52 [info     ] order.progress                 done=60 empty=15 error=5
03:52:52 [info     ] order.recycle_browser          processed=80
03:52:53 [info     ] browser.launched               channel=msedge headless=True
03:53:17 [warning  ] order.configure_failed         paper=Gloss Art Paper 128gsm - Best Seller size=3xA4 (297mm x 630mm)
03:53:17 [info     ] order.progress                 done=60 empty=16 error=5
03:53:36 [warning  ] order.configure_failed         paper=Gloss Art Paper 150gsm - Best Seller size=3xA4 (297mm x 630mm)
03:53:36 [info     ] order.progress                 done=60 empty=17 error=5
03:53:57 [warning  ] order.configure_failed         paper=Gloss Art Paper 150gsm - Best Seller size=3xA4 (297mm x 630mm)
03:53:57 [info     ] order.progress                 done=60 empty=18 error=5
03:54:17 [warning  ] order.configure_failed         paper=Matte Art Paper 130gsm - Best Seller size=3xA4 (297mm x 630mm)
03:54:17 [info     ] order.progress                 done=60 empty=19 error=5
03:54:17 [info     ] order.recycle_browser          processed=84
03:54:18 [info     ] browser.launched               channel=msedge headless=True
03:54:41 [warning  ] order.configure_failed         paper=Matte Art Paper 130gsm - Best Seller size=3xA4 (297mm x 630mm)
03:54:41 [info     ] order.progress                 done=60 empty=20 error=5
03:55:00 [warning  ] order.configure_failed         paper=Gloss Art Card 230gsm (2 sides coated) size=3xA4 (297mm x 630mm)
03:55:00 [info     ] order.progress                 done=60 empty=21 error=5
03:55:22 [warning  ] order.configure_failed         paper=Gloss Art Card 230gsm (2 sides coated) size=3xA4 (297mm x 630mm)
03:55:22 [info     ] order.progress                 done=60 empty=22 error=5
03:55:40 [warning  ] order.configure_failed         paper=Gloss Art Card 250gsm (2 sides coated) - Best Seller size=3xA4 (297mm x 630mm)
03:55:40 [info     ] order.progress                 done=60 empty=23 error=5
03:55:40 [info     ] order.recycle_browser          processed=88
03:55:41 [info     ] browser.launched               channel=msedge headless=True
03:56:05 [warning  ] order.configure_failed         paper=Gloss Art Card 250gsm (2 sides coated) - Best Seller size=3xA4 (297mm x 630mm)
03:56:05 [info     ] order.progress                 done=60 empty=24 error=5
03:56:26 [warning  ] order.configure_failed         paper=Gloss Art Card 310gsm (2 sides coated) size=3xA4 (297mm x 630mm)
03:56:26 [info     ] order.progress                 done=60 empty=25 error=5
03:56:44 [warning  ] order.configure_failed         paper=Gloss Art Card 310gsm (2 sides coated) size=3xA4 (297mm x 630mm)
03:56:44 [info     ] order.progress                 done=60 empty=26 error=5
03:57:03 [warning  ] order.configure_failed         paper=Gloss Art Card 360gsm (2 sides coated) size=3xA4 (297mm x 630mm)
03:57:03 [info     ] order.progress                 done=60 empty=27 error=5
03:57:03 [info     ] order.recycle_browser          processed=92
03:57:04 [info     ] browser.launched               channel=msedge headless=True
03:57:27 [warning  ] order.configure_failed         paper=Gloss Art Card 360gsm (2 sides coated) size=3xA4 (297mm x 630mm)
03:57:28 [info     ] order.progress                 done=60 empty=28 error=5
03:57:48 [warning  ] order.configure_failed         paper=Simili 80gsm - Best Seller size=4xA4 (297mm x 840mm)
03:57:48 [info     ] order.progress                 done=60 empty=29 error=5
03:59:18 [info     ] order.captured                 colour=4C (Both) delivery=98 package=Normal paper=Simili 80gsm - Best Seller quantities=13 size=4xA4 (297mm x 840mm)
03:59:39 [warning  ] order.configure_failed         paper=Simili 100gsm - Best Seller size=4xA4 (297mm x 840mm)
03:59:39 [info     ] order.recycle_browser          processed=96
03:59:40 [info     ] browser.launched               channel=msedge headless=True
04:01:15 [info     ] order.captured                 colour=4C (Both) delivery=98 package=Normal paper=Simili 100gsm - Best Seller quantities=13 size=4xA4 (297mm x 840mm)
04:01:35 [warning  ] order.configure_failed         paper=Simili 140gsm - Best Seller size=4xA4 (297mm x 840mm)
04:01:53 [warning  ] order.configure_failed         paper=Simili 140gsm - Best Seller size=4xA4 (297mm x 840mm)
04:02:13 [warning  ] order.configure_failed         paper=Gloss Art Paper 100gsm - Best Seller size=4xA4 (297mm x 840mm)
04:02:13 [info     ] order.recycle_browser          processed=100
04:02:14 [info     ] browser.launched               channel=msedge headless=True
04:02:36 [warning  ] order.configure_failed         paper=Gloss Art Paper 100gsm - Best Seller size=4xA4 (297mm x 840mm)
04:02:55 [warning  ] order.configure_failed         paper=Gloss Art Paper 128gsm - Best Seller size=4xA4 (297mm x 840mm)
04:03:13 [warning  ] order.configure_failed         paper=Gloss Art Paper 128gsm - Best Seller size=4xA4 (297mm x 840mm)
04:03:31 [warning  ] order.configure_failed         paper=Gloss Art Paper 150gsm - Best Seller size=4xA4 (297mm x 840mm)
04:03:31 [info     ] order.recycle_browser          processed=104
04:03:31 [info     ] browser.launched               channel=msedge headless=True
04:03:52 [warning  ] order.configure_failed         paper=Gloss Art Paper 150gsm - Best Seller size=4xA4 (297mm x 840mm)
04:04:13 [warning  ] order.configure_failed         paper=Matte Art Paper 130gsm - Best Seller size=4xA4 (297mm x 840mm)
04:04:32 [warning  ] order.configure_failed         paper=Matte Art Paper 130gsm - Best Seller size=4xA4 (297mm x 840mm)
04:04:47 [warning  ] order.configure_failed         paper=Gloss Art Card 230gsm (2 sides coated) size=4xA4 (297mm x 840mm)
04:04:47 [info     ] order.recycle_browser          processed=108
04:04:48 [info     ] browser.launched               channel=msedge headless=True
04:05:04 [warning  ] order.configure_failed         paper=Gloss Art Card 230gsm (2 sides coated) size=4xA4 (297mm x 840mm)
04:05:26 [warning  ] order.configure_failed         paper=Gloss Art Card 250gsm (2 sides coated) - Best Seller size=4xA4 (297mm x 840mm)
04:05:46 [warning  ] order.configure_failed         paper=Gloss Art Card 250gsm (2 sides coated) - Best Seller size=4xA4 (297mm x 840mm)
04:06:00 [warning  ] order.configure_failed         paper=Gloss Art Card 310gsm (2 sides coated) size=4xA4 (297mm x 840mm)
04:06:00 [info     ] order.recycle_browser          processed=112
04:06:01 [info     ] browser.launched               channel=msedge headless=True
04:06:19 [warning  ] order.configure_failed         paper=Gloss Art Card 310gsm (2 sides coated) size=4xA4 (297mm x 840mm)
04:06:32 [warning  ] order.configure_failed         paper=Gloss Art Card 360gsm (2 sides coated) size=4xA4 (297mm x 840mm)
04:06:45 [warning  ] order.configure_failed         paper=Gloss Art Card 360gsm (2 sides coated) size=4xA4 (297mm x 840mm)
04:07:02 [warning  ] order.configure_failed         paper=Simili 80gsm - Best Seller size=4xA5 (210mm x 594mm)
04:07:02 [info     ] order.recycle_browser          processed=116
04:07:02 [info     ] browser.launched               channel=msedge headless=True
04:08:39 [info     ] order.captured                 colour=4C (Both) delivery=98 package=Normal paper=Simili 80gsm - Best Seller quantities=13 size=4xA5 (210mm x 594mm)
04:08:57 [warning  ] order.configure_failed         paper=Simili 100gsm - Best Seller size=4xA5 (210mm x 594mm)
04:10:23 [info     ] order.captured                 colour=4C (Both) delivery=98 package=Normal paper=Simili 100gsm - Best Seller quantities=13 size=4xA5 (210mm x 594mm)
04:10:41 [warning  ] order.configure_failed         paper=Simili 140gsm - Best Seller size=4xA5 (210mm x 594mm)
04:10:41 [info     ] order.recycle_browser          processed=120
04:10:42 [info     ] browser.launched               channel=msedge headless=True
04:11:03 [warning  ] order.configure_failed         paper=Simili 140gsm - Best Seller size=4xA5 (210mm x 594mm)
04:11:23 [warning  ] order.configure_failed         paper=Gloss Art Paper 100gsm - Best Seller size=4xA5 (210mm x 594mm)
04:11:42 [warning  ] order.configure_failed         paper=Gloss Art Paper 100gsm - Best Seller size=4xA5 (210mm x 594mm)
04:12:05 [warning  ] order.configure_failed         paper=Gloss Art Paper 128gsm - Best Seller size=4xA5 (210mm x 594mm)
04:12:05 [info     ] order.recycle_browser          processed=124
04:12:05 [info     ] browser.launched               channel=msedge headless=True
04:12:30 [warning  ] order.configure_failed         paper=Gloss Art Paper 128gsm - Best Seller size=4xA5 (210mm x 594mm)
04:12:52 [warning  ] order.configure_failed         paper=Gloss Art Paper 150gsm - Best Seller size=4xA5 (210mm x 594mm)
04:13:13 [warning  ] order.configure_failed         paper=Gloss Art Paper 150gsm - Best Seller size=4xA5 (210mm x 594mm)
04:13:33 [warning  ] order.configure_failed         paper=Matte Art Paper 130gsm - Best Seller size=4xA5 (210mm x 594mm)
04:13:33 [info     ] order.recycle_browser          processed=128
04:13:33 [info     ] browser.launched               channel=msedge headless=True
04:13:55 [warning  ] order.configure_failed         paper=Matte Art Paper 130gsm - Best Seller size=4xA5 (210mm x 594mm)
04:14:12 [warning  ] order.configure_failed         paper=Gloss Art Card 230gsm (2 sides coated) size=4xA5 (210mm x 594mm)
04:14:34 [warning  ] order.configure_failed         paper=Gloss Art Card 230gsm (2 sides coated) size=4xA5 (210mm x 594mm)
04:14:52 [warning  ] order.configure_failed         paper=Gloss Art Card 250gsm (2 sides coated) - Best Seller size=4xA5 (210mm x 594mm)
04:14:52 [info     ] order.recycle_browser          processed=132
04:14:52 [info     ] browser.launched               channel=msedge headless=True
04:15:13 [warning  ] order.configure_failed         paper=Gloss Art Card 250gsm (2 sides coated) - Best Seller size=4xA5 (210mm x 594mm)
04:15:34 [warning  ] order.configure_failed         paper=Gloss Art Card 310gsm (2 sides coated) size=4xA5 (210mm x 594mm)
04:15:53 [warning  ] order.configure_failed         paper=Gloss Art Card 310gsm (2 sides coated) size=4xA5 (210mm x 594mm)
04:16:15 [warning  ] order.configure_failed         paper=Gloss Art Card 360gsm (2 sides coated) size=4xA5 (210mm x 594mm)
04:16:15 [info     ] order.recycle_browser          processed=136
04:16:15 [info     ] browser.launched               channel=msedge headless=True
04:16:41 [warning  ] order.configure_failed         paper=Gloss Art Card 360gsm (2 sides coated) size=4xA5 (210mm x 594mm)
04:18:54 [info     ] order.captured                 colour=4C (Front) delivery=98 package=Normal paper=Simili 80gsm - Best Seller quantities=20 size=Others
04:18:54 [info     ] order.progress                 done=65 empty=68 error=5
04:21:09 [info     ] order.captured                 colour=4C (Both) delivery=98 package=Normal paper=Simili 80gsm - Best Seller quantities=20 size=Others
04:23:26 [info     ] order.captured                 colour=4C (Front) delivery=98 package=Normal paper=Simili 100gsm - Best Seller quantities=20 size=Others
04:23:26 [info     ] order.recycle_browser          processed=140
04:23:27 [info     ] browser.launched               channel=msedge headless=True
04:25:42 [info     ] order.captured                 colour=4C (Both) delivery=98 package=Normal paper=Simili 100gsm - Best Seller quantities=20 size=Others
04:27:52 [info     ] order.captured                 colour=4C (Front) delivery=98 package=Normal paper=Simili 140gsm - Best Seller quantities=20 size=Others
04:30:07 [info     ] order.captured                 colour=4C (Both) delivery=98 package=Normal paper=Simili 140gsm - Best Seller quantities=20 size=Others
04:30:07 [info     ] order.progress                 done=70 empty=68 error=5
04:32:25 [info     ] order.captured                 colour=4C (Front) delivery=98 package=Normal paper=Gloss Art Paper 100gsm - Best Seller quantities=20 size=Others
04:32:25 [info     ] order.recycle_browser          processed=144
04:32:25 [info     ] browser.launched               channel=msedge headless=True
04:34:40 [info     ] order.captured                 colour=4C (Both) delivery=98 package=Normal paper=Gloss Art Paper 100gsm - Best Seller quantities=20 size=Others
04:36:52 [info     ] order.captured                 colour=4C (Front) delivery=98 package=Normal paper=Gloss Art Paper 128gsm - Best Seller quantities=20 size=Others
04:39:07 [info     ] order.captured                 colour=4C (Both) delivery=98 package=Normal paper=Gloss Art Paper 128gsm - Best Seller quantities=20 size=Others
04:41:22 [info     ] order.captured                 colour=4C (Front) delivery=98 package=Normal paper=Gloss Art Paper 150gsm - Best Seller quantities=20 size=Others
04:41:22 [info     ] order.progress                 done=75 empty=68 error=5
04:41:22 [info     ] order.recycle_browser          processed=148
04:41:23 [info     ] browser.launched               channel=msedge headless=True
04:43:43 [info     ] order.captured                 colour=4C (Both) delivery=98 package=Normal paper=Gloss Art Paper 150gsm - Best Seller quantities=20 size=Others
04:45:54 [info     ] order.captured                 colour=4C (Front) delivery=98 package=Normal paper=Matte Art Paper 130gsm - Best Seller quantities=20 size=Others
04:48:13 [info     ] order.captured                 colour=4C (Both) delivery=98 package=Normal paper=Matte Art Paper 130gsm - Best Seller quantities=20 size=Others
04:48:26 [warning  ] order.configure_failed         paper=Gloss Art Card 230gsm (2 sides coated) size=Others
04:48:26 [info     ] order.recycle_browser          processed=152
04:48:26 [info     ] browser.launched               channel=msedge headless=True
04:48:44 [warning  ] order.configure_failed         paper=Gloss Art Card 230gsm (2 sides coated) size=Others
04:48:57 [warning  ] order.configure_failed         paper=Gloss Art Card 250gsm (2 sides coated) - Best Seller size=Others
04:49:11 [warning  ] order.configure_failed         paper=Gloss Art Card 250gsm (2 sides coated) - Best Seller size=Others
04:49:26 [warning  ] order.configure_failed         paper=Gloss Art Card 310gsm (2 sides coated) size=Others
04:49:26 [info     ] order.recycle_browser          processed=156
04:49:27 [info     ] browser.launched               channel=msedge headless=True
04:49:43 [warning  ] order.configure_failed         paper=Gloss Art Card 310gsm (2 sides coated) size=Others
04:49:59 [warning  ] order.configure_failed         paper=Gloss Art Card 360gsm (2 sides coated) size=Others
04:50:12 [warning  ] order.configure_failed         paper=Gloss Art Card 360gsm (2 sides coated) size=Others
04:50:33 [warning  ] order.configure_failed         paper=Simili 80gsm - Best Seller size=A1 (594mm x 840mm)
04:50:33 [info     ] order.recycle_browser          processed=160
04:50:34 [info     ] browser.launched               channel=msedge headless=True
04:50:55 [warning  ] order.configure_failed         paper=Simili 80gsm - Best Seller size=A1 (594mm x 840mm)
04:51:13 [warning  ] order.configure_failed         paper=Simili 100gsm - Best Seller size=A1 (594mm x 840mm)
04:51:33 [warning  ] order.configure_failed         paper=Simili 100gsm - Best Seller size=A1 (594mm x 840mm)
04:51:53 [warning  ] order.configure_failed         paper=Simili 140gsm - Best Seller size=A1 (594mm x 840mm)
04:51:53 [info     ] order.recycle_browser          processed=164
04:51:54 [info     ] browser.launched               channel=msedge headless=True
04:52:17 [warning  ] order.configure_failed         paper=Simili 140gsm - Best Seller size=A1 (594mm x 840mm)
04:52:37 [warning  ] order.configure_failed         paper=Gloss Art Paper 100gsm - Best Seller size=A1 (594mm x 840mm)
04:52:55 [warning  ] order.configure_failed         paper=Gloss Art Paper 100gsm - Best Seller size=A1 (594mm x 840mm)
04:53:16 [warning  ] order.configure_failed         paper=Gloss Art Paper 128gsm - Best Seller size=A1 (594mm x 840mm)
04:53:16 [info     ] order.recycle_browser          processed=168
04:53:16 [info     ] browser.launched               channel=msedge headless=True
04:53:40 [warning  ] order.configure_failed         paper=Gloss Art Paper 128gsm - Best Seller size=A1 (594mm x 840mm)
04:54:00 [warning  ] order.configure_failed         paper=Gloss Art Paper 150gsm - Best Seller size=A1 (594mm x 840mm)
04:54:21 [warning  ] order.configure_failed         paper=Gloss Art Paper 150gsm - Best Seller size=A1 (594mm x 840mm)
04:54:43 [warning  ] order.configure_failed         paper=Matte Art Paper 130gsm - Best Seller size=A1 (594mm x 840mm)
04:54:43 [info     ] order.recycle_browser          processed=172
04:54:43 [info     ] browser.launched               channel=msedge headless=True
04:55:06 [warning  ] order.configure_failed         paper=Matte Art Paper 130gsm - Best Seller size=A1 (594mm x 840mm)
04:55:20 [warning  ] order.configure_failed         paper=Gloss Art Card 230gsm (2 sides coated) size=A1 (594mm x 840mm)
04:55:34 [warning  ] order.configure_failed         paper=Gloss Art Card 230gsm (2 sides coated) size=A1 (594mm x 840mm)
04:55:55 [warning  ] order.configure_failed         paper=Gloss Art Card 250gsm (2 sides coated) - Best Seller size=A1 (594mm x 840mm)
04:55:55 [info     ] order.recycle_browser          processed=176
04:55:56 [info     ] browser.launched               channel=msedge headless=True
04:56:21 [warning  ] order.configure_failed         paper=Gloss Art Card 250gsm (2 sides coated) - Best Seller size=A1 (594mm x 840mm)
04:56:35 [warning  ] order.configure_failed         paper=Gloss Art Card 310gsm (2 sides coated) size=A1 (594mm x 840mm)
04:56:48 [warning  ] order.configure_failed         paper=Gloss Art Card 310gsm (2 sides coated) size=A1 (594mm x 840mm)
04:57:03 [warning  ] order.configure_failed         paper=Gloss Art Card 360gsm (2 sides coated) size=A1 (594mm x 840mm)
04:57:03 [info     ] order.recycle_browser          processed=180
04:57:03 [info     ] browser.launched               channel=msedge headless=True
04:57:19 [warning  ] order.configure_failed         paper=Gloss Art Card 360gsm (2 sides coated) size=A1 (594mm x 840mm)
05:00:06 [info     ] order.captured                 colour=1C (Front) delivery=98 package=Normal paper=Simili 80gsm - Best Seller quantities=20 size=A2 (420mm x 594mm)
05:02:42 [info     ] order.captured                 colour=1C (Both) delivery=98 package=Normal paper=Simili 80gsm - Best Seller quantities=20 size=A2 (420mm x 594mm)
05:02:42 [info     ] order.progress                 done=80 empty=98 error=5
05:05:32 [info     ] order.captured                 colour=1C (Front) delivery=98 package=Normal paper=Simili 100gsm - Best Seller quantities=20 size=A2 (420mm x 594mm)
05:05:33 [info     ] order.recycle_browser          processed=184
05:05:33 [info     ] browser.launched               channel=msedge headless=True
05:08:18 [info     ] order.captured                 colour=1C (Both) delivery=98 package=Normal paper=Simili 100gsm - Best Seller quantities=20 size=A2 (420mm x 594mm)
05:08:39 [warning  ] order.configure_failed         paper=Simili 140gsm - Best Seller size=A2 (420mm x 594mm)
05:09:01 [warning  ] order.configure_failed         paper=Simili 140gsm - Best Seller size=A2 (420mm x 594mm)
05:09:20 [warning  ] order.configure_failed         paper=Gloss Art Paper 100gsm - Best Seller size=A2 (420mm x 594mm)
05:09:20 [info     ] order.recycle_browser          processed=188
05:09:20 [info     ] browser.launched               channel=msedge headless=True
05:09:41 [warning  ] order.configure_failed         paper=Gloss Art Paper 100gsm - Best Seller size=A2 (420mm x 594mm)
05:10:02 [warning  ] order.configure_failed         paper=Gloss Art Paper 128gsm - Best Seller size=A2 (420mm x 594mm)
05:10:24 [warning  ] order.configure_failed         paper=Gloss Art Paper 128gsm - Best Seller size=A2 (420mm x 594mm)
05:10:45 [warning  ] order.configure_failed         paper=Gloss Art Paper 150gsm - Best Seller size=A2 (420mm x 594mm)
05:10:45 [info     ] order.recycle_browser          processed=192
05:10:45 [info     ] browser.launched               channel=msedge headless=True
05:11:09 [warning  ] order.configure_failed         paper=Gloss Art Paper 150gsm - Best Seller size=A2 (420mm x 594mm)
05:11:32 [warning  ] order.configure_failed         paper=Matte Art Paper 130gsm - Best Seller size=A2 (420mm x 594mm)
05:11:52 [warning  ] order.configure_failed         paper=Matte Art Paper 130gsm - Best Seller size=A2 (420mm x 594mm)
05:12:15 [warning  ] order.configure_failed         paper=Gloss Art Card 230gsm (2 sides coated) size=A2 (420mm x 594mm)
05:12:15 [info     ] order.recycle_browser          processed=196
05:12:15 [info     ] browser.launched               channel=msedge headless=True
05:12:39 [warning  ] order.configure_failed         paper=Gloss Art Card 230gsm (2 sides coated) size=A2 (420mm x 594mm)
05:13:03 [warning  ] order.configure_failed         paper=Gloss Art Card 250gsm (2 sides coated) - Best Seller size=A2 (420mm x 594mm)
05:13:23 [warning  ] order.configure_failed         paper=Gloss Art Card 250gsm (2 sides coated) - Best Seller size=A2 (420mm x 594mm)
05:13:42 [warning  ] order.configure_failed         paper=Gloss Art Card 310gsm (2 sides coated) size=A2 (420mm x 594mm)
05:13:42 [info     ] order.recycle_browser          processed=200
05:13:43 [info     ] browser.launched               channel=msedge headless=True
05:14:03 [warning  ] order.configure_failed         paper=Gloss Art Card 310gsm (2 sides coated) size=A2 (420mm x 594mm)
05:14:22 [warning  ] order.configure_failed         paper=Gloss Art Card 360gsm (2 sides coated) size=A2 (420mm x 594mm)
05:14:43 [warning  ] order.configure_failed         paper=Gloss Art Card 360gsm (2 sides coated) size=A2 (420mm x 594mm)
05:17:50 [info     ] order.captured                 colour=1C (Front) delivery=98 package=Normal paper=Simili 80gsm - Best Seller quantities=25 size=A3 (297mm x 420mm)
05:17:50 [info     ] order.recycle_browser          processed=204
05:17:51 [info     ] browser.launched               channel=msedge headless=True
05:21:00 [info     ] order.captured                 colour=1C (Both) delivery=98 package=Normal paper=Simili 80gsm - Best Seller quantities=25 size=A3 (297mm x 420mm)
05:24:17 [info     ] order.captured                 colour=1C (Front) delivery=98 package=Normal paper=Simili 100gsm - Best Seller quantities=25 size=A3 (297mm x 420mm)
05:24:17 [info     ] order.progress                 done=85 empty=116 error=5
05:27:36 [info     ] order.captured                 colour=1C (Both) delivery=98 package=Normal paper=Simili 100gsm - Best Seller quantities=25 size=A3 (297mm x 420mm)
05:27:58 [warning  ] order.configure_failed         paper=Simili 140gsm - Best Seller size=A3 (297mm x 420mm)
05:27:58 [info     ] order.recycle_browser          processed=208
05:27:58 [info     ] browser.launched               channel=msedge headless=True
05:28:21 [warning  ] order.configure_failed         paper=Simili 140gsm - Best Seller size=A3 (297mm x 420mm)
05:28:41 [warning  ] order.configure_failed         paper=Gloss Art Paper 100gsm - Best Seller size=A3 (297mm x 420mm)
05:29:03 [warning  ] order.configure_failed         paper=Gloss Art Paper 100gsm - Best Seller size=A3 (297mm x 420mm)
05:29:22 [warning  ] order.configure_failed         paper=Gloss Art Paper 128gsm - Best Seller size=A3 (297mm x 420mm)
05:29:22 [info     ] order.recycle_browser          processed=212
05:29:22 [info     ] browser.launched               channel=msedge headless=True
05:29:43 [warning  ] order.configure_failed         paper=Gloss Art Paper 128gsm - Best Seller size=A3 (297mm x 420mm)
05:30:06 [warning  ] order.configure_failed         paper=Gloss Art Paper 150gsm - Best Seller size=A3 (297mm x 420mm)
05:30:26 [warning  ] order.configure_failed         paper=Gloss Art Paper 150gsm - Best Seller size=A3 (297mm x 420mm)
05:30:46 [warning  ] order.configure_failed         paper=Matte Art Paper 130gsm - Best Seller size=A3 (297mm x 420mm)
05:30:46 [info     ] order.recycle_browser          processed=216
05:30:47 [info     ] browser.launched               channel=msedge headless=True
05:31:10 [warning  ] order.configure_failed         paper=Matte Art Paper 130gsm - Best Seller size=A3 (297mm x 420mm)
05:31:33 [warning  ] order.configure_failed         paper=Gloss Art Card 230gsm (2 sides coated) size=A3 (297mm x 420mm)
05:31:53 [warning  ] order.configure_failed         paper=Gloss Art Card 230gsm (2 sides coated) size=A3 (297mm x 420mm)
05:32:17 [warning  ] order.configure_failed         paper=Gloss Art Card 250gsm (2 sides coated) - Best Seller size=A3 (297mm x 420mm)
05:32:17 [info     ] order.recycle_browser          processed=220
05:32:17 [info     ] browser.launched               channel=msedge headless=True
05:32:42 [warning  ] order.configure_failed         paper=Gloss Art Card 250gsm (2 sides coated) - Best Seller size=A3 (297mm x 420mm)
05:33:03 [warning  ] order.configure_failed         paper=Gloss Art Card 310gsm (2 sides coated) size=A3 (297mm x 420mm)
05:33:23 [warning  ] order.configure_failed         paper=Gloss Art Card 310gsm (2 sides coated) size=A3 (297mm x 420mm)
05:33:45 [warning  ] order.configure_failed         paper=Gloss Art Card 360gsm (2 sides coated) size=A3 (297mm x 420mm)
05:33:45 [info     ] order.recycle_browser          processed=224
05:33:45 [info     ] browser.launched               channel=msedge headless=True
05:34:08 [warning  ] order.configure_failed         paper=Gloss Art Card 360gsm (2 sides coated) size=A3 (297mm x 420mm)
05:37:09 [info     ] order.captured                 colour=1C (Front) delivery=98 package=Normal paper=Simili 80gsm - Best Seller quantities=25 size=A4 (210mm x 297mm)
05:39:03 [error    ] order.error                    error=TimeoutError('Locator.check: Timeout 30000ms exceeded.\nCall log:\n  - waiting for locator("input[name=\'ctl00$mainContent$order_spec_controller1$order_spec_sta
05:39:04 [info     ] browser.launched               channel=msedge headless=True
05:39:34 [warning  ] order.relaunch_retry           attempt=0 error=TimeoutError('Page.goto: Timeout 30000ms exceeded.\nCall log:\n  - navigating to "https://www.excard.com.my/price-list/L retry_in_s=15
05:39:49 [info     ] browser.launched               channel=msedge headless=True
05:40:20 [warning  ] order.relaunch_retry           attempt=1 error=TimeoutError('Page.goto: Timeout 30000ms exceeded.\nCall log:\n  - navigating to "https://www.excard.com.my/price-list/L retry_in_s=30
05:40:50 [info     ] browser.launched               channel=msedge headless=True
05:40:52 [info     ] order.relaunch_recovered       after_attempts=2
05:43:56 [info     ] order.captured                 colour=1C (Both) delivery=98 package=Normal paper=Simili 80gsm - Best Seller quantities=25 size=A4 (210mm x 297mm)
05:43:56 [info     ] order.recycle_browser          processed=228
05:43:56 [info     ] browser.launched               channel=msedge headless=True
05:47:08 [info     ] order.captured                 colour=1C (Front) delivery=98 package=Normal paper=Simili 100gsm - Best Seller quantities=25 size=A4 (210mm x 297mm)
05:50:17 [info     ] order.captured                 colour=1C (Both) delivery=98 package=Normal paper=Simili 100gsm - Best Seller quantities=25 size=A4 (210mm x 297mm)
05:50:17 [info     ] order.progress                 done=90 empty=134 error=6
05:50:40 [warning  ] order.configure_failed         paper=Simili 140gsm - Best Seller size=A4 (210mm x 297mm)
05:50:40 [info     ] order.progress                 done=90 empty=135 error=6
05:51:01 [warning  ] order.configure_failed         paper=Simili 140gsm - Best Seller size=A4 (210mm x 297mm)
05:51:01 [info     ] order.progress                 done=90 empty=136 error=6
05:51:01 [info     ] order.recycle_browser          processed=232
05:51:02 [info     ] browser.launched               channel=msedge headless=True
05:51:26 [warning  ] order.configure_failed         paper=Gloss Art Paper 100gsm - Best Seller size=A4 (210mm x 297mm)
05:51:26 [info     ] order.progress                 done=90 empty=137 error=6
05:51:48 [warning  ] order.configure_failed         paper=Gloss Art Paper 100gsm - Best Seller size=A4 (210mm x 297mm)
05:51:48 [info     ] order.progress                 done=90 empty=138 error=6
05:52:11 [warning  ] order.configure_failed         paper=Gloss Art Paper 128gsm - Best Seller size=A4 (210mm x 297mm)
05:52:11 [info     ] order.progress                 done=90 empty=139 error=6
05:52:35 [warning  ] order.configure_failed         paper=Gloss Art Paper 128gsm - Best Seller size=A4 (210mm x 297mm)
05:52:35 [info     ] order.progress                 done=90 empty=140 error=6
05:52:35 [info     ] order.recycle_browser          processed=236
05:52:36 [info     ] browser.launched               channel=msedge headless=True
05:53:00 [warning  ] order.configure_failed         paper=Gloss Art Paper 150gsm - Best Seller size=A4 (210mm x 297mm)
05:53:00 [info     ] order.progress                 done=90 empty=141 error=6
05:53:21 [warning  ] order.configure_failed         paper=Gloss Art Paper 150gsm - Best Seller size=A4 (210mm x 297mm)
05:53:21 [info     ] order.progress                 done=90 empty=142 error=6
05:53:42 [warning  ] order.configure_failed         paper=Matte Art Paper 130gsm - Best Seller size=A4 (210mm x 297mm)
05:53:42 [info     ] order.progress                 done=90 empty=143 error=6
05:53:59 [warning  ] order.configure_failed         paper=Matte Art Paper 130gsm - Best Seller size=A4 (210mm x 297mm)
05:53:59 [info     ] order.progress                 done=90 empty=144 error=6
05:53:59 [info     ] order.recycle_browser          processed=240
05:54:00 [info     ] browser.launched               channel=msedge headless=True
05:54:25 [warning  ] order.configure_failed         paper=Gloss Art Card 230gsm (2 sides coated) size=A4 (210mm x 297mm)
05:54:25 [info     ] order.progress                 done=90 empty=145 error=6
05:54:46 [warning  ] order.configure_failed         paper=Gloss Art Card 230gsm (2 sides coated) size=A4 (210mm x 297mm)
05:54:46 [info     ] order.progress                 done=90 empty=146 error=6
05:55:09 [warning  ] order.configure_failed         paper=Gloss Art Card 250gsm (2 sides coated) - Best Seller size=A4 (210mm x 297mm)
05:55:09 [info     ] order.progress                 done=90 empty=147 error=6
05:55:32 [warning  ] order.configure_failed         paper=Gloss Art Card 250gsm (2 sides coated) - Best Seller size=A4 (210mm x 297mm)
05:55:32 [info     ] order.progress                 done=90 empty=148 error=6
05:55:32 [info     ] order.recycle_browser          processed=244
05:55:33 [info     ] browser.launched               channel=msedge headless=True
05:55:55 [warning  ] order.configure_failed         paper=Gloss Art Card 310gsm (2 sides coated) size=A4 (210mm x 297mm)
05:55:55 [info     ] order.progress                 done=90 empty=149 error=6
05:56:17 [warning  ] order.configure_failed         paper=Gloss Art Card 310gsm (2 sides coated) size=A4 (210mm x 297mm)
05:56:17 [info     ] order.progress                 done=90 empty=150 error=6
05:56:39 [warning  ] order.configure_failed         paper=Gloss Art Card 360gsm (2 sides coated) size=A4 (210mm x 297mm)
05:56:39 [info     ] order.progress                 done=90 empty=151 error=6
05:57:01 [warning  ] order.configure_failed         paper=Gloss Art Card 360gsm (2 sides coated) size=A4 (210mm x 297mm)
05:57:01 [info     ] order.progress                 done=90 empty=152 error=6
05:57:01 [info     ] order.recycle_browser          processed=248
05:57:01 [info     ] browser.launched               channel=msedge headless=True
06:00:14 [info     ] order.captured                 colour=1C (Front) delivery=98 package=Normal paper=Simili 80gsm - Best Seller quantities=25 size=A5 (148mm x 210mm)
06:03:15 [info     ] order.captured                 colour=1C (Both) delivery=98 package=Normal paper=Simili 80gsm - Best Seller quantities=25 size=A5 (148mm x 210mm)
06:06:20 [info     ] order.captured                 colour=1C (Front) delivery=98 package=Normal paper=Simili 100gsm - Best Seller quantities=25 size=A5 (148mm x 210mm)
06:09:32 [info     ] order.captured                 colour=1C (Both) delivery=98 package=Normal paper=Simili 100gsm - Best Seller quantities=25 size=A5 (148mm x 210mm)
06:09:32 [info     ] order.recycle_browser          processed=252
06:09:33 [info     ] browser.launched               channel=msedge headless=True
06:10:00 [warning  ] order.configure_failed         paper=Simili 140gsm - Best Seller size=A5 (148mm x 210mm)
06:10:20 [warning  ] order.configure_failed         paper=Simili 140gsm - Best Seller size=A5 (148mm x 210mm)
06:10:40 [warning  ] order.configure_failed         paper=Gloss Art Paper 100gsm - Best Seller size=A5 (148mm x 210mm)
06:11:03 [warning  ] order.configure_failed         paper=Gloss Art Paper 100gsm - Best Seller size=A5 (148mm x 210mm)
06:11:03 [info     ] order.recycle_browser          processed=256
06:11:03 [info     ] browser.launched               channel=msedge headless=True
06:11:28 [warning  ] order.configure_failed         paper=Gloss Art Paper 128gsm - Best Seller size=A5 (148mm x 210mm)
06:11:48 [warning  ] order.configure_failed         paper=Gloss Art Paper 128gsm - Best Seller size=A5 (148mm x 210mm)
06:12:08 [warning  ] order.configure_failed         paper=Gloss Art Paper 150gsm - Best Seller size=A5 (148mm x 210mm)
06:12:30 [warning  ] order.configure_failed         paper=Gloss Art Paper 150gsm - Best Seller size=A5 (148mm x 210mm)
06:12:30 [info     ] order.recycle_browser          processed=260
06:12:30 [info     ] browser.launched               channel=msedge headless=True
06:12:53 [warning  ] order.configure_failed         paper=Matte Art Paper 130gsm - Best Seller size=A5 (148mm x 210mm)
06:13:10 [warning  ] order.configure_failed         paper=Matte Art Paper 130gsm - Best Seller size=A5 (148mm x 210mm)
06:13:33 [warning  ] order.configure_failed         paper=Gloss Art Card 230gsm (2 sides coated) size=A5 (148mm x 210mm)
06:13:53 [warning  ] order.configure_failed         paper=Gloss Art Card 230gsm (2 sides coated) size=A5 (148mm x 210mm)
06:13:53 [info     ] order.recycle_browser          processed=264
06:13:54 [info     ] browser.launched               channel=msedge headless=True
06:14:22 [warning  ] order.configure_failed         paper=Gloss Art Card 250gsm (2 sides coated) - Best Seller size=A5 (148mm x 210mm)
06:14:41 [warning  ] order.configure_failed         paper=Gloss Art Card 250gsm (2 sides coated) - Best Seller size=A5 (148mm x 210mm)
06:15:01 [warning  ] order.configure_failed         paper=Gloss Art Card 310gsm (2 sides coated) size=A5 (148mm x 210mm)
06:15:26 [warning  ] order.configure_failed         paper=Gloss Art Card 310gsm (2 sides coated) size=A5 (148mm x 210mm)
06:15:26 [info     ] order.recycle_browser          processed=268
06:15:26 [info     ] browser.launched               channel=msedge headless=True
06:15:51 [warning  ] order.configure_failed         paper=Gloss Art Card 360gsm (2 sides coated) size=A5 (148mm x 210mm)
06:16:11 [warning  ] order.configure_failed         paper=Gloss Art Card 360gsm (2 sides coated) size=A5 (148mm x 210mm)
06:16:34 [warning  ] order.configure_failed         paper=Simili 80gsm - Best Seller size=A6 (148mm x 105mm)
06:16:54 [warning  ] order.configure_failed         paper=Simili 80gsm - Best Seller size=A6 (148mm x 105mm)
06:16:55 [info     ] order.recycle_browser          processed=272
06:16:55 [info     ] browser.launched               channel=msedge headless=True
06:17:17 [warning  ] order.configure_failed         paper=Simili 100gsm - Best Seller size=A6 (148mm x 105mm)
06:17:37 [warning  ] order.configure_failed         paper=Simili 100gsm - Best Seller size=A6 (148mm x 105mm)
06:17:56 [warning  ] order.configure_failed         paper=Simili 140gsm - Best Seller size=A6 (148mm x 105mm)
06:18:17 [warning  ] order.configure_failed         paper=Simili 140gsm - Best Seller size=A6 (148mm x 105mm)
06:18:17 [info     ] order.recycle_browser          processed=276
06:18:18 [info     ] browser.launched               channel=msedge headless=True
06:18:46 [warning  ] order.configure_failed         paper=Gloss Art Paper 100gsm - Best Seller size=A6 (148mm x 105mm)
06:19:07 [warning  ] order.configure_failed         paper=Gloss Art Paper 100gsm - Best Seller size=A6 (148mm x 105mm)
06:19:28 [warning  ] order.configure_failed         paper=Gloss Art Paper 128gsm - Best Seller size=A6 (148mm x 105mm)
06:19:48 [warning  ] order.configure_failed         paper=Gloss Art Paper 128gsm - Best Seller size=A6 (148mm x 105mm)
06:19:48 [info     ] order.recycle_browser          processed=280
06:19:49 [info     ] browser.launched               channel=msedge headless=True
06:20:15 [warning  ] order.configure_failed         paper=Gloss Art Paper 150gsm - Best Seller size=A6 (148mm x 105mm)
06:20:36 [warning  ] order.configure_failed         paper=Gloss Art Paper 150gsm - Best Seller size=A6 (148mm x 105mm)
06:20:59 [warning  ] order.configure_failed         paper=Matte Art Paper 130gsm - Best Seller size=A6 (148mm x 105mm)
06:21:19 [warning  ] order.configure_failed         paper=Matte Art Paper 130gsm - Best Seller size=A6 (148mm x 105mm)
06:21:19 [info     ] order.recycle_browser          processed=284
06:21:19 [info     ] browser.launched               channel=msedge headless=True
06:21:38 [warning  ] order.configure_failed         paper=Gloss Art Card 230gsm (2 sides coated) size=A6 (148mm x 105mm)
06:21:51 [warning  ] order.configure_failed         paper=Gloss Art Card 230gsm (2 sides coated) size=A6 (148mm x 105mm)
06:22:08 [warning  ] order.configure_failed         paper=Gloss Art Card 250gsm (2 sides coated) - Best Seller size=A6 (148mm x 105mm)
06:22:22 [warning  ] order.configure_failed         paper=Gloss Art Card 250gsm (2 sides coated) - Best Seller size=A6 (148mm x 105mm)
06:22:22 [info     ] order.recycle_browser          processed=288
06:22:23 [info     ] browser.launched               channel=msedge headless=True
06:22:41 [warning  ] order.configure_failed         paper=Gloss Art Card 310gsm (2 sides coated) size=A6 (148mm x 105mm)
06:22:57 [warning  ] order.configure_failed         paper=Gloss Art Card 310gsm (2 sides coated) size=A6 (148mm x 105mm)
06:23:11 [warning  ] order.configure_failed         paper=Gloss Art Card 360gsm (2 sides coated) size=A6 (148mm x 105mm)
06:23:28 [warning  ] order.configure_failed         paper=Gloss Art Card 360gsm (2 sides coated) size=A6 (148mm x 105mm)
06:23:28 [info     ] order.recycle_browser          processed=292
06:23:28 [info     ] browser.launched               channel=msedge headless=True
06:23:52 [warning  ] order.configure_failed         paper=Simili 80gsm - Best Seller size=3xA4 (297mm x 630mm)
06:25:44 [info     ] order.captured                 colour=1C (Both) delivery=98 package=Normal paper=Simili 80gsm - Best Seller quantities=13 size=3xA4 (297mm x 630mm)
06:25:44 [info     ] order.progress                 done=95 empty=193 error=6
06:26:05 [warning  ] order.configure_failed         paper=Simili 100gsm - Best Seller size=3xA4 (297mm x 630mm)
06:26:05 [info     ] order.progress                 done=95 empty=194 error=6
06:27:51 [info     ] order.captured                 colour=1C (Both) delivery=98 package=Normal paper=Simili 100gsm - Best Seller quantities=13 size=3xA4 (297mm x 630mm)
06:27:51 [info     ] order.recycle_browser          processed=296
06:27:52 [info     ] browser.launched               channel=msedge headless=True
06:28:17 [warning  ] order.configure_failed         paper=Simili 140gsm - Best Seller size=3xA4 (297mm x 630mm)
06:28:41 [warning  ] order.configure_failed         paper=Simili 140gsm - Best Seller size=3xA4 (297mm x 630mm)
06:29:02 [warning  ] order.configure_failed         paper=Gloss Art Paper 100gsm - Best Seller size=3xA4 (297mm x 630mm)
06:29:26 [warning  ] order.configure_failed         paper=Gloss Art Paper 100gsm - Best Seller size=3xA4 (297mm x 630mm)
06:29:26 [info     ] order.recycle_browser          processed=300
06:29:26 [info     ] browser.launched               channel=msedge headless=True
06:29:48 [warning  ] order.configure_failed         paper=Gloss Art Paper 128gsm - Best Seller size=3xA4 (297mm x 630mm)
06:30:09 [warning  ] order.configure_failed         paper=Gloss Art Paper 128gsm - Best Seller size=3xA4 (297mm x 630mm)
06:30:32 [warning  ] order.configure_failed         paper=Gloss Art Paper 150gsm - Best Seller size=3xA4 (297mm x 630mm)
06:30:53 [warning  ] order.configure_failed         paper=Gloss Art Paper 150gsm - Best Seller size=3xA4 (297mm x 630mm)
06:30:53 [info     ] order.recycle_browser          processed=304
06:30:54 [info     ] browser.launched               channel=msedge headless=True
06:31:17 [warning  ] order.configure_failed         paper=Matte Art Paper 130gsm - Best Seller size=3xA4 (297mm x 630mm)
06:31:39 [warning  ] order.configure_failed         paper=Matte Art Paper 130gsm - Best Seller size=3xA4 (297mm x 630mm)
06:32:01 [warning  ] order.configure_failed         paper=Gloss Art Card 230gsm (2 sides coated) size=3xA4 (297mm x 630mm)
06:32:21 [warning  ] order.configure_failed         paper=Gloss Art Card 230gsm (2 sides coated) size=3xA4 (297mm x 630mm)
06:32:21 [info     ] order.recycle_browser          processed=308
06:32:22 [info     ] browser.launched               channel=msedge headless=True
06:32:48 [warning  ] order.configure_failed         paper=Gloss Art Card 250gsm (2 sides coated) - Best Seller size=3xA4 (297mm x 630mm)
06:33:10 [warning  ] order.configure_failed         paper=Gloss Art Card 250gsm (2 sides coated) - Best Seller size=3xA4 (297mm x 630mm)
06:33:32 [warning  ] order.configure_failed         paper=Gloss Art Card 310gsm (2 sides coated) size=3xA4 (297mm x 630mm)
06:33:53 [warning  ] order.configure_failed         paper=Gloss Art Card 310gsm (2 sides coated) size=3xA4 (297mm x 630mm)
06:33:53 [info     ] order.recycle_browser          processed=312
06:33:53 [info     ] browser.launched               channel=msedge headless=True
06:34:17 [warning  ] order.configure_failed         paper=Gloss Art Card 360gsm (2 sides coated) size=3xA4 (297mm x 630mm)
06:34:35 [warning  ] order.configure_failed         paper=Gloss Art Card 360gsm (2 sides coated) size=3xA4 (297mm x 630mm)
06:34:56 [warning  ] order.configure_failed         paper=Simili 80gsm - Best Seller size=4xA4 (297mm x 840mm)
06:36:45 [info     ] order.captured                 colour=1C (Both) delivery=98 package=Normal paper=Simili 80gsm - Best Seller quantities=13 size=4xA4 (297mm x 840mm)
06:36:45 [info     ] order.recycle_browser          processed=316
06:36:46 [info     ] browser.launched               channel=msedge headless=True
06:37:12 [warning  ] order.configure_failed         paper=Simili 100gsm - Best Seller size=4xA4 (297mm x 840mm)
06:39:02 [info     ] order.captured                 colour=1C (Both) delivery=98 package=Normal paper=Simili 100gsm - Best Seller quantities=13 size=4xA4 (297mm x 840mm)
06:39:27 [warning  ] order.configure_failed         paper=Simili 140gsm - Best Seller size=4xA4 (297mm x 840mm)
06:39:50 [warning  ] order.configure_failed         paper=Simili 140gsm - Best Seller size=4xA4 (297mm x 840mm)
06:39:50 [info     ] order.recycle_browser          processed=320
06:39:50 [info     ] browser.launched               channel=msedge headless=True
06:40:12 [warning  ] order.configure_failed         paper=Gloss Art Paper 100gsm - Best Seller size=4xA4 (297mm x 840mm)
06:40:30 [warning  ] order.configure_failed         paper=Gloss Art Paper 100gsm - Best Seller size=4xA4 (297mm x 840mm)
06:40:48 [warning  ] order.configure_failed         paper=Gloss Art Paper 128gsm - Best Seller size=4xA4 (297mm x 840mm)
06:41:11 [warning  ] order.configure_failed         paper=Gloss Art Paper 128gsm - Best Seller size=4xA4 (297mm x 840mm)
06:41:11 [info     ] order.recycle_browser          processed=324
06:41:12 [info     ] browser.launched               channel=msedge headless=True
06:41:34 [warning  ] order.configure_failed         paper=Gloss Art Paper 150gsm - Best Seller size=4xA4 (297mm x 840mm)
06:41:54 [warning  ] order.configure_failed         paper=Gloss Art Paper 150gsm - Best Seller size=4xA4 (297mm x 840mm)
06:42:17 [warning  ] order.configure_failed         paper=Matte Art Paper 130gsm - Best Seller size=4xA4 (297mm x 840mm)
06:42:39 [warning  ] order.configure_failed         paper=Matte Art Paper 130gsm - Best Seller size=4xA4 (297mm x 840mm)
06:42:39 [info     ] order.recycle_browser          processed=328
06:42:39 [info     ] browser.launched               channel=msedge headless=True
06:42:59 [warning  ] order.configure_failed         paper=Gloss Art Card 230gsm (2 sides coated) size=4xA4 (297mm x 840mm)
06:43:12 [warning  ] order.configure_failed         paper=Gloss Art Card 230gsm (2 sides coated) size=4xA4 (297mm x 840mm)
06:43:33 [warning  ] order.configure_failed         paper=Gloss Art Card 250gsm (2 sides coated) - Best Seller size=4xA4 (297mm x 840mm)
06:43:51 [warning  ] order.configure_failed         paper=Gloss Art Card 250gsm (2 sides coated) - Best Seller size=4xA4 (297mm x 840mm)
06:43:51 [info     ] order.recycle_browser          processed=332
06:43:51 [info     ] browser.launched               channel=msedge headless=True
06:44:11 [warning  ] order.configure_failed         paper=Gloss Art Card 310gsm (2 sides coated) size=4xA4 (297mm x 840mm)
06:44:28 [warning  ] order.configure_failed         paper=Gloss Art Card 310gsm (2 sides coated) size=4xA4 (297mm x 840mm)
06:44:44 [warning  ] order.configure_failed         paper=Gloss Art Card 360gsm (2 sides coated) size=4xA4 (297mm x 840mm)
06:44:57 [warning  ] order.configure_failed         paper=Gloss Art Card 360gsm (2 sides coated) size=4xA4 (297mm x 840mm)
06:44:57 [info     ] order.recycle_browser          processed=336
06:44:58 [info     ] browser.launched               channel=msedge headless=True
06:45:25 [warning  ] order.configure_failed         paper=Simili 80gsm - Best Seller size=4xA5 (210mm x 594mm)
06:47:15 [info     ] order.captured                 colour=1C (Both) delivery=98 package=Normal paper=Simili 80gsm - Best Seller quantities=13 size=4xA5 (210mm x 594mm)
06:47:37 [warning  ] order.configure_failed         paper=Simili 100gsm - Best Seller size=4xA5 (210mm x 594mm)
06:49:22 [info     ] order.captured                 colour=1C (Both) delivery=98 package=Normal paper=Simili 100gsm - Best Seller quantities=13 size=4xA5 (210mm x 594mm)
06:49:22 [info     ] order.progress                 done=100 empty=234 error=6
06:49:22 [info     ] order.recycle_browser          processed=340
06:49:23 [info     ] browser.launched               channel=msedge headless=True
06:49:44 [warning  ] order.configure_failed         paper=Simili 140gsm - Best Seller size=4xA5 (210mm x 594mm)
06:49:44 [info     ] order.progress                 done=100 empty=235 error=6
06:50:04 [warning  ] order.configure_failed         paper=Simili 140gsm - Best Seller size=4xA5 (210mm x 594mm)
06:50:04 [info     ] order.progress                 done=100 empty=236 error=6
06:50:24 [warning  ] order.configure_failed         paper=Gloss Art Paper 100gsm - Best Seller size=4xA5 (210mm x 594mm)
06:50:24 [info     ] order.progress                 done=100 empty=237 error=6
06:50:44 [warning  ] order.configure_failed         paper=Gloss Art Paper 100gsm - Best Seller size=4xA5 (210mm x 594mm)
06:50:44 [info     ] order.progress                 done=100 empty=238 error=6
06:50:44 [info     ] order.recycle_browser          processed=344
06:50:44 [info     ] browser.launched               channel=msedge headless=True
06:51:09 [warning  ] order.configure_failed         paper=Gloss Art Paper 128gsm - Best Seller size=4xA5 (210mm x 594mm)
06:51:09 [info     ] order.progress                 done=100 empty=239 error=6
06:51:30 [warning  ] order.configure_failed         paper=Gloss Art Paper 128gsm - Best Seller size=4xA5 (210mm x 594mm)
06:51:30 [info     ] order.progress                 done=100 empty=240 error=6
06:51:54 [warning  ] order.configure_failed         paper=Gloss Art Paper 150gsm - Best Seller size=4xA5 (210mm x 594mm)
06:51:54 [info     ] order.progress                 done=100 empty=241 error=6
06:52:14 [warning  ] order.configure_failed         paper=Gloss Art Paper 150gsm - Best Seller size=4xA5 (210mm x 594mm)
06:52:14 [info     ] order.progress                 done=100 empty=242 error=6
06:52:14 [info     ] order.recycle_browser          processed=348
06:52:14 [info     ] browser.launched               channel=msedge headless=True
06:52:37 [warning  ] order.configure_failed         paper=Matte Art Paper 130gsm - Best Seller size=4xA5 (210mm x 594mm)
06:52:37 [info     ] order.progress                 done=100 empty=243 error=6
06:52:56 [warning  ] order.configure_failed         paper=Matte Art Paper 130gsm - Best Seller size=4xA5 (210mm x 594mm)
06:52:56 [info     ] order.progress                 done=100 empty=244 error=6
06:53:18 [warning  ] order.configure_failed         paper=Gloss Art Card 230gsm (2 sides coated) size=4xA5 (210mm x 594mm)
06:53:18 [info     ] order.progress                 done=100 empty=245 error=6
06:53:37 [warning  ] order.configure_failed         paper=Gloss Art Card 230gsm (2 sides coated) size=4xA5 (210mm x 594mm)
06:53:37 [info     ] order.progress                 done=100 empty=246 error=6
06:53:37 [info     ] order.recycle_browser          processed=352
06:53:38 [info     ] browser.launched               channel=msedge headless=True
06:54:02 [warning  ] order.configure_failed         paper=Gloss Art Card 250gsm (2 sides coated) - Best Seller size=4xA5 (210mm x 594mm)
06:54:02 [info     ] order.progress                 done=100 empty=247 error=6
06:54:24 [warning  ] order.configure_failed         paper=Gloss Art Card 250gsm (2 sides coated) - Best Seller size=4xA5 (210mm x 594mm)
06:54:24 [info     ] order.progress                 done=100 empty=248 error=6
06:54:46 [warning  ] order.configure_failed         paper=Gloss Art Card 310gsm (2 sides coated) size=4xA5 (210mm x 594mm)
06:54:46 [info     ] order.progress                 done=100 empty=249 error=6
06:55:08 [warning  ] order.configure_failed         paper=Gloss Art Card 310gsm (2 sides coated) size=4xA5 (210mm x 594mm)
06:55:08 [info     ] order.progress                 done=100 empty=250 error=6
06:55:08 [info     ] order.recycle_browser          processed=356
06:55:09 [info     ] browser.launched               channel=msedge headless=True
06:55:34 [warning  ] order.configure_failed         paper=Gloss Art Card 360gsm (2 sides coated) size=4xA5 (210mm x 594mm)
06:55:34 [info     ] order.progress                 done=100 empty=251 error=6
06:55:54 [warning  ] order.configure_failed         paper=Gloss Art Card 360gsm (2 sides coated) size=4xA5 (210mm x 594mm)
06:55:54 [info     ] order.progress                 done=100 empty=252 error=6
06:56:12 [warning  ] order.configure_failed         paper=Simili 80gsm - Best Seller size=Others
06:56:12 [info     ] order.progress                 done=100 empty=253 error=6
06:56:30 [warning  ] order.configure_failed         paper=Simili 80gsm - Best Seller size=Others
06:56:30 [info     ] order.progress                 done=100 empty=254 error=6
06:56:30 [info     ] order.recycle_browser          processed=360
06:56:30 [info     ] browser.launched               channel=msedge headless=True
06:56:53 [warning  ] order.configure_failed         paper=Simili 100gsm - Best Seller size=Others
06:56:53 [info     ] order.progress                 done=100 empty=255 error=6
06:57:14 [warning  ] order.configure_failed         paper=Simili 100gsm - Best Seller size=Others
06:57:14 [info     ] order.progress                 done=100 empty=256 error=6
06:57:35 [warning  ] order.configure_failed         paper=Simili 140gsm - Best Seller size=Others
06:57:35 [info     ] order.progress                 done=100 empty=257 error=6
06:57:59 [warning  ] order.configure_failed         paper=Simili 140gsm - Best Seller size=Others
06:57:59 [info     ] order.progress                 done=100 empty=258 error=6
06:57:59 [info     ] order.recycle_browser          processed=364
06:58:00 [info     ] browser.launched               channel=msedge headless=True
06:58:22 [warning  ] order.configure_failed         paper=Gloss Art Paper 100gsm - Best Seller size=Others
06:58:22 [info     ] order.progress                 done=100 empty=259 error=6
06:58:43 [warning  ] order.configure_failed         paper=Gloss Art Paper 100gsm - Best Seller size=Others
06:58:43 [info     ] order.progress                 done=100 empty=260 error=6
06:59:04 [warning  ] order.configure_failed         paper=Gloss Art Paper 128gsm - Best Seller size=Others
06:59:04 [info     ] order.progress                 done=100 empty=261 error=6
06:59:26 [warning  ] order.configure_failed         paper=Gloss Art Paper 128gsm - Best Seller size=Others
06:59:26 [info     ] order.progress                 done=100 empty=262 error=6
06:59:26 [info     ] order.recycle_browser          processed=368
06:59:27 [info     ] browser.launched               channel=msedge headless=True
06:59:53 [warning  ] order.configure_failed         paper=Gloss Art Paper 150gsm - Best Seller size=Others
06:59:53 [info     ] order.progress                 done=100 empty=263 error=6
07:00:12 [warning  ] order.configure_failed         paper=Gloss Art Paper 150gsm - Best Seller size=Others
07:00:12 [info     ] order.progress                 done=100 empty=264 error=6
07:00:31 [warning  ] order.configure_failed         paper=Matte Art Paper 130gsm - Best Seller size=Others
07:00:31 [info     ] order.progress                 done=100 empty=265 error=6
07:00:51 [warning  ] order.configure_failed         paper=Matte Art Paper 130gsm - Best Seller size=Others
07:00:51 [info     ] order.progress                 done=100 empty=266 error=6
07:00:51 [info     ] order.recycle_browser          processed=372
07:00:52 [info     ] browser.launched               channel=msedge headless=True
07:01:08 [warning  ] order.configure_failed         paper=Gloss Art Card 230gsm (2 sides coated) size=Others
07:01:08 [info     ] order.progress                 done=100 empty=267 error=6
07:01:24 [warning  ] order.configure_failed         paper=Gloss Art Card 230gsm (2 sides coated) size=Others
07:01:24 [info     ] order.progress                 done=100 empty=268 error=6
07:01:40 [warning  ] order.configure_failed         paper=Gloss Art Card 250gsm (2 sides coated) - Best Seller size=Others
07:01:40 [info     ] order.progress                 done=100 empty=269 error=6
07:01:56 [warning  ] order.configure_failed         paper=Gloss Art Card 250gsm (2 sides coated) - Best Seller size=Others
07:01:56 [info     ] order.progress                 done=100 empty=270 error=6
07:01:56 [info     ] order.recycle_browser          processed=376
07:01:56 [info     ] browser.launched               channel=msedge headless=True
07:02:13 [warning  ] order.configure_failed         paper=Gloss Art Card 310gsm (2 sides coated) size=Others
07:02:13 [info     ] order.progress                 done=100 empty=271 error=6
07:02:27 [warning  ] order.configure_failed         paper=Gloss Art Card 310gsm (2 sides coated) size=Others
07:02:27 [info     ] order.progress                 done=100 empty=272 error=6
07:02:40 [warning  ] order.configure_failed         paper=Gloss Art Card 360gsm (2 sides coated) size=Others
07:02:40 [info     ] order.progress                 done=100 empty=273 error=6
07:02:57 [warning  ] order.configure_failed         paper=Gloss Art Card 360gsm (2 sides coated) size=Others
07:02:57 [info     ] order.progress                 done=100 empty=274 error=6
07:02:57 [info     ] order.recycle_browser          processed=380
07:02:57 [info     ] browser.launched               channel=msedge headless=True
07:05:57 [info     ] order.captured                 colour=4C (Front) delivery=98 package=2in1 paper=Simili 80gsm - Best Seller quantities=27 size=A1 (594mm x 840mm)
07:08:57 [info     ] order.captured                 colour=4C (Both) delivery=98 package=2in1 paper=Simili 80gsm - Best Seller quantities=27 size=A1 (594mm x 840mm)
07:09:22 [warning  ] order.configure_failed         paper=Simili 80gsm - Best Seller size=A1 (594mm x 840mm)
07:09:40 [warning  ] order.configure_failed         paper=Simili 80gsm - Best Seller size=A1 (594mm x 840mm)
07:09:40 [info     ] order.recycle_browser          processed=384
07:09:41 [info     ] browser.launched               channel=msedge headless=True
07:13:02 [info     ] order.captured                 colour=4C (Front) delivery=98 package=3in1 paper=Simili 80gsm - Best Seller quantities=27 size=A1 (594mm x 840mm)
07:16:13 [info     ] order.captured                 colour=4C (Both) delivery=98 package=3in1 paper=Simili 80gsm - Best Seller quantities=27 size=A1 (594mm x 840mm)
07:16:39 [warning  ] order.configure_failed         paper=Simili 80gsm - Best Seller size=A1 (594mm x 840mm)
07:16:58 [warning  ] order.configure_failed         paper=Simili 80gsm - Best Seller size=A1 (594mm x 840mm)
07:16:58 [info     ] order.recycle_browser          processed=388
07:16:59 [info     ] browser.launched               channel=msedge headless=True
07:20:13 [info     ] order.captured                 colour=4C (Front) delivery=98 package=4in1 paper=Simili 80gsm - Best Seller quantities=27 size=A1 (594mm x 840mm)
07:20:13 [info     ] order.progress                 done=105 empty=278 error=6
07:22:39 [error    ] order.error                    error=TimeoutError('Locator.check: Timeout 30000ms exceeded.\nCall log:\n  - waiting for locator("input[name=\'ctl00$mainContent$order_spec_controller1$order_spec_sta
07:22:40 [info     ] browser.launched               channel=msedge headless=True
07:23:10 [warning  ] order.relaunch_retry           attempt=0 error=TimeoutError('Page.goto: Timeout 30000ms exceeded.\nCall log:\n  - navigating to "https://www.excard.com.my/price-list/L retry_in_s=15
07:23:25 [info     ] browser.launched               channel=msedge headless=True
07:23:56 [warning  ] order.relaunch_retry           attempt=1 error=TimeoutError('Page.goto: Timeout 30000ms exceeded.\nCall log:\n  - navigating to "https://www.excard.com.my/price-list/L retry_in_s=30
07:24:26 [info     ] browser.launched               channel=msedge headless=True
07:24:57 [warning  ] order.relaunch_retry           attempt=2 error=TimeoutError('Page.goto: Timeout 30000ms exceeded.\nCall log:\n  - navigating to "https://www.excard.com.my/price-list/L retry_in_s=45
07:25:42 [info     ] browser.launched               channel=msedge headless=True
07:26:13 [warning  ] order.relaunch_retry           attempt=3 error=TimeoutError('Page.goto: Timeout 30000ms exceeded.\nCall log:\n  - navigating to "https://www.excard.com.my/price-list/L retry_in_s=60
07:27:13 [info     ] browser.launched               channel=msedge headless=True
07:27:15 [info     ] order.relaunch_recovered       after_attempts=4
07:27:20 [info     ] order.progress                 done=105 empty=278 error=7
07:30:41 [info     ] order.captured                 colour=4C (Both) delivery=98 package=4in1 paper=Simili 80gsm - Best Seller quantities=27 size=A1 (594mm x 840mm)
07:31:04 [warning  ] order.configure_failed         paper=Simili 80gsm - Best Seller size=A1 (594mm x 840mm)
07:31:04 [info     ] order.recycle_browser          processed=392
07:31:05 [info     ] browser.launched               channel=msedge headless=True
07:31:31 [warning  ] order.configure_failed         paper=Simili 80gsm - Best Seller size=A1 (594mm x 840mm)
07:34:53 [info     ] order.captured                 colour=4C (Front) delivery=98 package=5in1 paper=Simili 80gsm - Best Seller quantities=27 size=A1 (594mm x 840mm)
07:38:13 [info     ] order.captured                 colour=4C (Both) delivery=98 package=5in1 paper=Simili 80gsm - Best Seller quantities=27 size=A1 (594mm x 840mm)
07:38:39 [warning  ] order.configure_failed         paper=Simili 80gsm - Best Seller size=A1 (594mm x 840mm)
07:38:39 [info     ] order.recycle_browser          processed=396
07:38:39 [info     ] browser.launched               channel=msedge headless=True
07:39:06 [warning  ] order.configure_failed         paper=Simili 80gsm - Best Seller size=A1 (594mm x 840mm)
07:42:28 [info     ] order.captured                 colour=4C (Front) delivery=98 package=6in1 paper=Simili 80gsm - Best Seller quantities=27 size=A1 (594mm x 840mm)
07:45:53 [info     ] order.captured                 colour=4C (Both) delivery=98 package=6in1 paper=Simili 80gsm - Best Seller quantities=27 size=A1 (594mm x 840mm)
07:45:53 [info     ] order.progress                 done=110 empty=282 error=7
07:46:19 [warning  ] order.configure_failed         paper=Simili 80gsm - Best Seller size=A1 (594mm x 840mm)
07:46:19 [info     ] order.progress                 done=110 empty=283 error=7
07:46:19 [info     ] order.recycle_browser          processed=400
07:46:20 [info     ] browser.launched               channel=msedge headless=True
07:46:46 [warning  ] order.configure_failed         paper=Simili 80gsm - Best Seller size=A1 (594mm x 840mm)
07:46:46 [info     ] order.progress                 done=110 empty=284 error=7
07:50:09 [info     ] order.captured                 colour=4C (Front) delivery=98 package=7in1 paper=Simili 80gsm - Best Seller quantities=27 size=A1 (594mm x 840mm)
07:53:33 [info     ] order.captured                 colour=4C (Both) delivery=98 package=7in1 paper=Simili 80gsm - Best Seller quantities=27 size=A1 (594mm x 840mm)
07:53:57 [warning  ] order.configure_failed         paper=Simili 80gsm - Best Seller size=A1 (594mm x 840mm)
07:53:57 [info     ] order.recycle_browser          processed=404
07:53:58 [info     ] browser.launched               channel=msedge headless=True
07:54:23 [warning  ] order.configure_failed         paper=Simili 80gsm - Best Seller size=A1 (594mm x 840mm)
07:57:41 [info     ] order.captured                 colour=4C (Front) delivery=98 package=8in1 paper=Simili 80gsm - Best Seller quantities=27 size=A1 (594mm x 840mm)
08:01:06 [info     ] order.captured                 colour=4C (Both) delivery=98 package=8in1 paper=Simili 80gsm - Best Seller quantities=27 size=A1 (594mm x 840mm)
08:01:30 [warning  ] order.configure_failed         paper=Simili 80gsm - Best Seller size=A1 (594mm x 840mm)
08:01:30 [info     ] order.recycle_browser          processed=408
08:01:31 [info     ] browser.launched               channel=msedge headless=True
08:01:57 [warning  ] order.configure_failed         paper=Simili 80gsm - Best Seller size=A1 (594mm x 840mm)
08:05:20 [info     ] order.captured                 colour=4C (Front) delivery=98 package=9in1 paper=Simili 80gsm - Best Seller quantities=27 size=A1 (594mm x 840mm)
08:05:20 [info     ] order.progress                 done=115 empty=288 error=7
08:08:43 [info     ] order.captured                 colour=4C (Both) delivery=98 package=9in1 paper=Simili 80gsm - Best Seller quantities=27 size=A1 (594mm x 840mm)
08:09:08 [warning  ] order.configure_failed         paper=Simili 80gsm - Best Seller size=A1 (594mm x 840mm)
08:09:08 [info     ] order.recycle_browser          processed=412
08:09:09 [info     ] browser.launched               channel=msedge headless=True
08:09:35 [warning  ] order.configure_failed         paper=Simili 80gsm - Best Seller size=A1 (594mm x 840mm)
08:13:03 [info     ] order.captured                 colour=4C (Front) delivery=98 package=10in1 paper=Simili 80gsm - Best Seller quantities=27 size=A1 (594mm x 840mm)
08:16:36 [info     ] order.captured                 colour=4C (Both) delivery=98 package=10in1 paper=Simili 80gsm - Best Seller quantities=27 size=A1 (594mm x 840mm)
08:17:01 [warning  ] order.configure_failed         paper=Simili 80gsm - Best Seller size=A1 (594mm x 840mm)
08:17:01 [info     ] order.recycle_browser          processed=416
08:17:02 [info     ] browser.launched               channel=msedge headless=True
08:17:29 [warning  ] order.configure_failed         paper=Simili 80gsm - Best Seller size=A1 (594mm x 840mm)
08:20:46 [info     ] order.captured                 colour=4C (Front) delivery=98 package=2in1 paper=Simili 100gsm - Best Seller quantities=27 size=A1 (594mm x 840mm)
08:24:11 [info     ] order.captured                 colour=4C (Both) delivery=98 package=2in1 paper=Simili 100gsm - Best Seller quantities=27 size=A1 (594mm x 840mm)
08:24:11 [info     ] order.progress                 done=120 empty=292 error=7
08:24:36 [warning  ] order.configure_failed         paper=Simili 100gsm - Best Seller size=A1 (594mm x 840mm)
08:24:36 [info     ] order.progress                 done=120 empty=293 error=7
08:24:36 [info     ] order.recycle_browser          processed=420
08:24:37 [info     ] browser.launched               channel=msedge headless=True
08:25:05 [warning  ] order.configure_failed         paper=Simili 100gsm - Best Seller size=A1 (594mm x 840mm)
08:25:05 [info     ] order.progress                 done=120 empty=294 error=7
08:28:25 [info     ] order.captured                 colour=4C (Front) delivery=98 package=3in1 paper=Simili 100gsm - Best Seller quantities=27 size=A1 (594mm x 840mm)
08:32:10 [info     ] order.captured                 colour=4C (Both) delivery=98 package=3in1 paper=Simili 100gsm - Best Seller quantities=27 size=A1 (594mm x 840mm)
08:32:35 [warning  ] order.configure_failed         paper=Simili 100gsm - Best Seller size=A1 (594mm x 840mm)
08:32:35 [info     ] order.recycle_browser          processed=424
08:32:35 [info     ] browser.launched               channel=msedge headless=True
08:33:05 [warning  ] order.configure_failed         paper=Simili 100gsm - Best Seller size=A1 (594mm x 840mm)
08:36:32 [info     ] order.captured                 colour=4C (Front) delivery=98 package=4in1 paper=Simili 100gsm - Best Seller quantities=27 size=A1 (594mm x 840mm)
08:39:33 [error    ] order.error                    error=TimeoutError('Locator.check: Timeout 30000ms exceeded.\nCall log:\n  - waiting for locator("input[name=\'ctl00$mainContent$order_spec_controller1$order_spec_sta
08:39:33 [info     ] browser.launched               channel=msedge headless=True
08:40:04 [warning  ] order.relaunch_retry           attempt=0 error=TimeoutError('Page.goto: Timeout 30000ms exceeded.\nCall log:\n  - navigating to "https://www.excard.com.my/price-list/L retry_in_s=15
08:40:19 [info     ] browser.launched               channel=msedge headless=True
08:40:50 [warning  ] order.relaunch_retry           attempt=1 error=TimeoutError('Page.goto: Timeout 30000ms exceeded.\nCall log:\n  - navigating to "https://www.excard.com.my/price-list/L retry_in_s=30
08:41:21 [info     ] browser.launched               channel=msedge headless=True
08:41:51 [warning  ] order.relaunch_retry           attempt=2 error=TimeoutError('Page.goto: Timeout 30000ms exceeded.\nCall log:\n  - navigating to "https://www.excard.com.my/price-list/L retry_in_s=45
08:42:37 [info     ] browser.launched               channel=msedge headless=True
08:42:41 [info     ] order.relaunch_recovered       after_attempts=3
08:46:50 [info     ] order.captured                 colour=4C (Both) delivery=98 package=4in1 paper=Simili 100gsm - Best Seller quantities=27 size=A1 (594mm x 840mm)
08:46:50 [info     ] order.recycle_browser          processed=428
08:46:51 [info     ] browser.launched               channel=msedge headless=True
08:47:31 [warning  ] order.configure_failed         paper=Simili 100gsm - Best Seller size=A1 (594mm x 840mm)
08:47:58 [warning  ] order.configure_failed         paper=Simili 100gsm - Best Seller size=A1 (594mm x 840mm)
08:52:07 [info     ] order.captured                 colour=4C (Front) delivery=98 package=5in1 paper=Simili 100gsm - Best Seller quantities=27 size=A1 (594mm x 840mm)
08:52:07 [info     ] order.progress                 done=125 empty=298 error=8
08:56:23 [info     ] order.captured                 colour=4C (Both) delivery=98 package=5in1 paper=Simili 100gsm - Best Seller quantities=27 size=A1 (594mm x 840mm)
08:56:23 [info     ] order.recycle_browser          processed=432
08:56:24 [info     ] browser.launched               channel=msedge headless=True
08:57:03 [warning  ] order.configure_failed         paper=Simili 100gsm - Best Seller size=A1 (594mm x 840mm)
08:57:30 [warning  ] order.configure_failed         paper=Simili 100gsm - Best Seller size=A1 (594mm x 840mm)
09:01:29 [info     ] order.captured                 colour=4C (Front) delivery=98 package=6in1 paper=Simili 100gsm - Best Seller quantities=27 size=A1 (594mm x 840mm)
09:05:15 [info     ] order.captured                 colour=4C (Both) delivery=98 package=6in1 paper=Simili 100gsm - Best Seller quantities=27 size=A1 (594mm x 840mm)
09:05:15 [info     ] order.recycle_browser          processed=436
09:05:16 [info     ] browser.launched               channel=msedge headless=True
09:05:51 [warning  ] order.configure_failed         paper=Simili 100gsm - Best Seller size=A1 (594mm x 840mm)
09:06:22 [warning  ] order.configure_failed         paper=Simili 100gsm - Best Seller size=A1 (594mm x 840mm)
09:09:54 [info     ] order.captured                 colour=4C (Front) delivery=98 package=7in1 paper=Simili 100gsm - Best Seller quantities=27 size=A1 (594mm x 840mm)
09:13:26 [info     ] order.captured                 colour=4C (Both) delivery=98 package=7in1 paper=Simili 100gsm - Best Seller quantities=27 size=A1 (594mm x 840mm)
09:13:26 [info     ] order.progress                 done=130 empty=302 error=8
09:13:26 [info     ] order.recycle_browser          processed=440
09:13:28 [info     ] browser.launched               channel=msedge headless=True
09:14:04 [warning  ] order.configure_failed         paper=Simili 100gsm - Best Seller size=A1 (594mm x 840mm)
09:14:04 [info     ] order.progress                 done=130 empty=303 error=8
09:14:32 [warning  ] order.configure_failed         paper=Simili 100gsm - Best Seller size=A1 (594mm x 840mm)
09:14:32 [info     ] order.progress                 done=130 empty=304 error=8
09:18:09 [info     ] order.captured                 colour=4C (Front) delivery=98 package=8in1 paper=Simili 100gsm - Best Seller quantities=27 size=A1 (594mm x 840mm)
09:21:45 [info     ] order.captured                 colour=4C (Both) delivery=98 package=8in1 paper=Simili 100gsm - Best Seller quantities=27 size=A1 (594mm x 840mm)
09:21:45 [info     ] order.recycle_browser          processed=444
09:21:46 [info     ] browser.launched               channel=msedge headless=True
09:22:24 [warning  ] order.configure_failed         paper=Simili 100gsm - Best Seller size=A1 (594mm x 840mm)
09:22:53 [warning  ] order.configure_failed         paper=Simili 100gsm - Best Seller size=A1 (594mm x 840mm)
09:26:31 [info     ] order.captured                 colour=4C (Front) delivery=98 package=9in1 paper=Simili 100gsm - Best Seller quantities=27 size=A1 (594mm x 840mm)
09:30:08 [info     ] order.captured                 colour=4C (Both) delivery=98 package=9in1 paper=Simili 100gsm - Best Seller quantities=27 size=A1 (594mm x 840mm)
09:30:08 [info     ] order.recycle_browser          processed=448
09:30:10 [info     ] browser.launched               channel=msedge headless=True
09:30:48 [warning  ] order.configure_failed         paper=Simili 100gsm - Best Seller size=A1 (594mm x 840mm)
09:31:20 [warning  ] order.configure_failed         paper=Simili 100gsm - Best Seller size=A1 (594mm x 840mm)
09:34:57 [info     ] order.captured                 colour=4C (Front) delivery=98 package=10in1 paper=Simili 100gsm - Best Seller quantities=27 size=A1 (594mm x 840mm)
09:34:57 [info     ] order.progress                 done=135 empty=308 error=8
09:38:36 [info     ] order.captured                 colour=4C (Both) delivery=98 package=10in1 paper=Simili 100gsm - Best Seller quantities=27 size=A1 (594mm x 840mm)
09:38:36 [info     ] order.recycle_browser          processed=452
09:38:38 [info     ] browser.launched               channel=msedge headless=True
09:39:17 [warning  ] order.configure_failed         paper=Simili 100gsm - Best Seller size=A1 (594mm x 840mm)
09:39:46 [warning  ] order.configure_failed         paper=Simili 100gsm - Best Seller size=A1 (594mm x 840mm)
09:43:09 [error    ] order.error                    error=TimeoutError('Locator.check: Timeout 30000ms exceeded.\nCall log:\n  - waiting for locator("input[name=\'ctl00$mainContent$order_spec_controller1$order_spec_sta
09:43:10 [info     ] browser.launched               channel=msedge headless=True
09:43:42 [warning  ] order.relaunch_retry           attempt=0 error=TimeoutError('Page.goto: Timeout 30000ms exceeded.\nCall log:\n  - navigating to "https://www.excard.com.my/price-list/L retry_in_s=15
09:43:57 [info     ] browser.launched               channel=msedge headless=True
09:44:29 [warning  ] order.relaunch_retry           attempt=1 error=TimeoutError('Page.goto: Timeout 30000ms exceeded.\nCall log:\n  - navigating to "https://www.excard.com.my/price-list/L retry_in_s=30
09:44:59 [info     ] browser.launched               channel=msedge headless=True
09:45:04 [info     ] order.relaunch_recovered       after_attempts=2
09:49:09 [info     ] order.captured                 colour=4C (Front) delivery=98 package=2in1 paper=Simili 140gsm - Best Seller quantities=27 size=A1 (594mm x 840mm)
09:49:09 [info     ] order.recycle_browser          processed=456
09:49:12 [info     ] browser.launched               channel=msedge headless=True
09:53:19 [info     ] order.captured                 colour=4C (Both) delivery=98 package=2in1 paper=Simili 140gsm - Best Seller quantities=27 size=A1 (594mm x 840mm)
09:54:04 [warning  ] order.configure_failed         paper=Simili 140gsm - Best Seller size=A1 (594mm x 840mm)
09:54:47 [warning  ] order.configure_failed         paper=Simili 140gsm - Best Seller size=A1 (594mm x 840mm)
09:58:45 [info     ] order.captured                 colour=4C (Front) delivery=98 package=3in1 paper=Simili 140gsm - Best Seller quantities=27 size=A1 (594mm x 840mm)
09:58:46 [info     ] order.recycle_browser          processed=460
09:58:49 [info     ] browser.launched               channel=msedge headless=True
10:03:06 [info     ] order.captured                 colour=4C (Both) delivery=98 package=3in1 paper=Simili 140gsm - Best Seller quantities=27 size=A1 (594mm x 840mm)
10:03:07 [info     ] order.progress                 done=140 empty=312 error=9
10:03:54 [warning  ] order.configure_failed         paper=Simili 140gsm - Best Seller size=A1 (594mm x 840mm)
10:03:54 [info     ] order.progress                 done=140 empty=313 error=9
10:04:38 [warning  ] order.configure_failed         paper=Simili 140gsm - Best Seller size=A1 (594mm x 840mm)
10:04:38 [info     ] order.progress                 done=140 empty=314 error=9
10:08:39 [info     ] order.captured                 colour=4C (Front) delivery=98 package=4in1 paper=Simili 140gsm - Best Seller quantities=27 size=A1 (594mm x 840mm)
10:08:39 [info     ] order.recycle_browser          processed=464
10:08:41 [info     ] browser.launched               channel=msedge headless=True
10:13:17 [info     ] order.captured                 colour=4C (Both) delivery=98 package=4in1 paper=Simili 140gsm - Best Seller quantities=27 size=A1 (594mm x 840mm)
10:14:02 [warning  ] order.configure_failed         paper=Simili 140gsm - Best Seller size=A1 (594mm x 840mm)
10:14:42 [warning  ] order.configure_failed         paper=Simili 140gsm - Best Seller size=A1 (594mm x 840mm)
10:18:43 [info     ] order.captured                 colour=4C (Front) delivery=98 package=5in1 paper=Simili 140gsm - Best Seller quantities=27 size=A1 (594mm x 840mm)
10:18:43 [info     ] order.recycle_browser          processed=468
10:18:46 [info     ] browser.launched               channel=msedge headless=True
10:23:14 [info     ] order.captured                 colour=4C (Both) delivery=98 package=5in1 paper=Simili 140gsm - Best Seller quantities=27 size=A1 (594mm x 840mm)
10:24:03 [warning  ] order.configure_failed         paper=Simili 140gsm - Best Seller size=A1 (594mm x 840mm)
10:24:43 [warning  ] order.configure_failed         paper=Simili 140gsm - Best Seller size=A1 (594mm x 840mm)
10:29:20 [error    ] order.error                    error=TimeoutError('Locator.check: Timeout 30000ms exceeded.\nCall log:\n  - waiting for locator("input[name=\'ctl00$mainContent$order_spec_controller1$order_spec_sta
10:29:23 [info     ] browser.launched               channel=msedge headless=True
10:29:55 [warning  ] order.relaunch_retry           attempt=0 error=TimeoutError('Page.goto: Timeout 30000ms exceeded.\nCall log:\n  - navigating to "https://www.excard.com.my/price-list/L retry_in_s=15
10:30:11 [info     ] browser.launched               channel=msedge headless=True
10:30:18 [info     ] order.relaunch_recovered       after_attempts=1
10:30:22 [info     ] order.recycle_browser          processed=472
10:30:25 [info     ] browser.launched               channel=msedge headless=True
10:35:43 [info     ] order.captured                 colour=4C (Front) delivery=98 package=6in1 paper=Simili 140gsm - Best Seller quantities=27 size=A1 (594mm x 840mm)
10:35:43 [info     ] order.progress                 done=145 empty=318 error=10
10:41:09 [info     ] order.captured                 colour=4C (Both) delivery=98 package=6in1 paper=Simili 140gsm - Best Seller quantities=27 size=A1 (594mm x 840mm)
10:42:01 [warning  ] order.configure_failed         paper=Simili 140gsm - Best Seller size=A1 (594mm x 840mm)
10:42:52 [warning  ] order.configure_failed         paper=Simili 140gsm - Best Seller size=A1 (594mm x 840mm)
10:42:52 [info     ] order.recycle_browser          processed=476
10:42:57 [info     ] browser.launched               channel=msedge headless=True
10:48:06 [info     ] order.captured                 colour=4C (Front) delivery=98 package=7in1 paper=Simili 140gsm - Best Seller quantities=27 size=A1 (594mm x 840mm)
10:52:31 [info     ] order.captured                 colour=4C (Both) delivery=98 package=7in1 paper=Simili 140gsm - Best Seller quantities=27 size=A1 (594mm x 840mm)
10:53:22 [warning  ] order.configure_failed         paper=Simili 140gsm - Best Seller size=A1 (594mm x 840mm)
10:54:14 [warning  ] order.configure_failed         paper=Simili 140gsm - Best Seller size=A1 (594mm x 840mm)
10:54:14 [info     ] order.recycle_browser          processed=480
10:54:18 [info     ] browser.launched               channel=msedge headless=True
10:58:46 [info     ] order.captured                 colour=4C (Front) delivery=98 package=8in1 paper=Simili 140gsm - Best Seller quantities=27 size=A1 (594mm x 840mm)
11:03:03 [info     ] order.captured                 colour=4C (Both) delivery=98 package=8in1 paper=Simili 140gsm - Best Seller quantities=27 size=A1 (594mm x 840mm)
11:03:03 [info     ] order.progress                 done=150 empty=322 error=10
11:03:57 [warning  ] order.configure_failed         paper=Simili 140gsm - Best Seller size=A1 (594mm x 840mm)
11:03:57 [info     ] order.progress                 done=150 empty=323 error=10
11:04:53 [warning  ] order.configure_failed         paper=Simili 140gsm - Best Seller size=A1 (594mm x 840mm)
11:04:53 [info     ] order.progress                 done=150 empty=324 error=10
11:04:53 [info     ] order.recycle_browser          processed=484
11:04:58 [info     ] browser.launched               channel=msedge headless=True
11:09:38 [info     ] order.captured                 colour=4C (Front) delivery=98 package=9in1 paper=Simili 140gsm - Best Seller quantities=27 size=A1 (594mm x 840mm)
11:13:58 [info     ] order.captured                 colour=4C (Both) delivery=98 package=9in1 paper=Simili 140gsm - Best Seller quantities=27 size=A1 (594mm x 840mm)
11:14:55 [warning  ] order.configure_failed         paper=Simili 140gsm - Best Seller size=A1 (594mm x 840mm)
11:15:47 [warning  ] order.configure_failed         paper=Simili 140gsm - Best Seller size=A1 (594mm x 840mm)
11:15:47 [info     ] order.recycle_browser          processed=488
11:15:52 [info     ] browser.launched               channel=msedge headless=True
11:20:23 [info     ] order.captured                 colour=4C (Front) delivery=98 package=10in1 paper=Simili 140gsm - Best Seller quantities=27 size=A1 (594mm x 840mm)
11:24:47 [info     ] order.captured                 colour=4C (Both) delivery=98 package=10in1 paper=Simili 140gsm - Best Seller quantities=27 size=A1 (594mm x 840mm)
11:25:44 [warning  ] order.configure_failed         paper=Simili 140gsm - Best Seller size=A1 (594mm x 840mm)
11:26:34 [warning  ] order.configure_failed         paper=Simili 140gsm - Best Seller size=A1 (594mm x 840mm)
11:26:34 [info     ] order.recycle_browser          processed=492
11:26:38 [info     ] browser.launched               channel=msedge headless=True
11:30:52 [info     ] order.captured                 colour=4C (Front) delivery=98 package=2in1 paper=Gloss Art Paper 100gsm - Best Seller quantities=27 size=A1 (594mm x 840mm)
11:30:52 [info     ] order.progress                 done=155 empty=328 error=10
11:34:54 [info     ] order.captured                 colour=4C (Both) delivery=98 package=2in1 paper=Gloss Art Paper 100gsm - Best Seller quantities=27 size=A1 (594mm x 840mm)
11:35:49 [warning  ] order.configure_failed         paper=Gloss Art Paper 100gsm - Best Seller size=A1 (594mm x 840mm)
11:36:39 [warning  ] order.configure_failed         paper=Gloss Art Paper 100gsm - Best Seller size=A1 (594mm x 840mm)
11:36:39 [info     ] order.recycle_browser          processed=496
11:36:44 [info     ] browser.launched               channel=msedge headless=True
11:40:51 [info     ] order.captured                 colour=4C (Front) delivery=98 package=3in1 paper=Gloss Art Paper 100gsm - Best Seller quantities=27 size=A1 (594mm x 840mm)
11:45:05 [info     ] order.captured                 colour=4C (Both) delivery=98 package=3in1 paper=Gloss Art Paper 100gsm - Best Seller quantities=27 size=A1 (594mm x 840mm)
11:46:00 [warning  ] order.configure_failed         paper=Gloss Art Paper 100gsm - Best Seller size=A1 (594mm x 840mm)
11:46:48 [warning  ] order.configure_failed         paper=Gloss Art Paper 100gsm - Best Seller size=A1 (594mm x 840mm)
11:46:48 [info     ] order.recycle_browser          processed=500
11:46:52 [info     ] browser.launched               channel=msedge headless=True
11:51:18 [info     ] order.captured                 colour=4C (Front) delivery=98 package=4in1 paper=Gloss Art Paper 100gsm - Best Seller quantities=27 size=A1 (594mm x 840mm)
11:55:28 [info     ] order.captured                 colour=4C (Both) delivery=98 package=4in1 paper=Gloss Art Paper 100gsm - Best Seller quantities=27 size=A1 (594mm x 840mm)
11:55:28 [info     ] order.progress                 done=160 empty=332 error=10
11:56:25 [warning  ] order.configure_failed         paper=Gloss Art Paper 100gsm - Best Seller size=A1 (594mm x 840mm)
11:56:25 [info     ] order.progress                 done=160 empty=333 error=10
11:57:12 [warning  ] order.configure_failed         paper=Gloss Art Paper 100gsm - Best Seller size=A1 (594mm x 840mm)
11:57:12 [info     ] order.progress                 done=160 empty=334 error=10
11:57:12 [info     ] order.recycle_browser          processed=504
11:57:16 [info     ] browser.launched               channel=msedge headless=True
12:01:41 [info     ] order.captured                 colour=4C (Front) delivery=98 package=5in1 paper=Gloss Art Paper 100gsm - Best Seller quantities=27 size=A1 (594mm x 840mm)
12:05:46 [info     ] order.captured                 colour=4C (Both) delivery=98 package=5in1 paper=Gloss Art Paper 100gsm - Best Seller quantities=27 size=A1 (594mm x 840mm)
12:06:38 [warning  ] order.configure_failed         paper=Gloss Art Paper 100gsm - Best Seller size=A1 (594mm x 840mm)
12:07:29 [warning  ] order.configure_failed         paper=Gloss Art Paper 100gsm - Best Seller size=A1 (594mm x 840mm)
12:07:29 [info     ] order.recycle_browser          processed=508
12:07:34 [info     ] browser.launched               channel=msedge headless=True
12:11:49 [info     ] order.captured                 colour=4C (Front) delivery=98 package=6in1 paper=Gloss Art Paper 100gsm - Best Seller quantities=27 size=A1 (594mm x 840mm)
12:15:59 [info     ] order.captured                 colour=4C (Both) delivery=98 package=6in1 paper=Gloss Art Paper 100gsm - Best Seller quantities=27 size=A1 (594mm x 840mm)
12:16:49 [warning  ] order.configure_failed         paper=Gloss Art Paper 100gsm - Best Seller size=A1 (594mm x 840mm)
12:17:33 [warning  ] order.configure_failed         paper=Gloss Art Paper 100gsm - Best Seller size=A1 (594mm x 840mm)
12:17:33 [info     ] order.recycle_browser          processed=512
12:17:37 [info     ] browser.launched               channel=msedge headless=True
12:21:37 [error    ] order.error                    error=TimeoutError('Locator.check: Timeout 30000ms exceeded.\nCall log:\n  - waiting for locator("input[name=\'ctl00$mainContent$order_spec_controller1$order_spec_sta
12:28:00 [info     ] browser.launched               channel=msedge headless=True
12:28:42 [warning  ] order.relaunch_retry           attempt=0 error=TimeoutError('Page.goto: Timeout 30000ms exceeded.\nCall log:\n  - navigating to "https://www.excard.com.my/price-list/L retry_in_s=15
12:29:41 [info     ] browser.launched               channel=msedge headless=True
12:30:03 [info     ] order.relaunch_recovered       after_attempts=1
12:30:10 [warning  ] browser.channel_unavailable    channel=msedge error=TargetClosedError
12:30:10 [warning  ] browser.channel_unavailable    channel=msedge error=TargetClosedError
12:30:12 [info     ] browser.launched               channel=chrome headless=True
12:30:12 [info     ] browser.launched               channel=chrome headless=True
12:30:13 [info     ] login.start                    url=https://www.excard.com.my/login
12:30:14 [info     ] login.start                    url=https://www.excard.com.my/login
12:30:40 [info     ] login.result                   ok=True url=https://www.excard.com.my/home-member
12:30:40 [info     ] login.result                   ok=True url=https://www.excard.com.my/home-member
12:33:10 [info     ] order.captured                 colour=4C (Front) delivery=98 package=Normal paper=Simili 80gsm - Best Seller quantities=25 size=A4 (210mm x 297mm)
12:33:11 [info     ] order.captured                 colour=4C (Front) delivery=98 package=Normal paper=Simili 80gsm - Best Seller quantities=25 size=A4 (210mm x 297mm)
12:34:06 [info     ] order.captured                 colour=4C (Front) delivery=98 package=7in1 paper=Gloss Art Paper 100gsm - Best Seller quantities=27 size=A1 (594mm x 840mm)
12:34:07 [info     ] order.progress                 done=165 empty=338 error=11
12:38:29 [info     ] order.captured                 colour=4C (Both) delivery=98 package=7in1 paper=Gloss Art Paper 100gsm - Best Seller quantities=27 size=A1 (594mm x 840mm)
12:39:15 [warning  ] order.configure_failed         paper=Gloss Art Paper 100gsm - Best Seller size=A1 (594mm x 840mm)
12:39:15 [info     ] order.recycle_browser          processed=516
12:39:19 [info     ] browser.launched               channel=msedge headless=True
12:40:12 [warning  ] order.configure_failed         paper=Gloss Art Paper 100gsm - Best Seller size=A1 (594mm x 840mm)
12:44:21 [info     ] order.captured                 colour=4C (Front) delivery=98 package=8in1 paper=Gloss Art Paper 100gsm - Best Seller quantities=27 size=A1 (594mm x 840mm)
12:48:37 [info     ] order.captured                 colour=4C (Both) delivery=98 package=8in1 paper=Gloss Art Paper 100gsm - Best Seller quantities=27 size=A1 (594mm x 840mm)
12:49:24 [warning  ] order.configure_failed         paper=Gloss Art Paper 100gsm - Best Seller size=A1 (594mm x 840mm)
12:49:24 [info     ] order.recycle_browser          processed=520
12:49:31 [info     ] browser.launched               channel=msedge headless=True
12:50:25 [warning  ] order.configure_failed         paper=Gloss Art Paper 100gsm - Best Seller size=A1 (594mm x 840mm)
12:54:31 [info     ] order.captured                 colour=4C (Front) delivery=98 package=9in1 paper=Gloss Art Paper 100gsm - Best Seller quantities=27 size=A1 (594mm x 840mm)
12:58:51 [info     ] order.captured                 colour=4C (Both) delivery=98 package=9in1 paper=Gloss Art Paper 100gsm - Best Seller quantities=27 size=A1 (594mm x 840mm)
12:58:51 [info     ] order.progress                 done=170 empty=342 error=11
12:59:34 [warning  ] order.configure_failed         paper=Gloss Art Paper 100gsm - Best Seller size=A1 (594mm x 840mm)
12:59:34 [info     ] order.progress                 done=170 empty=343 error=11
12:59:34 [info     ] order.recycle_browser          processed=524
13:00:06 [info     ] browser.launched               channel=msedge headless=True
13:01:03 [warning  ] order.configure_failed         paper=Gloss Art Paper 100gsm - Best Seller size=A1 (594mm x 840mm)
13:01:03 [info     ] order.progress                 done=170 empty=344 error=11
13:05:14 [info     ] order.captured                 colour=4C (Front) delivery=98 package=10in1 paper=Gloss Art Paper 100gsm - Best Seller quantities=27 size=A1 (594mm x 840mm)
13:09:23 [info     ] order.captured                 colour=4C (Both) delivery=98 package=10in1 paper=Gloss Art Paper 100gsm - Best Seller quantities=27 size=A1 (594mm x 840mm)
13:10:11 [warning  ] order.configure_failed         paper=Gloss Art Paper 100gsm - Best Seller size=A1 (594mm x 840mm)
13:10:12 [info     ] order.recycle_browser          processed=528
13:10:15 [info     ] browser.launched               channel=msedge headless=True
13:11:10 [warning  ] order.configure_failed         paper=Gloss Art Paper 100gsm - Best Seller size=A1 (594mm x 840mm)
13:15:00 [info     ] order.captured                 colour=4C (Front) delivery=98 package=2in1 paper=Gloss Art Paper 128gsm - Best Seller quantities=27 size=A1 (594mm x 840mm)
13:18:50 [info     ] order.captured                 colour=4C (Both) delivery=98 package=2in1 paper=Gloss Art Paper 128gsm - Best Seller quantities=27 size=A1 (594mm x 840mm)
13:19:33 [warning  ] order.configure_failed         paper=Gloss Art Paper 128gsm - Best Seller size=A1 (594mm x 840mm)
13:19:34 [info     ] order.recycle_browser          processed=532
13:19:38 [info     ] browser.launched               channel=msedge headless=True
13:20:36 [warning  ] order.configure_failed         paper=Gloss Art Paper 128gsm - Best Seller size=A1 (594mm x 840mm)
13:24:30 [info     ] order.captured                 colour=4C (Front) delivery=98 package=3in1 paper=Gloss Art Paper 128gsm - Best Seller quantities=27 size=A1 (594mm x 840mm)
13:24:31 [info     ] order.progress                 done=175 empty=348 error=11
13:28:29 [info     ] order.captured                 colour=4C (Both) delivery=98 package=3in1 paper=Gloss Art Paper 128gsm - Best Seller quantities=27 size=A1 (594mm x 840mm)
13:29:16 [warning  ] order.configure_failed         paper=Gloss Art Paper 128gsm - Best Seller size=A1 (594mm x 840mm)
13:29:16 [info     ] order.recycle_browser          processed=536
13:29:19 [info     ] browser.launched               channel=msedge headless=True
13:30:13 [warning  ] order.configure_failed         paper=Gloss Art Paper 128gsm - Best Seller size=A1 (594mm x 840mm)
13:34:09 [info     ] order.captured                 colour=4C (Front) delivery=98 package=4in1 paper=Gloss Art Paper 128gsm - Best Seller quantities=27 size=A1 (594mm x 840mm)
13:38:05 [info     ] order.captured                 colour=4C (Both) delivery=98 package=4in1 paper=Gloss Art Paper 128gsm - Best Seller quantities=27 size=A1 (594mm x 840mm)
13:38:50 [warning  ] order.configure_failed         paper=Gloss Art Paper 128gsm - Best Seller size=A1 (594mm x 840mm)
13:38:50 [info     ] order.recycle_browser          processed=540
13:38:56 [info     ] browser.launched               channel=msedge headless=True
13:39:49 [warning  ] order.configure_failed         paper=Gloss Art Paper 128gsm - Best Seller size=A1 (594mm x 840mm)
13:43:48 [info     ] order.captured                 colour=4C (Front) delivery=98 package=5in1 paper=Gloss Art Paper 128gsm - Best Seller quantities=27 size=A1 (594mm x 840mm)
13:48:13 [info     ] order.captured                 colour=4C (Both) delivery=98 package=5in1 paper=Gloss Art Paper 128gsm - Best Seller quantities=27 size=A1 (594mm x 840mm)
13:48:14 [info     ] order.progress                 done=180 empty=352 error=11
13:48:56 [warning  ] order.configure_failed         paper=Gloss Art Paper 128gsm - Best Seller size=A1 (594mm x 840mm)
13:48:56 [info     ] order.progress                 done=180 empty=353 error=11
13:48:56 [info     ] order.recycle_browser          processed=544
13:52:27 [info     ] browser.launched               channel=msedge headless=True
13:53:05 [warning  ] order.relaunch_retry           attempt=0 error=TimeoutError('Page.goto: Timeout 30000ms exceeded.\nCall log:\n  - navigating to "https://www.excard.com.my/price-list/L retry_in_s=15
13:53:24 [info     ] browser.launched               channel=msedge headless=True
13:53:31 [info     ] order.relaunch_recovered       after_attempts=1
13:54:39 [warning  ] order.configure_failed         paper=Gloss Art Paper 128gsm - Best Seller size=A1 (594mm x 840mm)
13:54:39 [info     ] order.progress                 done=180 empty=354 error=11
13:58:39 [info     ] order.captured                 colour=4C (Front) delivery=98 package=6in1 paper=Gloss Art Paper 128gsm - Best Seller quantities=27 size=A1 (594mm x 840mm)
14:02:41 [info     ] order.captured                 colour=4C (Both) delivery=98 package=6in1 paper=Gloss Art Paper 128gsm - Best Seller quantities=27 size=A1 (594mm x 840mm)
14:03:24 [warning  ] order.configure_failed         paper=Gloss Art Paper 128gsm - Best Seller size=A1 (594mm x 840mm)
14:03:24 [info     ] order.recycle_browser          processed=548
14:03:54 [info     ] browser.launched               channel=msedge headless=True
14:04:59 [warning  ] order.configure_failed         paper=Gloss Art Paper 128gsm - Best Seller size=A1 (594mm x 840mm)
14:09:15 [info     ] order.captured                 colour=4C (Front) delivery=98 package=7in1 paper=Gloss Art Paper 128gsm - Best Seller quantities=27 size=A1 (594mm x 840mm)
14:13:50 [info     ] order.captured                 colour=4C (Both) delivery=98 package=7in1 paper=Gloss Art Paper 128gsm - Best Seller quantities=27 size=A1 (594mm x 840mm)
14:14:38 [warning  ] order.configure_failed         paper=Gloss Art Paper 128gsm - Best Seller size=A1 (594mm x 840mm)
14:14:38 [info     ] order.recycle_browser          processed=552
14:15:28 [info     ] browser.launched               channel=msedge headless=True
14:16:22 [warning  ] order.configure_failed         paper=Gloss Art Paper 128gsm - Best Seller size=A1 (594mm x 840mm)
14:18:54 [info     ] browser.launched               channel=msedge headless=True
14:18:56 [info     ] login.start                    url=https://www.excard.com.my/login
14:19:24 [info     ] login.result                   ok=True url=https://www.excard.com.my/home-member
14:20:54 [info     ] order.captured                 colour=4C (Front) delivery=98 package=8in1 paper=Gloss Art Paper 128gsm - Best Seller quantities=27 size=A1 (594mm x 840mm)
14:20:54 [info     ] order.progress                 done=185 empty=358 error=11
14:25:06 [info     ] order.captured                 colour=4C (Both) delivery=98 package=8in1 paper=Gloss Art Paper 128gsm - Best Seller quantities=27 size=A1 (594mm x 840mm)
14:25:22 [info     ] browser.launched               channel=msedge headless=True
14:25:23 [info     ] login.start                    url=https://www.excard.com.my/login
14:25:49 [info     ] login.result                   ok=True url=https://www.excard.com.my/home-member
14:25:54 [warning  ] order.configure_failed         paper=Gloss Art Paper 128gsm - Best Seller size=A1 (594mm x 840mm)
14:25:54 [info     ] order.recycle_browser          processed=556
14:26:34 [info     ] browser.launched               channel=msedge headless=True
14:27:27 [warning  ] order.configure_failed         paper=Gloss Art Paper 128gsm - Best Seller size=A1 (594mm x 840mm)
14:31:37 [info     ] order.captured                 colour=4C (Front) delivery=98 package=9in1 paper=Gloss Art Paper 128gsm - Best Seller quantities=27 size=A1 (594mm x 840mm)
14:35:48 [info     ] order.captured                 colour=4C (Both) delivery=98 package=9in1 paper=Gloss Art Paper 128gsm - Best Seller quantities=27 size=A1 (594mm x 840mm)
14:36:35 [warning  ] order.configure_failed         paper=Gloss Art Paper 128gsm - Best Seller size=A1 (594mm x 840mm)
14:36:35 [info     ] order.recycle_browser          processed=560
14:36:39 [info     ] browser.launched               channel=msedge headless=True
14:37:41 [warning  ] order.configure_failed         paper=Gloss Art Paper 128gsm - Best Seller size=A1 (594mm x 840mm)
14:38:06 [info     ] browser.launched               channel=msedge headless=True
14:38:07 [info     ] login.start                    url=https://www.excard.com.my/login
14:38:36 [info     ] login.result                   ok=True url=https://www.excard.com.my/home-member
14:42:35 [info     ] order.captured                 colour=4C (Front) delivery=98 package=10in1 paper=Gloss Art Paper 128gsm - Best Seller quantities=27 size=A1 (594mm x 840mm)
14:43:03 [info     ] browser.launched               channel=msedge headless=True
14:43:04 [info     ] login.start                    url=https://www.excard.com.my/login
14:43:27 [info     ] login.result                   ok=True url=https://www.excard.com.my/home-member
14:47:03 [info     ] order.captured                 colour=4C (Both) delivery=98 package=10in1 paper=Gloss Art Paper 128gsm - Best Seller quantities=27 size=A1 (594mm x 840mm)
14:47:04 [info     ] order.progress                 done=190 empty=362 error=11
14:47:43 [warning  ] order.configure_failed         paper=Gloss Art Paper 128gsm - Best Seller size=A1 (594mm x 840mm)
14:47:43 [info     ] order.progress                 done=190 empty=363 error=11
14:47:43 [info     ] order.recycle_browser          processed=564
14:47:47 [info     ] browser.launched               channel=msedge headless=True
14:48:40 [warning  ] order.configure_failed         paper=Gloss Art Paper 128gsm - Best Seller size=A1 (594mm x 840mm)
14:48:41 [info     ] order.progress                 done=190 empty=364 error=11
14:52:43 [info     ] order.captured                 colour=4C (Front) delivery=98 package=2in1 paper=Gloss Art Paper 150gsm - Best Seller quantities=27 size=A1 (594mm x 840mm)
14:58:23 [info     ] order.captured                 colour=4C (Both) delivery=98 package=2in1 paper=Gloss Art Paper 150gsm - Best Seller quantities=27 size=A1 (594mm x 840mm)
14:59:18 [warning  ] order.configure_failed         paper=Gloss Art Paper 150gsm - Best Seller size=A1 (594mm x 840mm)
14:59:19 [info     ] order.recycle_browser          processed=568
15:05:44 [info     ] browser.launched               channel=msedge headless=True
15:06:22 [warning  ] order.relaunch_retry           attempt=0 error=TimeoutError('Page.goto: Timeout 30000ms exceeded.\nCall log:\n  - navigating to "https://www.excard.com.my/price-list/L retry_in_s=15
15:06:40 [info     ] browser.launched               channel=msedge headless=True
15:07:17 [warning  ] order.relaunch_retry           attempt=1 error=TimeoutError('Page.goto: Timeout 30000ms exceeded.\nCall log:\n  - navigating to "https://www.excard.com.my/price-list/L retry_in_s=30
15:07:51 [info     ] browser.launched               channel=msedge headless=True
15:08:32 [warning  ] order.relaunch_retry           attempt=2 error=TimeoutError('Page.goto: Timeout 30000ms exceeded.\nCall log:\n  - navigating to "https://www.excard.com.my/price-list/L retry_in_s=45
15:09:23 [info     ] browser.launched               channel=msedge headless=True
15:10:04 [warning  ] order.relaunch_retry           attempt=3 error=TimeoutError('Page.goto: Timeout 30000ms exceeded.\nCall log:\n  - navigating to "https://www.excard.com.my/price-list/L retry_in_s=60
15:11:10 [info     ] browser.launched               channel=msedge headless=True
15:12:16 [info     ] order.relaunch_recovered       after_attempts=4
15:13:11 [warning  ] order.configure_failed         paper=Gloss Art Paper 150gsm - Best Seller size=A1 (594mm x 840mm)
15:20:45 [info     ] order.captured                 colour=4C (Front) delivery=98 package=3in1 paper=Gloss Art Paper 150gsm - Best Seller quantities=27 size=A1 (594mm x 840mm)
15:28:20 [info     ] order.captured                 colour=4C (Both) delivery=98 package=3in1 paper=Gloss Art Paper 150gsm - Best Seller quantities=27 size=A1 (594mm x 840mm)
15:29:23 [warning  ] order.configure_failed         paper=Gloss Art Paper 150gsm - Best Seller size=A1 (594mm x 840mm)
15:29:23 [info     ] order.recycle_browser          processed=572
15:32:34 [info     ] browser.launched               channel=msedge headless=True
15:34:33 [warning  ] order.configure_failed         paper=Gloss Art Paper 150gsm - Best Seller size=A1 (594mm x 840mm)
15:41:37 [info     ] order.captured                 colour=4C (Front) delivery=98 package=4in1 paper=Gloss Art Paper 150gsm - Best Seller quantities=27 size=A1 (594mm x 840mm)
15:41:37 [info     ] order.progress                 done=195 empty=368 error=11
15:47:17 [info     ] order.captured                 colour=4C (Both) delivery=98 package=4in1 paper=Gloss Art Paper 150gsm - Best Seller quantities=27 size=A1 (594mm x 840mm)
15:48:06 [warning  ] order.configure_failed         paper=Gloss Art Paper 150gsm - Best Seller size=A1 (594mm x 840mm)
15:48:06 [info     ] order.recycle_browser          processed=576
15:48:18 [info     ] browser.launched               channel=msedge headless=True
15:49:31 [warning  ] order.configure_failed         paper=Gloss Art Paper 150gsm - Best Seller size=A1 (594mm x 840mm)
15:56:26 [info     ] order.captured                 colour=4C (Front) delivery=98 package=5in1 paper=Gloss Art Paper 150gsm - Best Seller quantities=27 size=A1 (594mm x 840mm)
16:03:54 [info     ] order.captured                 colour=4C (Both) delivery=98 package=5in1 paper=Gloss Art Paper 150gsm - Best Seller quantities=27 size=A1 (594mm x 840mm)
16:05:04 [warning  ] order.configure_failed         paper=Gloss Art Paper 150gsm - Best Seller size=A1 (594mm x 840mm)
16:05:04 [info     ] order.recycle_browser          processed=580
16:09:48 [info     ] browser.launched               channel=msedge headless=True
16:10:27 [warning  ] order.relaunch_retry           attempt=0 error=TimeoutError('Page.goto: Timeout 30000ms exceeded.\nCall log:\n  - navigating to "https://www.excard.com.my/price-list/L retry_in_s=15
16:10:55 [info     ] browser.launched               channel=msedge headless=True
16:11:44 [warning  ] order.relaunch_retry           attempt=1 error=TimeoutError('Page.goto: Timeout 30000ms exceeded.\nCall log:\n  - navigating to "https://www.excard.com.my/price-list/L retry_in_s=30
16:12:19 [info     ] browser.launched               channel=msedge headless=True
16:13:37 [info     ] order.relaunch_recovered       after_attempts=2
16:14:42 [warning  ] order.configure_failed         paper=Gloss Art Paper 150gsm - Best Seller size=A1 (594mm x 840mm)
16:20:29 [info     ] order.captured                 colour=4C (Front) delivery=98 package=6in1 paper=Gloss Art Paper 150gsm - Best Seller quantities=27 size=A1 (594mm x 840mm)
16:26:34 [info     ] order.captured                 colour=4C (Both) delivery=98 package=6in1 paper=Gloss Art Paper 150gsm - Best Seller quantities=27 size=A1 (594mm x 840mm)
16:26:38 [info     ] order.progress                 done=200 empty=372 error=11
16:27:40 [warning  ] order.configure_failed         paper=Gloss Art Paper 150gsm - Best Seller size=A1 (594mm x 840mm)
16:27:40 [info     ] order.progress                 done=200 empty=373 error=11
16:27:40 [info     ] order.recycle_browser          processed=584
16:30:43 [info     ] browser.launched               channel=msedge headless=True
16:31:57 [warning  ] order.configure_failed         paper=Gloss Art Paper 150gsm - Best Seller size=A1 (594mm x 840mm)
16:31:57 [info     ] order.progress                 done=200 empty=374 error=11
16:35:20 [info     ] browser.launched               channel=msedge headless=True
16:35:22 [info     ] login.start                    url=https://www.excard.com.my/login
16:35:54 [info     ] login.result                   ok=True url=https://www.excard.com.my/home-member
16:36:40 [info     ] order.captured                 colour=4C (Front) delivery=98 package=7in1 paper=Gloss Art Paper 150gsm - Best Seller quantities=27 size=A1 (594mm x 840mm)
16:41:48 [info     ] order.captured                 colour=4C (Both) delivery=98 package=7in1 paper=Gloss Art Paper 150gsm - Best Seller quantities=27 size=A1 (594mm x 840mm)
16:42:35 [warning  ] order.configure_failed         paper=Gloss Art Paper 150gsm - Best Seller size=A1 (594mm x 840mm)
16:42:35 [info     ] order.recycle_browser          processed=588
16:45:40 [info     ] browser.launched               channel=msedge headless=True
16:46:51 [warning  ] order.configure_failed         paper=Gloss Art Paper 150gsm - Best Seller size=A1 (594mm x 840mm)
16:51:08 [info     ] order.captured                 colour=4C (Front) delivery=98 package=8in1 paper=Gloss Art Paper 150gsm - Best Seller quantities=27 size=A1 (594mm x 840mm)
16:55:33 [info     ] order.captured                 colour=4C (Both) delivery=98 package=8in1 paper=Gloss Art Paper 150gsm - Best Seller quantities=27 size=A1 (594mm x 840mm)
16:56:22 [warning  ] order.configure_failed         paper=Gloss Art Paper 150gsm - Best Seller size=A1 (594mm x 840mm)
16:56:23 [info     ] order.recycle_browser          processed=592
16:59:20 [info     ] browser.launched               channel=msedge headless=True
17:00:26 [warning  ] order.configure_failed         paper=Gloss Art Paper 150gsm - Best Seller size=A1 (594mm x 840mm)
17:05:17 [info     ] order.captured                 colour=4C (Front) delivery=98 package=9in1 paper=Gloss Art Paper 150gsm - Best Seller quantities=27 size=A1 (594mm x 840mm)
17:05:17 [info     ] order.progress                 done=205 empty=378 error=11
17:10:43 [info     ] order.captured                 colour=4C (Both) delivery=98 package=9in1 paper=Gloss Art Paper 150gsm - Best Seller quantities=27 size=A1 (594mm x 840mm)
17:11:33 [warning  ] order.configure_failed         paper=Gloss Art Paper 150gsm - Best Seller size=A1 (594mm x 840mm)
17:11:33 [info     ] order.recycle_browser          processed=596
17:14:36 [info     ] browser.launched               channel=msedge headless=True
17:17:15 [warning  ] order.configure_failed         paper=Gloss Art Paper 150gsm - Best Seller size=A1 (594mm x 840mm)
17:22:08 [info     ] order.captured                 colour=4C (Front) delivery=98 package=10in1 paper=Gloss Art Paper 150gsm - Best Seller quantities=27 size=A1 (594mm x 840mm)
17:22:35 [info     ] browser.launched               channel=msedge headless=True
17:22:38 [info     ] login.start                    url=https://www.excard.com.my/login
17:23:13 [info     ] login.result                   ok=True url=https://www.excard.com.my/home-member
17:28:07 [info     ] order.captured                 colour=4C (Both) delivery=98 package=10in1 paper=Gloss Art Paper 150gsm - Best Seller quantities=27 size=A1 (594mm x 840mm)
17:28:56 [warning  ] order.configure_failed         paper=Gloss Art Paper 150gsm - Best Seller size=A1 (594mm x 840mm)
17:28:56 [info     ] order.recycle_browser          processed=600
17:32:23 [info     ] browser.launched               channel=msedge headless=True
17:33:40 [warning  ] order.configure_failed         paper=Gloss Art Paper 150gsm - Best Seller size=A1 (594mm x 840mm)
17:37:48 [info     ] order.captured                 colour=4C (Front) delivery=98 package=2in1 paper=Matte Art Paper 130gsm - Best Seller quantities=27 size=A1 (594mm x 840mm)
17:41:49 [info     ] order.captured                 colour=4C (Both) delivery=98 package=2in1 paper=Matte Art Paper 130gsm - Best Seller quantities=27 size=A1 (594mm x 840mm)
17:41:49 [info     ] order.progress                 done=210 empty=382 error=11
17:42:39 [warning  ] order.configure_failed         paper=Matte Art Paper 130gsm - Best Seller size=A1 (594mm x 840mm)
17:42:39 [info     ] order.progress                 done=210 empty=383 error=11
17:42:39 [info     ] order.recycle_browser          processed=604
17:45:21 [info     ] browser.launched               channel=msedge headless=True
17:46:33 [warning  ] order.configure_failed         paper=Matte Art Paper 130gsm - Best Seller size=A1 (594mm x 840mm)
17:46:33 [info     ] order.progress                 done=210 empty=384 error=11
17:50:37 [info     ] order.captured                 colour=4C (Front) delivery=98 package=3in1 paper=Matte Art Paper 130gsm - Best Seller quantities=27 size=A1 (594mm x 840mm)
17:54:45 [info     ] order.captured                 colour=4C (Both) delivery=98 package=3in1 paper=Matte Art Paper 130gsm - Best Seller quantities=27 size=A1 (594mm x 840mm)
17:55:32 [warning  ] order.configure_failed         paper=Matte Art Paper 130gsm - Best Seller size=A1 (594mm x 840mm)
17:55:32 [info     ] order.recycle_browser          processed=608
17:56:40 [info     ] browser.launched               channel=msedge headless=True
17:57:53 [warning  ] order.configure_failed         paper=Matte Art Paper 130gsm - Best Seller size=A1 (594mm x 840mm)
18:01:57 [info     ] order.captured                 colour=4C (Front) delivery=98 package=4in1 paper=Matte Art Paper 130gsm - Best Seller quantities=27 size=A1 (594mm x 840mm)
18:06:10 [info     ] order.captured                 colour=4C (Both) delivery=98 package=4in1 paper=Matte Art Paper 130gsm - Best Seller quantities=27 size=A1 (594mm x 840mm)
18:06:57 [warning  ] order.configure_failed         paper=Matte Art Paper 130gsm - Best Seller size=A1 (594mm x 840mm)
18:06:57 [info     ] order.recycle_browser          processed=612
18:08:27 [info     ] browser.launched               channel=msedge headless=True
18:09:44 [warning  ] order.configure_failed         paper=Matte Art Paper 130gsm - Best Seller size=A1 (594mm x 840mm)
18:13:57 [info     ] order.captured                 colour=4C (Front) delivery=98 package=5in1 paper=Matte Art Paper 130gsm - Best Seller quantities=27 size=A1 (594mm x 840mm)
18:13:58 [info     ] order.progress                 done=215 empty=388 error=11
18:18:08 [info     ] order.captured                 colour=4C (Both) delivery=98 package=5in1 paper=Matte Art Paper 130gsm - Best Seller quantities=27 size=A1 (594mm x 840mm)
18:18:56 [warning  ] order.configure_failed         paper=Matte Art Paper 130gsm - Best Seller size=A1 (594mm x 840mm)
18:18:56 [info     ] order.recycle_browser          processed=616
18:21:28 [info     ] browser.launched               channel=msedge headless=True
18:22:12 [error    ] order.error                    error=TimeoutError('Page.goto: Timeout 30000ms exceeded.\nCall log:\n  - navigating to "https://www.excard.com.my/spec/Litho/Loose_Sheet", waiting until "domcontentlo
18:24:57 [info     ] browser.launched               channel=msedge headless=True
18:26:14 [warning  ] order.configure_failed         paper=Matte Art Paper 130gsm - Best Seller size=A1 (594mm x 840mm)
18:30:28 [info     ] order.captured                 colour=4C (Front) delivery=98 package=6in1 paper=Matte Art Paper 130gsm - Best Seller quantities=27 size=A1 (594mm x 840mm)
18:34:36 [info     ] order.captured                 colour=4C (Both) delivery=98 package=6in1 paper=Matte Art Paper 130gsm - Best Seller quantities=27 size=A1 (594mm x 840mm)
18:34:36 [info     ] order.recycle_browser          processed=620
18:35:52 [info     ] browser.launched               channel=msedge headless=True
18:37:05 [warning  ] order.configure_failed         paper=Matte Art Paper 130gsm - Best Seller size=A1 (594mm x 840mm)
18:37:55 [warning  ] order.configure_failed         paper=Matte Art Paper 130gsm - Best Seller size=A1 (594mm x 840mm)
18:42:06 [info     ] order.captured                 colour=4C (Front) delivery=98 package=7in1 paper=Matte Art Paper 130gsm - Best Seller quantities=27 size=A1 (594mm x 840mm)
18:46:24 [info     ] order.captured                 colour=4C (Both) delivery=98 package=7in1 paper=Matte Art Paper 130gsm - Best Seller quantities=27 size=A1 (594mm x 840mm)
18:46:25 [info     ] order.progress                 done=220 empty=392 error=12
18:46:25 [info     ] order.recycle_browser          processed=624
18:48:13 [info     ] browser.launched               channel=msedge headless=True
18:49:28 [warning  ] order.configure_failed         paper=Matte Art Paper 130gsm - Best Seller size=A1 (594mm x 840mm)
18:49:28 [info     ] order.progress                 done=220 empty=393 error=12
18:50:17 [warning  ] order.configure_failed         paper=Matte Art Paper 130gsm - Best Seller size=A1 (594mm x 840mm)
18:50:17 [info     ] order.progress                 done=220 empty=394 error=12
18:54:27 [info     ] order.captured                 colour=4C (Front) delivery=98 package=8in1 paper=Matte Art Paper 130gsm - Best Seller quantities=27 size=A1 (594mm x 840mm)
18:58:48 [info     ] order.captured                 colour=4C (Both) delivery=98 package=8in1 paper=Matte Art Paper 130gsm - Best Seller quantities=27 size=A1 (594mm x 840mm)
18:58:49 [info     ] order.recycle_browser          processed=628
19:02:15 [info     ] browser.launched               channel=msedge headless=True
19:03:44 [warning  ] order.relaunch_retry           attempt=0 error=TimeoutError('Page.goto: Timeout 30000ms exceeded.\nCall log:\n  - navigating to "https://www.excard.com.my/price-list/L retry_in_s=15
19:04:16 [info     ] browser.launched               channel=msedge headless=True
19:04:41 [warning  ] order.relaunch_retry           attempt=1 error=Error('Page.goto: net::ERR_INTERNET_DISCONNECTED at https://www.excard.com.my/price-list/Litho/21\nCall log:\n  - naviga retry_in_s=30
19:05:38 [info     ] browser.launched               channel=msedge headless=True
19:06:32 [warning  ] order.relaunch_retry           attempt=2 error=TimeoutError('Page.goto: Timeout 30000ms exceeded.\nCall log:\n  - navigating to "https://www.excard.com.my/price-list/L retry_in_s=45
19:08:00 [info     ] browser.launched               channel=msedge headless=True
19:09:41 [info     ] order.relaunch_recovered       after_attempts=3
19:09:45 [warning  ] order.configure_failed         paper=Matte Art Paper 130gsm - Best Seller size=A1 (594mm x 840mm)
19:09:47 [warning  ] order.configure_failed         paper=Matte Art Paper 130gsm - Best Seller size=A1 (594mm x 840mm)
19:09:50 [warning  ] order.configure_failed         paper=Matte Art Paper 130gsm - Best Seller size=A1 (594mm x 840mm)
19:09:52 [warning  ] order.configure_failed         paper=Matte Art Paper 130gsm - Best Seller size=A1 (594mm x 840mm)
19:09:52 [info     ] order.recycle_browser          processed=632
19:13:08 [info     ] browser.launched               channel=msedge headless=True
19:13:30 [warning  ] order.configure_failed         paper=Matte Art Paper 130gsm - Best Seller size=A1 (594mm x 840mm)
19:13:32 [warning  ] order.configure_failed         paper=Matte Art Paper 130gsm - Best Seller size=A1 (594mm x 840mm)
19:13:35 [warning  ] order.configure_failed         paper=Matte Art Paper 130gsm - Best Seller size=A1 (594mm x 840mm)
19:13:37 [warning  ] order.configure_failed         paper=Matte Art Paper 130gsm - Best Seller size=A1 (594mm x 840mm)
19:13:37 [info     ] order.recycle_browser          processed=636
19:15:05 [info     ] browser.launched               channel=msedge headless=True
19:15:21 [warning  ] order.configure_failed         paper=Matte Art Paper 130gsm - Best Seller size=A1 (594mm x 840mm)
19:15:23 [warning  ] order.configure_failed         paper=Matte Art Paper 130gsm - Best Seller size=A1 (594mm x 840mm)
19:15:26 [warning  ] order.configure_failed         paper=Gloss Art Card 230gsm (2 sides coated) size=A1 (594mm x 840mm)
19:15:29 [warning  ] order.configure_failed         paper=Gloss Art Card 230gsm (2 sides coated) size=A1 (594mm x 840mm)
19:15:29 [info     ] order.recycle_browser          processed=640
19:19:30 [info     ] browser.launched               channel=msedge headless=True
19:19:51 [warning  ] order.configure_failed         paper=Gloss Art Card 230gsm (2 sides coated) size=A1 (594mm x 840mm)
19:19:54 [warning  ] order.configure_failed         paper=Gloss Art Card 230gsm (2 sides coated) size=A1 (594mm x 840mm)
19:19:57 [warning  ] order.configure_failed         paper=Gloss Art Card 230gsm (2 sides coated) size=A1 (594mm x 840mm)
19:20:00 [warning  ] order.configure_failed         paper=Gloss Art Card 230gsm (2 sides coated) size=A1 (594mm x 840mm)
19:20:00 [info     ] order.recycle_browser          processed=644
19:21:44 [info     ] browser.launched               channel=msedge headless=True
19:22:02 [warning  ] order.configure_failed         paper=Gloss Art Card 230gsm (2 sides coated) size=A1 (594mm x 840mm)
19:22:05 [warning  ] order.configure_failed         paper=Gloss Art Card 230gsm (2 sides coated) size=A1 (594mm x 840mm)
19:22:09 [warning  ] order.configure_failed         paper=Gloss Art Card 230gsm (2 sides coated) size=A1 (594mm x 840mm)
19:22:12 [warning  ] order.configure_failed         paper=Gloss Art Card 230gsm (2 sides coated) size=A1 (594mm x 840mm)
19:22:12 [info     ] order.recycle_browser          processed=648
19:26:00 [info     ] browser.launched               channel=msedge headless=True
19:26:18 [warning  ] order.configure_failed         paper=Gloss Art Card 230gsm (2 sides coated) size=A1 (594mm x 840mm)
19:26:21 [warning  ] order.configure_failed         paper=Gloss Art Card 230gsm (2 sides coated) size=A1 (594mm x 840mm)
19:26:24 [warning  ] order.configure_failed         paper=Gloss Art Card 230gsm (2 sides coated) size=A1 (594mm x 840mm)
19:26:26 [warning  ] order.configure_failed         paper=Gloss Art Card 230gsm (2 sides coated) size=A1 (594mm x 840mm)
19:26:26 [info     ] order.recycle_browser          processed=652
19:30:07 [info     ] browser.launched               channel=msedge headless=True
19:30:28 [warning  ] order.configure_failed         paper=Gloss Art Card 230gsm (2 sides coated) size=A1 (594mm x 840mm)
19:30:31 [warning  ] order.configure_failed         paper=Gloss Art Card 230gsm (2 sides coated) size=A1 (594mm x 840mm)
19:30:34 [warning  ] order.configure_failed         paper=Gloss Art Card 230gsm (2 sides coated) size=A1 (594mm x 840mm)
19:30:36 [warning  ] order.configure_failed         paper=Gloss Art Card 230gsm (2 sides coated) size=A1 (594mm x 840mm)
19:30:36 [info     ] order.recycle_browser          processed=656
19:31:42 [info     ] browser.launched               channel=msedge headless=True
19:31:59 [warning  ] order.configure_failed         paper=Gloss Art Card 230gsm (2 sides coated) size=A1 (594mm x 840mm)
19:32:01 [warning  ] order.configure_failed         paper=Gloss Art Card 230gsm (2 sides coated) size=A1 (594mm x 840mm)
19:32:04 [warning  ] order.configure_failed         paper=Gloss Art Card 230gsm (2 sides coated) size=A1 (594mm x 840mm)
19:32:06 [warning  ] order.configure_failed         paper=Gloss Art Card 230gsm (2 sides coated) size=A1 (594mm x 840mm)
19:32:06 [info     ] order.recycle_browser          processed=660
19:34:12 [info     ] browser.launched               channel=msedge headless=True
19:34:32 [warning  ] order.configure_failed         paper=Gloss Art Card 230gsm (2 sides coated) size=A1 (594mm x 840mm)
19:34:35 [warning  ] order.configure_failed         paper=Gloss Art Card 230gsm (2 sides coated) size=A1 (594mm x 840mm)
19:34:37 [warning  ] order.configure_failed         paper=Gloss Art Card 230gsm (2 sides coated) size=A1 (594mm x 840mm)
19:34:40 [warning  ] order.configure_failed         paper=Gloss Art Card 230gsm (2 sides coated) size=A1 (594mm x 840mm)
19:34:40 [info     ] order.recycle_browser          processed=664
19:39:33 [info     ] browser.launched               channel=msedge headless=True
19:39:50 [warning  ] order.configure_failed         paper=Gloss Art Card 230gsm (2 sides coated) size=A1 (594mm x 840mm)
19:39:54 [warning  ] order.configure_failed         paper=Gloss Art Card 230gsm (2 sides coated) size=A1 (594mm x 840mm)
19:39:57 [warning  ] order.configure_failed         paper=Gloss Art Card 230gsm (2 sides coated) size=A1 (594mm x 840mm)
19:40:01 [warning  ] order.configure_failed         paper=Gloss Art Card 230gsm (2 sides coated) size=A1 (594mm x 840mm)
19:40:01 [info     ] order.recycle_browser          processed=668
19:43:49 [info     ] browser.launched               channel=msedge headless=True
19:44:11 [warning  ] order.configure_failed         paper=Gloss Art Card 230gsm (2 sides coated) size=A1 (594mm x 840mm)
19:44:13 [warning  ] order.configure_failed         paper=Gloss Art Card 230gsm (2 sides coated) size=A1 (594mm x 840mm)
19:44:16 [warning  ] order.configure_failed         paper=Gloss Art Card 230gsm (2 sides coated) size=A1 (594mm x 840mm)
19:44:19 [warning  ] order.configure_failed         paper=Gloss Art Card 230gsm (2 sides coated) size=A1 (594mm x 840mm)
19:44:19 [info     ] order.recycle_browser          processed=672
19:48:55 [info     ] browser.launched               channel=msedge headless=True
19:49:10 [warning  ] order.configure_failed         paper=Gloss Art Card 230gsm (2 sides coated) size=A1 (594mm x 840mm)
19:49:13 [warning  ] order.configure_failed         paper=Gloss Art Card 230gsm (2 sides coated) size=A1 (594mm x 840mm)
19:49:16 [warning  ] order.configure_failed         paper=Gloss Art Card 250gsm (2 sides coated) - Best Seller size=A1 (594mm x 840mm)
19:49:18 [warning  ] order.configure_failed         paper=Gloss Art Card 250gsm (2 sides coated) - Best Seller size=A1 (594mm x 840mm)
19:49:18 [info     ] order.recycle_browser          processed=676
19:52:22 [info     ] browser.launched               channel=msedge headless=True
19:52:39 [warning  ] order.configure_failed         paper=Gloss Art Card 250gsm (2 sides coated) - Best Seller size=A1 (594mm x 840mm)
19:52:41 [warning  ] order.configure_failed         paper=Gloss Art Card 250gsm (2 sides coated) - Best Seller size=A1 (594mm x 840mm)
19:52:43 [warning  ] order.configure_failed         paper=Gloss Art Card 250gsm (2 sides coated) - Best Seller size=A1 (594mm x 840mm)
19:52:46 [warning  ] order.configure_failed         paper=Gloss Art Card 250gsm (2 sides coated) - Best Seller size=A1 (594mm x 840mm)
19:52:46 [info     ] order.recycle_browser          processed=680
19:54:26 [info     ] browser.launched               channel=msedge headless=True
19:54:43 [warning  ] order.configure_failed         paper=Gloss Art Card 250gsm (2 sides coated) - Best Seller size=A1 (594mm x 840mm)
19:54:45 [warning  ] order.configure_failed         paper=Gloss Art Card 250gsm (2 sides coated) - Best Seller size=A1 (594mm x 840mm)
19:54:48 [warning  ] order.configure_failed         paper=Gloss Art Card 250gsm (2 sides coated) - Best Seller size=A1 (594mm x 840mm)
19:54:50 [warning  ] order.configure_failed         paper=Gloss Art Card 250gsm (2 sides coated) - Best Seller size=A1 (594mm x 840mm)
19:54:50 [info     ] order.recycle_browser          processed=684
19:58:20 [info     ] browser.launched               channel=msedge headless=True
19:58:37 [warning  ] order.configure_failed         paper=Gloss Art Card 250gsm (2 sides coated) - Best Seller size=A1 (594mm x 840mm)
19:58:40 [warning  ] order.configure_failed         paper=Gloss Art Card 250gsm (2 sides coated) - Best Seller size=A1 (594mm x 840mm)
19:58:43 [warning  ] order.configure_failed         paper=Gloss Art Card 250gsm (2 sides coated) - Best Seller size=A1 (594mm x 840mm)
19:58:47 [warning  ] order.configure_failed         paper=Gloss Art Card 250gsm (2 sides coated) - Best Seller size=A1 (594mm x 840mm)
19:58:47 [info     ] order.recycle_browser          processed=688
19:59:59 [info     ] browser.launched               channel=msedge headless=True
20:00:20 [warning  ] order.configure_failed         paper=Gloss Art Card 250gsm (2 sides coated) - Best Seller size=A1 (594mm x 840mm)
20:00:22 [warning  ] order.configure_failed         paper=Gloss Art Card 250gsm (2 sides coated) - Best Seller size=A1 (594mm x 840mm)
20:00:24 [warning  ] order.configure_failed         paper=Gloss Art Card 250gsm (2 sides coated) - Best Seller size=A1 (594mm x 840mm)
20:00:27 [warning  ] order.configure_failed         paper=Gloss Art Card 250gsm (2 sides coated) - Best Seller size=A1 (594mm x 840mm)
20:00:27 [info     ] order.recycle_browser          processed=692
20:03:26 [info     ] browser.launched               channel=msedge headless=True
20:03:44 [warning  ] order.configure_failed         paper=Gloss Art Card 250gsm (2 sides coated) - Best Seller size=A1 (594mm x 840mm)
20:03:47 [warning  ] order.configure_failed         paper=Gloss Art Card 250gsm (2 sides coated) - Best Seller size=A1 (594mm x 840mm)
20:03:49 [warning  ] order.configure_failed         paper=Gloss Art Card 250gsm (2 sides coated) - Best Seller size=A1 (594mm x 840mm)
20:03:54 [warning  ] order.configure_failed         paper=Gloss Art Card 250gsm (2 sides coated) - Best Seller size=A1 (594mm x 840mm)
20:03:54 [info     ] order.recycle_browser          processed=696
20:07:33 [info     ] browser.launched               channel=msedge headless=True
20:07:49 [warning  ] order.configure_failed         paper=Gloss Art Card 250gsm (2 sides coated) - Best Seller size=A1 (594mm x 840mm)
20:07:53 [warning  ] order.configure_failed         paper=Gloss Art Card 250gsm (2 sides coated) - Best Seller size=A1 (594mm x 840mm)
20:07:55 [warning  ] order.configure_failed         paper=Gloss Art Card 250gsm (2 sides coated) - Best Seller size=A1 (594mm x 840mm)
20:07:57 [warning  ] order.configure_failed         paper=Gloss Art Card 250gsm (2 sides coated) - Best Seller size=A1 (594mm x 840mm)
20:07:57 [info     ] order.recycle_browser          processed=700
20:10:26 [info     ] browser.launched               channel=msedge headless=True
20:10:43 [warning  ] order.configure_failed         paper=Gloss Art Card 250gsm (2 sides coated) - Best Seller size=A1 (594mm x 840mm)
20:10:46 [warning  ] order.configure_failed         paper=Gloss Art Card 250gsm (2 sides coated) - Best Seller size=A1 (594mm x 840mm)
20:10:48 [warning  ] order.configure_failed         paper=Gloss Art Card 250gsm (2 sides coated) - Best Seller size=A1 (594mm x 840mm)
20:10:51 [warning  ] order.configure_failed         paper=Gloss Art Card 250gsm (2 sides coated) - Best Seller size=A1 (594mm x 840mm)
20:10:51 [info     ] order.recycle_browser          processed=704
20:15:11 [info     ] browser.launched               channel=msedge headless=True
20:15:28 [warning  ] order.configure_failed         paper=Gloss Art Card 250gsm (2 sides coated) - Best Seller size=A1 (594mm x 840mm)
20:15:31 [warning  ] order.configure_failed         paper=Gloss Art Card 250gsm (2 sides coated) - Best Seller size=A1 (594mm x 840mm)
20:15:33 [warning  ] order.configure_failed         paper=Gloss Art Card 250gsm (2 sides coated) - Best Seller size=A1 (594mm x 840mm)
20:15:36 [warning  ] order.configure_failed         paper=Gloss Art Card 250gsm (2 sides coated) - Best Seller size=A1 (594mm x 840mm)
20:15:36 [info     ] order.recycle_browser          processed=708
20:17:44 [info     ] browser.launched               channel=msedge headless=True
20:18:03 [warning  ] order.configure_failed         paper=Gloss Art Card 250gsm (2 sides coated) - Best Seller size=A1 (594mm x 840mm)
20:18:08 [warning  ] order.configure_failed         paper=Gloss Art Card 250gsm (2 sides coated) - Best Seller size=A1 (594mm x 840mm)
20:18:10 [warning  ] order.configure_failed         paper=Gloss Art Card 310gsm (2 sides coated) size=A1 (594mm x 840mm)
20:18:12 [warning  ] order.configure_failed         paper=Gloss Art Card 310gsm (2 sides coated) size=A1 (594mm x 840mm)
20:18:12 [info     ] order.recycle_browser          processed=712
20:20:48 [info     ] browser.launched               channel=msedge headless=True
20:21:03 [warning  ] order.configure_failed         paper=Gloss Art Card 310gsm (2 sides coated) size=A1 (594mm x 840mm)
20:21:06 [warning  ] order.configure_failed         paper=Gloss Art Card 310gsm (2 sides coated) size=A1 (594mm x 840mm)
20:21:09 [warning  ] order.configure_failed         paper=Gloss Art Card 310gsm (2 sides coated) size=A1 (594mm x 840mm)
20:21:12 [warning  ] order.configure_failed         paper=Gloss Art Card 310gsm (2 sides coated) size=A1 (594mm x 840mm)
20:21:12 [info     ] order.recycle_browser          processed=716
20:24:13 [info     ] browser.launched               channel=msedge headless=True
20:24:33 [warning  ] order.configure_failed         paper=Gloss Art Card 310gsm (2 sides coated) size=A1 (594mm x 840mm)
20:24:35 [warning  ] order.configure_failed         paper=Gloss Art Card 310gsm (2 sides coated) size=A1 (594mm x 840mm)
20:24:38 [warning  ] order.configure_failed         paper=Gloss Art Card 310gsm (2 sides coated) size=A1 (594mm x 840mm)
20:24:40 [warning  ] order.configure_failed         paper=Gloss Art Card 310gsm (2 sides coated) size=A1 (594mm x 840mm)
20:24:40 [info     ] order.recycle_browser          processed=720
20:26:02 [info     ] browser.launched               channel=msedge headless=True
20:26:19 [warning  ] order.configure_failed         paper=Gloss Art Card 310gsm (2 sides coated) size=A1 (594mm x 840mm)
20:26:22 [warning  ] order.configure_failed         paper=Gloss Art Card 310gsm (2 sides coated) size=A1 (594mm x 840mm)
20:26:24 [warning  ] order.configure_failed         paper=Gloss Art Card 310gsm (2 sides coated) size=A1 (594mm x 840mm)
20:26:27 [warning  ] order.configure_failed         paper=Gloss Art Card 310gsm (2 sides coated) size=A1 (594mm x 840mm)
20:26:27 [info     ] order.recycle_browser          processed=724
20:29:19 [info     ] browser.launched               channel=msedge headless=True
20:29:36 [warning  ] order.configure_failed         paper=Gloss Art Card 310gsm (2 sides coated) size=A1 (594mm x 840mm)
20:29:39 [warning  ] order.configure_failed         paper=Gloss Art Card 310gsm (2 sides coated) size=A1 (594mm x 840mm)
20:29:43 [warning  ] order.configure_failed         paper=Gloss Art Card 310gsm (2 sides coated) size=A1 (594mm x 840mm)
20:29:46 [warning  ] order.configure_failed         paper=Gloss Art Card 310gsm (2 sides coated) size=A1 (594mm x 840mm)
20:29:46 [info     ] order.recycle_browser          processed=728
20:31:08 [info     ] browser.launched               channel=msedge headless=True
20:31:25 [warning  ] order.configure_failed         paper=Gloss Art Card 310gsm (2 sides coated) size=A1 (594mm x 840mm)
20:31:27 [warning  ] order.configure_failed         paper=Gloss Art Card 310gsm (2 sides coated) size=A1 (594mm x 840mm)
20:31:30 [warning  ] order.configure_failed         paper=Gloss Art Card 310gsm (2 sides coated) size=A1 (594mm x 840mm)
20:31:32 [warning  ] order.configure_failed         paper=Gloss Art Card 310gsm (2 sides coated) size=A1 (594mm x 840mm)
20:31:32 [info     ] order.recycle_browser          processed=732
20:34:32 [info     ] browser.launched               channel=msedge headless=True
20:34:51 [warning  ] order.configure_failed         paper=Gloss Art Card 310gsm (2 sides coated) size=A1 (594mm x 840mm)
20:34:54 [warning  ] order.configure_failed         paper=Gloss Art Card 310gsm (2 sides coated) size=A1 (594mm x 840mm)
20:34:56 [warning  ] order.configure_failed         paper=Gloss Art Card 310gsm (2 sides coated) size=A1 (594mm x 840mm)
20:34:58 [warning  ] order.configure_failed         paper=Gloss Art Card 310gsm (2 sides coated) size=A1 (594mm x 840mm)
20:34:58 [info     ] order.recycle_browser          processed=736
20:36:13 [info     ] browser.launched               channel=msedge headless=True
20:36:27 [warning  ] order.configure_failed         paper=Gloss Art Card 310gsm (2 sides coated) size=A1 (594mm x 840mm)
20:36:29 [warning  ] order.configure_failed         paper=Gloss Art Card 310gsm (2 sides coated) size=A1 (594mm x 840mm)
20:36:32 [warning  ] order.configure_failed         paper=Gloss Art Card 310gsm (2 sides coated) size=A1 (594mm x 840mm)
20:36:35 [warning  ] order.configure_failed         paper=Gloss Art Card 310gsm (2 sides coated) size=A1 (594mm x 840mm)
20:36:35 [info     ] order.recycle_browser          processed=740
20:39:31 [info     ] browser.launched               channel=msedge headless=True
20:39:47 [warning  ] order.configure_failed         paper=Gloss Art Card 310gsm (2 sides coated) size=A1 (594mm x 840mm)
20:39:50 [warning  ] order.configure_failed         paper=Gloss Art Card 310gsm (2 sides coated) size=A1 (594mm x 840mm)
20:39:53 [warning  ] order.configure_failed         paper=Gloss Art Card 310gsm (2 sides coated) size=A1 (594mm x 840mm)
20:39:55 [warning  ] order.configure_failed         paper=Gloss Art Card 310gsm (2 sides coated) size=A1 (594mm x 840mm)
20:39:55 [info     ] order.recycle_browser          processed=744
20:40:43 [info     ] browser.launched               channel=msedge headless=True
20:41:02 [warning  ] order.configure_failed         paper=Gloss Art Card 310gsm (2 sides coated) size=A1 (594mm x 840mm)
20:41:06 [warning  ] order.configure_failed         paper=Gloss Art Card 310gsm (2 sides coated) size=A1 (594mm x 840mm)
20:41:08 [warning  ] order.configure_failed         paper=Gloss Art Card 360gsm (2 sides coated) size=A1 (594mm x 840mm)
20:41:11 [warning  ] order.configure_failed         paper=Gloss Art Card 360gsm (2 sides coated) size=A1 (594mm x 840mm)
20:41:11 [info     ] order.recycle_browser          processed=748
20:44:23 [info     ] browser.launched               channel=msedge headless=True
20:44:38 [warning  ] order.configure_failed         paper=Gloss Art Card 360gsm (2 sides coated) size=A1 (594mm x 840mm)
20:44:41 [warning  ] order.configure_failed         paper=Gloss Art Card 360gsm (2 sides coated) size=A1 (594mm x 840mm)
20:44:43 [warning  ] order.configure_failed         paper=Gloss Art Card 360gsm (2 sides coated) size=A1 (594mm x 840mm)
20:44:45 [warning  ] order.configure_failed         paper=Gloss Art Card 360gsm (2 sides coated) size=A1 (594mm x 840mm)
20:44:45 [info     ] order.recycle_browser          processed=752
20:47:52 [info     ] browser.launched               channel=msedge headless=True
20:48:11 [warning  ] order.configure_failed         paper=Gloss Art Card 360gsm (2 sides coated) size=A1 (594mm x 840mm)
20:48:13 [warning  ] order.configure_failed         paper=Gloss Art Card 360gsm (2 sides coated) size=A1 (594mm x 840mm)
20:48:16 [warning  ] order.configure_failed         paper=Gloss Art Card 360gsm (2 sides coated) size=A1 (594mm x 840mm)
20:48:18 [warning  ] order.configure_failed         paper=Gloss Art Card 360gsm (2 sides coated) size=A1 (594mm x 840mm)
20:48:18 [info     ] order.recycle_browser          processed=756
20:50:49 [info     ] browser.launched               channel=msedge headless=True
20:51:04 [warning  ] order.configure_failed         paper=Gloss Art Card 360gsm (2 sides coated) size=A1 (594mm x 840mm)
20:51:06 [warning  ] order.configure_failed         paper=Gloss Art Card 360gsm (2 sides coated) size=A1 (594mm x 840mm)
20:51:09 [warning  ] order.configure_failed         paper=Gloss Art Card 360gsm (2 sides coated) size=A1 (594mm x 840mm)
20:51:11 [warning  ] order.configure_failed         paper=Gloss Art Card 360gsm (2 sides coated) size=A1 (594mm x 840mm)
20:51:11 [info     ] order.recycle_browser          processed=760
20:52:36 [info     ] browser.launched               channel=msedge headless=True
20:52:52 [warning  ] order.configure_failed         paper=Gloss Art Card 360gsm (2 sides coated) size=A1 (594mm x 840mm)
20:52:54 [warning  ] order.configure_failed         paper=Gloss Art Card 360gsm (2 sides coated) size=A1 (594mm x 840mm)
20:52:56 [warning  ] order.configure_failed         paper=Gloss Art Card 360gsm (2 sides coated) size=A1 (594mm x 840mm)
20:52:58 [warning  ] order.configure_failed         paper=Gloss Art Card 360gsm (2 sides coated) size=A1 (594mm x 840mm)
20:52:58 [info     ] order.recycle_browser          processed=764
20:55:28 [info     ] browser.launched               channel=msedge headless=True
20:55:41 [warning  ] order.configure_failed         paper=Gloss Art Card 360gsm (2 sides coated) size=A1 (594mm x 840mm)
20:55:45 [warning  ] order.configure_failed         paper=Gloss Art Card 360gsm (2 sides coated) size=A1 (594mm x 840mm)
20:55:47 [warning  ] order.configure_failed         paper=Gloss Art Card 360gsm (2 sides coated) size=A1 (594mm x 840mm)
20:55:49 [warning  ] order.configure_failed         paper=Gloss Art Card 360gsm (2 sides coated) size=A1 (594mm x 840mm)
20:55:50 [info     ] order.recycle_browser          processed=768
20:58:49 [info     ] browser.launched               channel=msedge headless=True
20:59:04 [warning  ] order.configure_failed         paper=Gloss Art Card 360gsm (2 sides coated) size=A1 (594mm x 840mm)
20:59:07 [warning  ] order.configure_failed         paper=Gloss Art Card 360gsm (2 sides coated) size=A1 (594mm x 840mm)
20:59:10 [warning  ] order.configure_failed         paper=Gloss Art Card 360gsm (2 sides coated) size=A1 (594mm x 840mm)
20:59:12 [warning  ] order.configure_failed         paper=Gloss Art Card 360gsm (2 sides coated) size=A1 (594mm x 840mm)
20:59:12 [info     ] order.recycle_browser          processed=772
21:01:16 [info     ] browser.launched               channel=msedge headless=True
21:01:33 [warning  ] order.configure_failed         paper=Gloss Art Card 360gsm (2 sides coated) size=A1 (594mm x 840mm)
21:01:35 [warning  ] order.configure_failed         paper=Gloss Art Card 360gsm (2 sides coated) size=A1 (594mm x 840mm)
21:01:38 [warning  ] order.configure_failed         paper=Gloss Art Card 360gsm (2 sides coated) size=A1 (594mm x 840mm)
21:01:41 [warning  ] order.configure_failed         paper=Gloss Art Card 360gsm (2 sides coated) size=A1 (594mm x 840mm)
21:01:41 [info     ] order.recycle_browser          processed=776
21:05:42 [info     ] browser.launched               channel=msedge headless=True
21:05:59 [warning  ] order.configure_failed         paper=Gloss Art Card 360gsm (2 sides coated) size=A1 (594mm x 840mm)
21:06:02 [warning  ] order.configure_failed         paper=Gloss Art Card 360gsm (2 sides coated) size=A1 (594mm x 840mm)
21:06:04 [warning  ] order.configure_failed         paper=Gloss Art Card 360gsm (2 sides coated) size=A1 (594mm x 840mm)
21:06:07 [warning  ] order.configure_failed         paper=Gloss Art Card 360gsm (2 sides coated) size=A1 (594mm x 840mm)
21:06:07 [info     ] order.recycle_browser          processed=780
21:07:09 [info     ] browser.launched               channel=msedge headless=True
21:07:22 [warning  ] order.configure_failed         paper=Gloss Art Card 360gsm (2 sides coated) size=A1 (594mm x 840mm)
21:07:26 [warning  ] order.configure_failed         paper=Gloss Art Card 360gsm (2 sides coated) size=A1 (594mm x 840mm)
21:07:28 [warning  ] order.configure_failed         paper=Simili 80gsm - Best Seller size=A2 (420mm x 594mm)
21:07:31 [warning  ] order.configure_failed         paper=Simili 80gsm - Best Seller size=A2 (420mm x 594mm)
21:07:31 [info     ] order.recycle_browser          processed=784
21:09:52 [info     ] browser.launched               channel=msedge headless=True
21:10:06 [warning  ] order.configure_failed         paper=Simili 80gsm - Best Seller size=A2 (420mm x 594mm)
21:10:09 [warning  ] order.configure_failed         paper=Simili 80gsm - Best Seller size=A2 (420mm x 594mm)
21:10:11 [warning  ] order.configure_failed         paper=Simili 80gsm - Best Seller size=A2 (420mm x 594mm)
21:10:14 [warning  ] order.configure_failed         paper=Simili 80gsm - Best Seller size=A2 (420mm x 594mm)
21:10:14 [info     ] order.recycle_browser          processed=788
21:11:28 [info     ] browser.launched               channel=msedge headless=True
21:11:46 [warning  ] order.configure_failed         paper=Simili 80gsm - Best Seller size=A2 (420mm x 594mm)
21:11:50 [warning  ] order.configure_failed         paper=Simili 80gsm - Best Seller size=A2 (420mm x 594mm)
21:11:53 [warning  ] order.configure_failed         paper=Simili 80gsm - Best Seller size=A2 (420mm x 594mm)
21:11:56 [warning  ] order.configure_failed         paper=Simili 80gsm - Best Seller size=A2 (420mm x 594mm)
21:11:56 [info     ] order.recycle_browser          processed=792
21:14:08 [info     ] browser.launched               channel=msedge headless=True
21:14:26 [warning  ] order.configure_failed         paper=Simili 80gsm - Best Seller size=A2 (420mm x 594mm)
21:14:29 [warning  ] order.configure_failed         paper=Simili 80gsm - Best Seller size=A2 (420mm x 594mm)
21:14:31 [warning  ] order.configure_failed         paper=Simili 80gsm - Best Seller size=A2 (420mm x 594mm)
21:14:44 [warning  ] order.configure_failed         paper=Simili 80gsm - Best Seller size=A2 (420mm x 594mm)
21:14:44 [info     ] order.recycle_browser          processed=796
21:16:12 [info     ] browser.launched               channel=msedge headless=True
21:16:28 [warning  ] order.configure_failed         paper=Simili 80gsm - Best Seller size=A2 (420mm x 594mm)
21:16:32 [warning  ] order.configure_failed         paper=Simili 80gsm - Best Seller size=A2 (420mm x 594mm)
21:16:34 [warning  ] order.configure_failed         paper=Simili 80gsm - Best Seller size=A2 (420mm x 594mm)
21:16:36 [warning  ] order.configure_failed         paper=Simili 80gsm - Best Seller size=A2 (420mm x 594mm)
21:16:36 [info     ] order.recycle_browser          processed=800
21:17:33 [info     ] browser.launched               channel=msedge headless=True
21:17:52 [warning  ] order.configure_failed         paper=Simili 80gsm - Best Seller size=A2 (420mm x 594mm)
21:17:56 [warning  ] order.configure_failed         paper=Simili 80gsm - Best Seller size=A2 (420mm x 594mm)
21:17:59 [warning  ] order.configure_failed         paper=Simili 80gsm - Best Seller size=A2 (420mm x 594mm)
21:18:01 [warning  ] order.configure_failed         paper=Simili 80gsm - Best Seller size=A2 (420mm x 594mm)
21:18:01 [info     ] order.recycle_browser          processed=804
21:20:35 [info     ] browser.launched               channel=msedge headless=True
21:20:51 [warning  ] order.configure_failed         paper=Simili 80gsm - Best Seller size=A2 (420mm x 594mm)
21:20:54 [warning  ] order.configure_failed         paper=Simili 80gsm - Best Seller size=A2 (420mm x 594mm)
21:20:56 [warning  ] order.configure_failed         paper=Simili 80gsm - Best Seller size=A2 (420mm x 594mm)
21:20:58 [warning  ] order.configure_failed         paper=Simili 80gsm - Best Seller size=A2 (420mm x 594mm)
21:20:58 [info     ] order.recycle_browser          processed=808
21:21:49 [info     ] browser.launched               channel=msedge headless=True
21:22:05 [warning  ] order.configure_failed         paper=Simili 80gsm - Best Seller size=A2 (420mm x 594mm)
21:22:08 [warning  ] order.configure_failed         paper=Simili 80gsm - Best Seller size=A2 (420mm x 594mm)
21:22:11 [warning  ] order.configure_failed         paper=Simili 80gsm - Best Seller size=A2 (420mm x 594mm)
21:22:14 [warning  ] order.configure_failed         paper=Simili 80gsm - Best Seller size=A2 (420mm x 594mm)
21:22:14 [info     ] order.recycle_browser          processed=812
21:23:28 [info     ] browser.launched               channel=msedge headless=True
21:23:43 [warning  ] order.configure_failed         paper=Simili 80gsm - Best Seller size=A2 (420mm x 594mm)
21:23:45 [warning  ] order.configure_failed         paper=Simili 80gsm - Best Seller size=A2 (420mm x 594mm)
21:23:48 [warning  ] order.configure_failed         paper=Simili 80gsm - Best Seller size=A2 (420mm x 594mm)
21:23:51 [warning  ] order.configure_failed         paper=Simili 80gsm - Best Seller size=A2 (420mm x 594mm)
21:23:51 [info     ] order.recycle_browser          processed=816
21:27:45 [info     ] browser.launched               channel=msedge headless=True
21:28:00 [warning  ] order.configure_failed         paper=Simili 80gsm - Best Seller size=A2 (420mm x 594mm)
21:28:02 [warning  ] order.configure_failed         paper=Simili 80gsm - Best Seller size=A2 (420mm x 594mm)
21:28:05 [warning  ] order.configure_failed         paper=Simili 100gsm - Best Seller size=A2 (420mm x 594mm)
21:28:07 [warning  ] order.configure_failed         paper=Simili 100gsm - Best Seller size=A2 (420mm x 594mm)
21:28:07 [info     ] order.recycle_browser          processed=820
21:28:59 [info     ] browser.launched               channel=msedge headless=True
21:29:15 [warning  ] order.configure_failed         paper=Simili 100gsm - Best Seller size=A2 (420mm x 594mm)
21:29:17 [warning  ] order.configure_failed         paper=Simili 100gsm - Best Seller size=A2 (420mm x 594mm)
21:29:19 [warning  ] order.configure_failed         paper=Simili 100gsm - Best Seller size=A2 (420mm x 594mm)
21:29:21 [warning  ] order.configure_failed         paper=Simili 100gsm - Best Seller size=A2 (420mm x 594mm)
21:29:21 [info     ] order.recycle_browser          processed=824
21:31:57 [info     ] browser.launched               channel=msedge headless=True
21:32:13 [warning  ] order.configure_failed         paper=Simili 100gsm - Best Seller size=A2 (420mm x 594mm)
21:32:15 [warning  ] order.configure_failed         paper=Simili 100gsm - Best Seller size=A2 (420mm x 594mm)
21:32:17 [warning  ] order.configure_failed         paper=Simili 100gsm - Best Seller size=A2 (420mm x 594mm)
21:32:19 [warning  ] order.configure_failed         paper=Simili 100gsm - Best Seller size=A2 (420mm x 594mm)
21:32:19 [info     ] order.recycle_browser          processed=828
21:36:03 [info     ] browser.launched               channel=msedge headless=True
21:36:22 [warning  ] order.configure_failed         paper=Simili 100gsm - Best Seller size=A2 (420mm x 594mm)
21:36:25 [warning  ] order.configure_failed         paper=Simili 100gsm - Best Seller size=A2 (420mm x 594mm)
21:36:27 [warning  ] order.configure_failed         paper=Simili 100gsm - Best Seller size=A2 (420mm x 594mm)
21:36:29 [warning  ] order.configure_failed         paper=Simili 100gsm - Best Seller size=A2 (420mm x 594mm)
21:36:29 [info     ] order.recycle_browser          processed=832
21:39:32 [info     ] browser.launched               channel=msedge headless=True
21:39:46 [warning  ] order.configure_failed         paper=Simili 100gsm - Best Seller size=A2 (420mm x 594mm)
21:39:48 [warning  ] order.configure_failed         paper=Simili 100gsm - Best Seller size=A2 (420mm x 594mm)
21:39:51 [warning  ] order.configure_failed         paper=Simili 100gsm - Best Seller size=A2 (420mm x 594mm)
21:39:53 [warning  ] order.configure_failed         paper=Simili 100gsm - Best Seller size=A2 (420mm x 594mm)
21:39:53 [info     ] order.recycle_browser          processed=836
21:43:27 [info     ] browser.launched               channel=msedge headless=True
21:43:44 [warning  ] order.configure_failed         paper=Simili 100gsm - Best Seller size=A2 (420mm x 594mm)
21:43:46 [warning  ] order.configure_failed         paper=Simili 100gsm - Best Seller size=A2 (420mm x 594mm)
21:43:48 [warning  ] order.configure_failed         paper=Simili 100gsm - Best Seller size=A2 (420mm x 594mm)
21:43:50 [warning  ] order.configure_failed         paper=Simili 100gsm - Best Seller size=A2 (420mm x 594mm)
21:43:50 [info     ] order.recycle_browser          processed=840
21:45:12 [info     ] browser.launched               channel=msedge headless=True
21:45:31 [warning  ] order.configure_failed         paper=Simili 100gsm - Best Seller size=A2 (420mm x 594mm)
21:45:34 [warning  ] order.configure_failed         paper=Simili 100gsm - Best Seller size=A2 (420mm x 594mm)
21:45:37 [warning  ] order.configure_failed         paper=Simili 100gsm - Best Seller size=A2 (420mm x 594mm)
21:45:39 [warning  ] order.configure_failed         paper=Simili 100gsm - Best Seller size=A2 (420mm x 594mm)
21:45:39 [info     ] order.recycle_browser          processed=844
21:46:49 [info     ] browser.launched               channel=msedge headless=True
21:47:05 [warning  ] order.configure_failed         paper=Simili 100gsm - Best Seller size=A2 (420mm x 594mm)
21:47:07 [warning  ] order.configure_failed         paper=Simili 100gsm - Best Seller size=A2 (420mm x 594mm)
21:47:10 [warning  ] order.configure_failed         paper=Simili 100gsm - Best Seller size=A2 (420mm x 594mm)
21:47:12 [warning  ] order.configure_failed         paper=Simili 100gsm - Best Seller size=A2 (420mm x 594mm)
21:47:12 [info     ] order.recycle_browser          processed=848
21:48:01 [info     ] browser.launched               channel=msedge headless=True
21:48:18 [warning  ] order.configure_failed         paper=Simili 100gsm - Best Seller size=A2 (420mm x 594mm)
21:48:21 [warning  ] order.configure_failed         paper=Simili 100gsm - Best Seller size=A2 (420mm x 594mm)
21:48:23 [warning  ] order.configure_failed         paper=Simili 100gsm - Best Seller size=A2 (420mm x 594mm)
21:48:25 [warning  ] order.configure_failed         paper=Simili 100gsm - Best Seller size=A2 (420mm x 594mm)
21:48:25 [info     ] order.recycle_browser          processed=852
21:51:30 [info     ] browser.launched               channel=msedge headless=True
21:51:48 [warning  ] order.configure_failed         paper=Simili 100gsm - Best Seller size=A2 (420mm x 594mm)
21:51:50 [warning  ] order.configure_failed         paper=Simili 100gsm - Best Seller size=A2 (420mm x 594mm)
21:51:54 [warning  ] order.configure_failed         paper=Simili 140gsm - Best Seller size=A2 (420mm x 594mm)
21:51:56 [warning  ] order.configure_failed         paper=Simili 140gsm - Best Seller size=A2 (420mm x 594mm)
21:51:56 [info     ] order.recycle_browser          processed=856
21:53:19 [info     ] browser.launched               channel=msedge headless=True
21:53:34 [warning  ] order.configure_failed         paper=Simili 140gsm - Best Seller size=A2 (420mm x 594mm)
21:53:37 [warning  ] order.configure_failed         paper=Simili 140gsm - Best Seller size=A2 (420mm x 594mm)
21:53:39 [warning  ] order.configure_failed         paper=Simili 140gsm - Best Seller size=A2 (420mm x 594mm)
21:53:41 [warning  ] order.configure_failed         paper=Simili 140gsm - Best Seller size=A2 (420mm x 594mm)
21:53:41 [info     ] order.recycle_browser          processed=860
21:54:33 [info     ] browser.launched               channel=msedge headless=True
21:54:48 [warning  ] order.configure_failed         paper=Simili 140gsm - Best Seller size=A2 (420mm x 594mm)
21:54:50 [warning  ] order.configure_failed         paper=Simili 140gsm - Best Seller size=A2 (420mm x 594mm)
21:54:53 [warning  ] order.configure_failed         paper=Simili 140gsm - Best Seller size=A2 (420mm x 594mm)
21:54:56 [warning  ] order.configure_failed         paper=Simili 140gsm - Best Seller size=A2 (420mm x 594mm)
21:54:57 [info     ] order.recycle_browser          processed=864
21:57:40 [info     ] browser.launched               channel=msedge headless=True
21:57:57 [warning  ] order.configure_failed         paper=Simili 140gsm - Best Seller size=A2 (420mm x 594mm)
21:58:01 [warning  ] order.configure_failed         paper=Simili 140gsm - Best Seller size=A2 (420mm x 594mm)
21:58:03 [warning  ] order.configure_failed         paper=Simili 140gsm - Best Seller size=A2 (420mm x 594mm)
21:58:07 [warning  ] order.configure_failed         paper=Simili 140gsm - Best Seller size=A2 (420mm x 594mm)
21:58:07 [info     ] order.recycle_browser          processed=868
21:59:48 [info     ] browser.launched               channel=msedge headless=True
22:00:04 [warning  ] order.configure_failed         paper=Simili 140gsm - Best Seller size=A2 (420mm x 594mm)
22:00:06 [warning  ] order.configure_failed         paper=Simili 140gsm - Best Seller size=A2 (420mm x 594mm)
22:00:08 [warning  ] order.configure_failed         paper=Simili 140gsm - Best Seller size=A2 (420mm x 594mm)
22:00:10 [warning  ] order.configure_failed         paper=Simili 140gsm - Best Seller size=A2 (420mm x 594mm)
22:00:10 [info     ] order.recycle_browser          processed=872
22:01:32 [info     ] browser.launched               channel=msedge headless=True
22:01:47 [warning  ] order.configure_failed         paper=Simili 140gsm - Best Seller size=A2 (420mm x 594mm)
22:01:49 [warning  ] order.configure_failed         paper=Simili 140gsm - Best Seller size=A2 (420mm x 594mm)
22:01:51 [warning  ] order.configure_failed         paper=Simili 140gsm - Best Seller size=A2 (420mm x 594mm)
22:01:54 [warning  ] order.configure_failed         paper=Simili 140gsm - Best Seller size=A2 (420mm x 594mm)
22:01:54 [info     ] order.recycle_browser          processed=876
22:03:22 [info     ] browser.launched               channel=msedge headless=True
22:03:41 [warning  ] order.configure_failed         paper=Simili 140gsm - Best Seller size=A2 (420mm x 594mm)
22:03:44 [warning  ] order.configure_failed         paper=Simili 140gsm - Best Seller size=A2 (420mm x 594mm)
22:03:46 [warning  ] order.configure_failed         paper=Simili 140gsm - Best Seller size=A2 (420mm x 594mm)
22:03:48 [warning  ] order.configure_failed         paper=Simili 140gsm - Best Seller size=A2 (420mm x 594mm)
22:03:48 [info     ] order.recycle_browser          processed=880
22:06:37 [info     ] browser.launched               channel=msedge headless=True
22:06:53 [warning  ] order.configure_failed         paper=Simili 140gsm - Best Seller size=A2 (420mm x 594mm)
22:06:55 [warning  ] order.configure_failed         paper=Simili 140gsm - Best Seller size=A2 (420mm x 594mm)
22:06:57 [warning  ] order.configure_failed         paper=Simili 140gsm - Best Seller size=A2 (420mm x 594mm)
22:06:59 [warning  ] order.configure_failed         paper=Simili 140gsm - Best Seller size=A2 (420mm x 594mm)
22:06:59 [info     ] order.recycle_browser          processed=884
22:09:13 [info     ] browser.launched               channel=msedge headless=True
22:09:30 [warning  ] order.configure_failed         paper=Simili 140gsm - Best Seller size=A2 (420mm x 594mm)
22:09:33 [warning  ] order.configure_failed         paper=Simili 140gsm - Best Seller size=A2 (420mm x 594mm)
22:09:35 [warning  ] order.configure_failed         paper=Simili 140gsm - Best Seller size=A2 (420mm x 594mm)
22:09:38 [warning  ] order.configure_failed         paper=Simili 140gsm - Best Seller size=A2 (420mm x 594mm)
22:09:38 [info     ] order.recycle_browser          processed=888
22:10:34 [info     ] browser.launched               channel=msedge headless=True
22:10:49 [warning  ] order.configure_failed         paper=Simili 140gsm - Best Seller size=A2 (420mm x 594mm)
22:10:53 [warning  ] order.configure_failed         paper=Simili 140gsm - Best Seller size=A2 (420mm x 594mm)
22:10:55 [warning  ] order.configure_failed         paper=Gloss Art Paper 100gsm - Best Seller size=A2 (420mm x 594mm)
22:10:57 [warning  ] order.configure_failed         paper=Gloss Art Paper 100gsm - Best Seller size=A2 (420mm x 594mm)
22:10:57 [info     ] order.recycle_browser          processed=892
22:13:13 [info     ] browser.launched               channel=msedge headless=True
22:13:31 [warning  ] order.configure_failed         paper=Gloss Art Paper 100gsm - Best Seller size=A2 (420mm x 594mm)
22:13:33 [warning  ] order.configure_failed         paper=Gloss Art Paper 100gsm - Best Seller size=A2 (420mm x 594mm)
22:13:35 [warning  ] order.configure_failed         paper=Gloss Art Paper 100gsm - Best Seller size=A2 (420mm x 594mm)
22:13:37 [warning  ] order.configure_failed         paper=Gloss Art Paper 100gsm - Best Seller size=A2 (420mm x 594mm)
22:13:37 [info     ] order.recycle_browser          processed=896
22:14:33 [info     ] browser.launched               channel=msedge headless=True
22:14:51 [warning  ] order.configure_failed         paper=Gloss Art Paper 100gsm - Best Seller size=A2 (420mm x 594mm)
22:14:53 [warning  ] order.configure_failed         paper=Gloss Art Paper 100gsm - Best Seller size=A2 (420mm x 594mm)
22:14:56 [warning  ] order.configure_failed         paper=Gloss Art Paper 100gsm - Best Seller size=A2 (420mm x 594mm)
22:14:58 [warning  ] order.configure_failed         paper=Gloss Art Paper 100gsm - Best Seller size=A2 (420mm x 594mm)
22:14:58 [info     ] order.recycle_browser          processed=900
22:17:23 [info     ] browser.launched               channel=msedge headless=True
22:17:40 [warning  ] order.configure_failed         paper=Gloss Art Paper 100gsm - Best Seller size=A2 (420mm x 594mm)
22:17:43 [warning  ] order.configure_failed         paper=Gloss Art Paper 100gsm - Best Seller size=A2 (420mm x 594mm)
22:17:45 [warning  ] order.configure_failed         paper=Gloss Art Paper 100gsm - Best Seller size=A2 (420mm x 594mm)
22:17:47 [warning  ] order.configure_failed         paper=Gloss Art Paper 100gsm - Best Seller size=A2 (420mm x 594mm)
22:17:47 [info     ] order.recycle_browser          processed=904
22:20:40 [info     ] browser.launched               channel=msedge headless=True
22:20:56 [warning  ] order.configure_failed         paper=Gloss Art Paper 100gsm - Best Seller size=A2 (420mm x 594mm)
22:20:58 [warning  ] order.configure_failed         paper=Gloss Art Paper 100gsm - Best Seller size=A2 (420mm x 594mm)
22:21:01 [warning  ] order.configure_failed         paper=Gloss Art Paper 100gsm - Best Seller size=A2 (420mm x 594mm)
22:21:03 [warning  ] order.configure_failed         paper=Gloss Art Paper 100gsm - Best Seller size=A2 (420mm x 594mm)
22:21:03 [info     ] order.recycle_browser          processed=908
22:23:12 [info     ] browser.launched               channel=msedge headless=True
22:23:29 [warning  ] order.configure_failed         paper=Gloss Art Paper 100gsm - Best Seller size=A2 (420mm x 594mm)
22:23:32 [warning  ] order.configure_failed         paper=Gloss Art Paper 100gsm - Best Seller size=A2 (420mm x 594mm)
22:23:36 [warning  ] order.configure_failed         paper=Gloss Art Paper 100gsm - Best Seller size=A2 (420mm x 594mm)
22:23:38 [warning  ] order.configure_failed         paper=Gloss Art Paper 100gsm - Best Seller size=A2 (420mm x 594mm)
22:23:38 [info     ] order.recycle_browser          processed=912
22:27:02 [info     ] browser.launched               channel=msedge headless=True
22:27:22 [warning  ] order.configure_failed         paper=Gloss Art Paper 100gsm - Best Seller size=A2 (420mm x 594mm)
22:27:24 [warning  ] order.configure_failed         paper=Gloss Art Paper 100gsm - Best Seller size=A2 (420mm x 594mm)
22:27:26 [warning  ] order.configure_failed         paper=Gloss Art Paper 100gsm - Best Seller size=A2 (420mm x 594mm)
22:27:29 [warning  ] order.configure_failed         paper=Gloss Art Paper 100gsm - Best Seller size=A2 (420mm x 594mm)
22:27:29 [info     ] order.recycle_browser          processed=916
22:30:14 [info     ] browser.launched               channel=msedge headless=True
22:30:34 [warning  ] order.configure_failed         paper=Gloss Art Paper 100gsm - Best Seller size=A2 (420mm x 594mm)
22:30:36 [warning  ] order.configure_failed         paper=Gloss Art Paper 100gsm - Best Seller size=A2 (420mm x 594mm)
22:30:39 [warning  ] order.configure_failed         paper=Gloss Art Paper 100gsm - Best Seller size=A2 (420mm x 594mm)
22:30:41 [warning  ] order.configure_failed         paper=Gloss Art Paper 100gsm - Best Seller size=A2 (420mm x 594mm)
22:30:41 [info     ] order.recycle_browser          processed=920
22:34:45 [info     ] browser.launched               channel=msedge headless=True
22:35:05 [warning  ] order.configure_failed         paper=Gloss Art Paper 100gsm - Best Seller size=A2 (420mm x 594mm)
22:35:08 [warning  ] order.configure_failed         paper=Gloss Art Paper 100gsm - Best Seller size=A2 (420mm x 594mm)
22:35:10 [warning  ] order.configure_failed         paper=Gloss Art Paper 100gsm - Best Seller size=A2 (420mm x 594mm)
22:35:13 [warning  ] order.configure_failed         paper=Gloss Art Paper 100gsm - Best Seller size=A2 (420mm x 594mm)
22:35:13 [info     ] order.recycle_browser          processed=924
22:36:31 [info     ] browser.launched               channel=msedge headless=True
22:36:47 [warning  ] order.configure_failed         paper=Gloss Art Paper 100gsm - Best Seller size=A2 (420mm x 594mm)
22:36:50 [warning  ] order.configure_failed         paper=Gloss Art Paper 100gsm - Best Seller size=A2 (420mm x 594mm)
22:36:53 [warning  ] order.configure_failed         paper=Gloss Art Paper 128gsm - Best Seller size=A2 (420mm x 594mm)
22:36:55 [warning  ] order.configure_failed         paper=Gloss Art Paper 128gsm - Best Seller size=A2 (420mm x 594mm)
22:36:55 [info     ] order.recycle_browser          processed=928
22:39:52 [info     ] browser.launched               channel=msedge headless=True
22:40:11 [warning  ] order.configure_failed         paper=Gloss Art Paper 128gsm - Best Seller size=A2 (420mm x 594mm)
22:40:14 [warning  ] order.configure_failed         paper=Gloss Art Paper 128gsm - Best Seller size=A2 (420mm x 594mm)
22:40:16 [warning  ] order.configure_failed         paper=Gloss Art Paper 128gsm - Best Seller size=A2 (420mm x 594mm)
22:40:18 [warning  ] order.configure_failed         paper=Gloss Art Paper 128gsm - Best Seller size=A2 (420mm x 594mm)
22:40:18 [info     ] order.recycle_browser          processed=932
22:41:50 [info     ] browser.launched               channel=msedge headless=True
22:42:10 [warning  ] order.configure_failed         paper=Gloss Art Paper 128gsm - Best Seller size=A2 (420mm x 594mm)
22:42:12 [warning  ] order.configure_failed         paper=Gloss Art Paper 128gsm - Best Seller size=A2 (420mm x 594mm)
22:42:14 [warning  ] order.configure_failed         paper=Gloss Art Paper 128gsm - Best Seller size=A2 (420mm x 594mm)
22:42:18 [warning  ] order.configure_failed         paper=Gloss Art Paper 128gsm - Best Seller size=A2 (420mm x 594mm)
22:42:18 [info     ] order.recycle_browser          processed=936
22:46:00 [info     ] browser.launched               channel=msedge headless=True
22:46:16 [warning  ] order.configure_failed         paper=Gloss Art Paper 128gsm - Best Seller size=A2 (420mm x 594mm)
22:46:20 [warning  ] order.configure_failed         paper=Gloss Art Paper 128gsm - Best Seller size=A2 (420mm x 594mm)
22:46:24 [warning  ] order.configure_failed         paper=Gloss Art Paper 128gsm - Best Seller size=A2 (420mm x 594mm)
22:46:26 [warning  ] order.configure_failed         paper=Gloss Art Paper 128gsm - Best Seller size=A2 (420mm x 594mm)
22:46:26 [info     ] order.recycle_browser          processed=940
22:47:31 [info     ] browser.launched               channel=msedge headless=True
22:47:50 [warning  ] order.configure_failed         paper=Gloss Art Paper 128gsm - Best Seller size=A2 (420mm x 594mm)
22:47:52 [warning  ] order.configure_failed         paper=Gloss Art Paper 128gsm - Best Seller size=A2 (420mm x 594mm)
22:47:54 [warning  ] order.configure_failed         paper=Gloss Art Paper 128gsm - Best Seller size=A2 (420mm x 594mm)
22:47:57 [warning  ] order.configure_failed         paper=Gloss Art Paper 128gsm - Best Seller size=A2 (420mm x 594mm)
22:47:57 [info     ] order.recycle_browser          processed=944
22:48:57 [info     ] browser.launched               channel=msedge headless=True
22:49:14 [warning  ] order.configure_failed         paper=Gloss Art Paper 128gsm - Best Seller size=A2 (420mm x 594mm)
22:49:17 [warning  ] order.configure_failed         paper=Gloss Art Paper 128gsm - Best Seller size=A2 (420mm x 594mm)
22:49:19 [warning  ] order.configure_failed         paper=Gloss Art Paper 128gsm - Best Seller size=A2 (420mm x 594mm)
22:49:22 [warning  ] order.configure_failed         paper=Gloss Art Paper 128gsm - Best Seller size=A2 (420mm x 594mm)
22:49:22 [info     ] order.recycle_browser          processed=948
22:50:10 [info     ] browser.launched               channel=msedge headless=True
22:50:25 [warning  ] order.configure_failed         paper=Gloss Art Paper 128gsm - Best Seller size=A2 (420mm x 594mm)
22:50:29 [warning  ] order.configure_failed         paper=Gloss Art Paper 128gsm - Best Seller size=A2 (420mm x 594mm)
22:50:31 [warning  ] order.configure_failed         paper=Gloss Art Paper 128gsm - Best Seller size=A2 (420mm x 594mm)
22:50:33 [warning  ] order.configure_failed         paper=Gloss Art Paper 128gsm - Best Seller size=A2 (420mm x 594mm)
22:50:33 [info     ] order.recycle_browser          processed=952
22:53:28 [info     ] browser.launched               channel=msedge headless=True
22:53:48 [warning  ] order.configure_failed         paper=Gloss Art Paper 128gsm - Best Seller size=A2 (420mm x 594mm)
22:53:50 [warning  ] order.configure_failed         paper=Gloss Art Paper 128gsm - Best Seller size=A2 (420mm x 594mm)
22:53:52 [warning  ] order.configure_failed         paper=Gloss Art Paper 128gsm - Best Seller size=A2 (420mm x 594mm)
22:53:54 [warning  ] order.configure_failed         paper=Gloss Art Paper 128gsm - Best Seller size=A2 (420mm x 594mm)
22:53:55 [info     ] order.recycle_browser          processed=956
22:56:44 [info     ] browser.launched               channel=msedge headless=True
22:56:59 [warning  ] order.configure_failed         paper=Gloss Art Paper 128gsm - Best Seller size=A2 (420mm x 594mm)
22:57:01 [warning  ] order.configure_failed         paper=Gloss Art Paper 128gsm - Best Seller size=A2 (420mm x 594mm)
22:57:03 [warning  ] order.configure_failed         paper=Gloss Art Paper 128gsm - Best Seller size=A2 (420mm x 594mm)
22:57:06 [warning  ] order.configure_failed         paper=Gloss Art Paper 128gsm - Best Seller size=A2 (420mm x 594mm)
22:57:06 [info     ] order.recycle_browser          processed=960
22:58:09 [info     ] browser.launched               channel=msedge headless=True
22:58:26 [warning  ] order.configure_failed         paper=Gloss Art Paper 128gsm - Best Seller size=A2 (420mm x 594mm)
22:58:28 [warning  ] order.configure_failed         paper=Gloss Art Paper 128gsm - Best Seller size=A2 (420mm x 594mm)
22:58:31 [warning  ] order.configure_failed         paper=Gloss Art Paper 150gsm - Best Seller size=A2 (420mm x 594mm)
22:58:34 [warning  ] order.configure_failed         paper=Gloss Art Paper 150gsm - Best Seller size=A2 (420mm x 594mm)
22:58:34 [info     ] order.recycle_browser          processed=964
23:01:35 [info     ] browser.launched               channel=msedge headless=True
23:01:51 [warning  ] order.configure_failed         paper=Gloss Art Paper 150gsm - Best Seller size=A2 (420mm x 594mm)
23:01:53 [warning  ] order.configure_failed         paper=Gloss Art Paper 150gsm - Best Seller size=A2 (420mm x 594mm)
23:01:56 [warning  ] order.configure_failed         paper=Gloss Art Paper 150gsm - Best Seller size=A2 (420mm x 594mm)
23:01:59 [warning  ] order.configure_failed         paper=Gloss Art Paper 150gsm - Best Seller size=A2 (420mm x 594mm)
23:01:59 [info     ] order.recycle_browser          processed=968
23:03:30 [info     ] browser.launched               channel=msedge headless=True
23:03:45 [warning  ] order.configure_failed         paper=Gloss Art Paper 150gsm - Best Seller size=A2 (420mm x 594mm)
23:03:47 [warning  ] order.configure_failed         paper=Gloss Art Paper 150gsm - Best Seller size=A2 (420mm x 594mm)
23:03:50 [warning  ] order.configure_failed         paper=Gloss Art Paper 150gsm - Best Seller size=A2 (420mm x 594mm)
23:03:53 [warning  ] order.configure_failed         paper=Gloss Art Paper 150gsm - Best Seller size=A2 (420mm x 594mm)
23:03:53 [info     ] order.recycle_browser          processed=972
23:06:48 [info     ] browser.launched               channel=msedge headless=True
23:06:50 [info     ] login.start                    url=https://www.excard.com.my/login
23:07:21 [info     ] login.result                   ok=True url=https://www.excard.com.my/home-member
23:08:57 [info     ] browser.launched               channel=msedge headless=True
23:09:45 [warning  ] order.configure_failed         paper=Gloss Art Paper 150gsm - Best Seller size=A2 (420mm x 594mm)
23:09:49 [warning  ] order.configure_failed         paper=Gloss Art Paper 150gsm - Best Seller size=A2 (420mm x 594mm)
23:09:54 [warning  ] order.configure_failed         paper=Gloss Art Paper 150gsm - Best Seller size=A2 (420mm x 594mm)
23:09:56 [warning  ] order.configure_failed         paper=Gloss Art Paper 150gsm - Best Seller size=A2 (420mm x 594mm)
23:09:56 [info     ] order.recycle_browser          processed=976
23:13:17 [info     ] browser.launched               channel=msedge headless=True
23:13:29 [warning  ] order.configure_failed         paper=Gloss Art Paper 150gsm - Best Seller size=A2 (420mm x 594mm)
23:13:39 [warning  ] order.configure_failed         paper=Gloss Art Paper 150gsm - Best Seller size=A2 (420mm x 594mm)
23:13:42 [warning  ] order.configure_failed         paper=Gloss Art Paper 150gsm - Best Seller size=A2 (420mm x 594mm)
23:13:46 [warning  ] order.configure_failed         paper=Gloss Art Paper 150gsm - Best Seller size=A2 (420mm x 594mm)
23:13:46 [info     ] order.recycle_browser          processed=980
23:17:42 [info     ] browser.launched               channel=msedge headless=True
23:17:54 [warning  ] order.configure_failed         paper=Gloss Art Paper 150gsm - Best Seller size=A2 (420mm x 594mm)
23:17:57 [warning  ] order.configure_failed         paper=Gloss Art Paper 150gsm - Best Seller size=A2 (420mm x 594mm)
23:18:01 [warning  ] order.configure_failed         paper=Gloss Art Paper 150gsm - Best Seller size=A2 (420mm x 594mm)
23:18:04 [warning  ] order.configure_failed         paper=Gloss Art Paper 150gsm - Best Seller size=A2 (420mm x 594mm)
23:18:04 [info     ] order.recycle_browser          processed=984
23:21:53 [info     ] browser.launched               channel=msedge headless=True
23:22:07 [warning  ] order.configure_failed         paper=Gloss Art Paper 150gsm - Best Seller size=A2 (420mm x 594mm)
23:22:12 [warning  ] order.configure_failed         paper=Gloss Art Paper 150gsm - Best Seller size=A2 (420mm x 594mm)
23:22:15 [warning  ] order.configure_failed         paper=Gloss Art Paper 150gsm - Best Seller size=A2 (420mm x 594mm)
23:22:18 [warning  ] order.configure_failed         paper=Gloss Art Paper 150gsm - Best Seller size=A2 (420mm x 594mm)
23:22:18 [info     ] order.recycle_browser          processed=988
23:25:26 [info     ] browser.launched               channel=msedge headless=True
23:25:27 [info     ] login.start                    url=https://www.excard.com.my/login
23:25:57 [info     ] login.result                   ok=True url=https://www.excard.com.my/home-member
23:26:46 [info     ] browser.launched               channel=msedge headless=True
23:27:00 [warning  ] order.configure_failed         paper=Gloss Art Paper 150gsm - Best Seller size=A2 (420mm x 594mm)
23:27:03 [warning  ] order.configure_failed         paper=Gloss Art Paper 150gsm - Best Seller size=A2 (420mm x 594mm)
23:27:07 [warning  ] order.configure_failed         paper=Gloss Art Paper 150gsm - Best Seller size=A2 (420mm x 594mm)
23:27:10 [warning  ] order.configure_failed         paper=Gloss Art Paper 150gsm - Best Seller size=A2 (420mm x 594mm)
23:27:11 [info     ] order.recycle_browser          processed=992
23:31:34 [info     ] browser.launched               channel=msedge headless=True
23:31:48 [warning  ] order.configure_failed         paper=Gloss Art Paper 150gsm - Best Seller size=A2 (420mm x 594mm)
23:31:52 [warning  ] order.configure_failed         paper=Gloss Art Paper 150gsm - Best Seller size=A2 (420mm x 594mm)
23:31:55 [warning  ] order.configure_failed         paper=Gloss Art Paper 150gsm - Best Seller size=A2 (420mm x 594mm)
23:31:58 [warning  ] order.configure_failed         paper=Gloss Art Paper 150gsm - Best Seller size=A2 (420mm x 594mm)
23:31:58 [info     ] order.recycle_browser          processed=996
23:35:23 [info     ] browser.launched               channel=msedge headless=True
23:35:33 [warning  ] order.configure_failed         paper=Gloss Art Paper 150gsm - Best Seller size=A2 (420mm x 594mm)
23:35:36 [warning  ] order.configure_failed         paper=Gloss Art Paper 150gsm - Best Seller size=A2 (420mm x 594mm)
23:35:39 [warning  ] order.configure_failed         paper=Matte Art Paper 130gsm - Best Seller size=A2 (420mm x 594mm)
23:35:42 [warning  ] order.configure_failed         paper=Matte Art Paper 130gsm - Best Seller size=A2 (420mm x 594mm)
23:35:42 [info     ] order.recycle_browser          processed=1000
23:39:00 [info     ] browser.launched               channel=msedge headless=True
23:39:12 [warning  ] order.configure_failed         paper=Matte Art Paper 130gsm - Best Seller size=A2 (420mm x 594mm)
23:39:15 [warning  ] order.configure_failed         paper=Matte Art Paper 130gsm - Best Seller size=A2 (420mm x 594mm)
23:39:18 [warning  ] order.configure_failed         paper=Matte Art Paper 130gsm - Best Seller size=A2 (420mm x 594mm)
23:39:21 [warning  ] order.configure_failed         paper=Matte Art Paper 130gsm - Best Seller size=A2 (420mm x 594mm)
23:39:22 [info     ] order.recycle_browser          processed=1004
23:41:44 [info     ] browser.launched               channel=msedge headless=True
23:41:57 [warning  ] order.configure_failed         paper=Matte Art Paper 130gsm - Best Seller size=A2 (420mm x 594mm)
23:42:00 [warning  ] order.configure_failed         paper=Matte Art Paper 130gsm - Best Seller size=A2 (420mm x 594mm)
23:42:04 [warning  ] order.configure_failed         paper=Matte Art Paper 130gsm - Best Seller size=A2 (420mm x 594mm)
23:42:14 [warning  ] order.configure_failed         paper=Matte Art Paper 130gsm - Best Seller size=A2 (420mm x 594mm)
23:42:14 [info     ] order.recycle_browser          processed=1008
23:46:48 [info     ] browser.launched               channel=msedge headless=True
23:47:03 [warning  ] order.configure_failed         paper=Matte Art Paper 130gsm - Best Seller size=A2 (420mm x 594mm)
23:47:06 [warning  ] order.configure_failed         paper=Matte Art Paper 130gsm - Best Seller size=A2 (420mm x 594mm)
23:47:08 [warning  ] order.configure_failed         paper=Matte Art Paper 130gsm - Best Seller size=A2 (420mm x 594mm)
23:47:11 [warning  ] order.configure_failed         paper=Matte Art Paper 130gsm - Best Seller size=A2 (420mm x 594mm)
23:47:11 [info     ] order.recycle_browser          processed=1012
23:49:56 [info     ] browser.launched               channel=msedge headless=True
23:50:07 [warning  ] order.configure_failed         paper=Matte Art Paper 130gsm - Best Seller size=A2 (420mm x 594mm)
23:50:10 [warning  ] order.configure_failed         paper=Matte Art Paper 130gsm - Best Seller size=A2 (420mm x 594mm)
23:50:13 [warning  ] order.configure_failed         paper=Matte Art Paper 130gsm - Best Seller size=A2 (420mm x 594mm)
23:50:16 [warning  ] order.configure_failed         paper=Matte Art Paper 130gsm - Best Seller size=A2 (420mm x 594mm)
23:50:16 [info     ] order.recycle_browser          processed=1016
23:51:52 [info     ] browser.launched               channel=msedge headless=True
23:52:05 [warning  ] order.configure_failed         paper=Matte Art Paper 130gsm - Best Seller size=A2 (420mm x 594mm)
23:52:09 [warning  ] order.configure_failed         paper=Matte Art Paper 130gsm - Best Seller size=A2 (420mm x 594mm)
23:52:12 [warning  ] order.configure_failed         paper=Matte Art Paper 130gsm - Best Seller size=A2 (420mm x 594mm)
23:52:16 [warning  ] order.configure_failed         paper=Matte Art Paper 130gsm - Best Seller size=A2 (420mm x 594mm)
23:52:16 [info     ] order.recycle_browser          processed=1020
23:56:23 [info     ] browser.launched               channel=msedge headless=True
23:56:36 [warning  ] order.configure_failed         paper=Matte Art Paper 130gsm - Best Seller size=A2 (420mm x 594mm)
23:56:40 [warning  ] order.configure_failed         paper=Matte Art Paper 130gsm - Best Seller size=A2 (420mm x 594mm)
23:56:43 [warning  ] order.configure_failed         paper=Matte Art Paper 130gsm - Best Seller size=A2 (420mm x 594mm)
23:56:46 [warning  ] order.configure_failed         paper=Matte Art Paper 130gsm - Best Seller size=A2 (420mm x 594mm)
23:56:46 [info     ] order.recycle_browser          processed=1024
23:59:51 [info     ] browser.launched               channel=msedge headless=True
00:00:03 [warning  ] order.configure_failed         paper=Matte Art Paper 130gsm - Best Seller size=A2 (420mm x 594mm)
00:00:06 [warning  ] order.configure_failed         paper=Matte Art Paper 130gsm - Best Seller size=A2 (420mm x 594mm)
00:00:08 [warning  ] order.configure_failed         paper=Matte Art Paper 130gsm - Best Seller size=A2 (420mm x 594mm)
00:00:11 [warning  ] order.configure_failed         paper=Matte Art Paper 130gsm - Best Seller size=A2 (420mm x 594mm)
00:00:11 [info     ] order.recycle_browser          processed=1028
00:03:57 [info     ] browser.launched               channel=msedge headless=True
00:04:09 [warning  ] order.configure_failed         paper=Matte Art Paper 130gsm - Best Seller size=A2 (420mm x 594mm)
00:04:12 [warning  ] order.configure_failed         paper=Matte Art Paper 130gsm - Best Seller size=A2 (420mm x 594mm)
00:04:14 [warning  ] order.configure_failed         paper=Matte Art Paper 130gsm - Best Seller size=A2 (420mm x 594mm)
00:04:17 [warning  ] order.configure_failed         paper=Matte Art Paper 130gsm - Best Seller size=A2 (420mm x 594mm)
00:04:17 [info     ] order.recycle_browser          processed=1032
00:06:59 [info     ] browser.launched               channel=msedge headless=True
00:07:12 [warning  ] order.configure_failed         paper=Matte Art Paper 130gsm - Best Seller size=A2 (420mm x 594mm)
00:07:14 [warning  ] order.configure_failed         paper=Matte Art Paper 130gsm - Best Seller size=A2 (420mm x 594mm)
00:07:18 [warning  ] order.configure_failed         paper=Gloss Art Card 230gsm (2 sides coated) size=A2 (420mm x 594mm)
00:07:22 [warning  ] order.configure_failed         paper=Gloss Art Card 230gsm (2 sides coated) size=A2 (420mm x 594mm)
00:07:22 [info     ] order.recycle_browser          processed=1036
00:09:51 [info     ] browser.launched               channel=msedge headless=True
00:10:02 [warning  ] order.configure_failed         paper=Gloss Art Card 230gsm (2 sides coated) size=A2 (420mm x 594mm)
00:10:05 [warning  ] order.configure_failed         paper=Gloss Art Card 230gsm (2 sides coated) size=A2 (420mm x 594mm)
00:10:08 [warning  ] order.configure_failed         paper=Gloss Art Card 230gsm (2 sides coated) size=A2 (420mm x 594mm)
00:10:11 [warning  ] order.configure_failed         paper=Gloss Art Card 230gsm (2 sides coated) size=A2 (420mm x 594mm)
00:10:11 [info     ] order.recycle_browser          processed=1040
00:14:18 [info     ] browser.launched               channel=msedge headless=True
00:14:32 [warning  ] order.configure_failed         paper=Gloss Art Card 230gsm (2 sides coated) size=A2 (420mm x 594mm)
00:14:35 [warning  ] order.configure_failed         paper=Gloss Art Card 230gsm (2 sides coated) size=A2 (420mm x 594mm)
00:14:39 [warning  ] order.configure_failed         paper=Gloss Art Card 230gsm (2 sides coated) size=A2 (420mm x 594mm)
00:14:42 [warning  ] order.configure_failed         paper=Gloss Art Card 230gsm (2 sides coated) size=A2 (420mm x 594mm)
00:14:42 [info     ] order.recycle_browser          processed=1044
00:17:57 [info     ] browser.launched               channel=msedge headless=True
00:18:22 [warning  ] order.configure_failed         paper=Gloss Art Card 230gsm (2 sides coated) size=A2 (420mm x 594mm)
00:18:25 [warning  ] order.configure_failed         paper=Gloss Art Card 230gsm (2 sides coated) size=A2 (420mm x 594mm)
00:18:29 [warning  ] order.configure_failed         paper=Gloss Art Card 230gsm (2 sides coated) size=A2 (420mm x 594mm)
00:18:32 [warning  ] order.configure_failed         paper=Gloss Art Card 230gsm (2 sides coated) size=A2 (420mm x 594mm)
00:18:32 [info     ] order.recycle_browser          processed=1048
00:21:27 [info     ] browser.launched               channel=msedge headless=True
00:21:40 [warning  ] order.configure_failed         paper=Gloss Art Card 230gsm (2 sides coated) size=A2 (420mm x 594mm)
00:21:43 [warning  ] order.configure_failed         paper=Gloss Art Card 230gsm (2 sides coated) size=A2 (420mm x 594mm)
00:21:47 [warning  ] order.configure_failed         paper=Gloss Art Card 230gsm (2 sides coated) size=A2 (420mm x 594mm)
00:21:50 [warning  ] order.configure_failed         paper=Gloss Art Card 230gsm (2 sides coated) size=A2 (420mm x 594mm)
00:21:50 [info     ] order.recycle_browser          processed=1052
00:24:51 [info     ] browser.launched               channel=msedge headless=True
00:25:02 [warning  ] order.configure_failed         paper=Gloss Art Card 230gsm (2 sides coated) size=A2 (420mm x 594mm)
00:25:04 [warning  ] order.configure_failed         paper=Gloss Art Card 230gsm (2 sides coated) size=A2 (420mm x 594mm)
00:25:07 [warning  ] order.configure_failed         paper=Gloss Art Card 230gsm (2 sides coated) size=A2 (420mm x 594mm)
00:25:10 [warning  ] order.configure_failed         paper=Gloss Art Card 230gsm (2 sides coated) size=A2 (420mm x 594mm)
00:25:10 [info     ] order.recycle_browser          processed=1056
00:27:40 [info     ] browser.launched               channel=msedge headless=True
00:27:52 [warning  ] order.configure_failed         paper=Gloss Art Card 230gsm (2 sides coated) size=A2 (420mm x 594mm)
00:27:55 [warning  ] order.configure_failed         paper=Gloss Art Card 230gsm (2 sides coated) size=A2 (420mm x 594mm)
00:27:58 [warning  ] order.configure_failed         paper=Gloss Art Card 230gsm (2 sides coated) size=A2 (420mm x 594mm)
00:28:01 [warning  ] order.configure_failed         paper=Gloss Art Card 230gsm (2 sides coated) size=A2 (420mm x 594mm)
00:28:02 [info     ] order.recycle_browser          processed=1060
00:31:54 [info     ] browser.launched               channel=msedge headless=True
00:32:07 [warning  ] order.configure_failed         paper=Gloss Art Card 230gsm (2 sides coated) size=A2 (420mm x 594mm)
00:32:10 [warning  ] order.configure_failed         paper=Gloss Art Card 230gsm (2 sides coated) size=A2 (420mm x 594mm)
00:32:13 [warning  ] order.configure_failed         paper=Gloss Art Card 230gsm (2 sides coated) size=A2 (420mm x 594mm)
00:32:16 [warning  ] order.configure_failed         paper=Gloss Art Card 230gsm (2 sides coated) size=A2 (420mm x 594mm)
00:32:17 [info     ] order.recycle_browser          processed=1064
00:37:20 [info     ] browser.launched               channel=msedge headless=True
00:37:35 [warning  ] order.configure_failed         paper=Gloss Art Card 230gsm (2 sides coated) size=A2 (420mm x 594mm)
00:37:37 [warning  ] order.configure_failed         paper=Gloss Art Card 230gsm (2 sides coated) size=A2 (420mm x 594mm)
00:37:40 [warning  ] order.configure_failed         paper=Gloss Art Card 230gsm (2 sides coated) size=A2 (420mm x 594mm)
00:37:43 [warning  ] order.configure_failed         paper=Gloss Art Card 230gsm (2 sides coated) size=A2 (420mm x 594mm)
00:37:43 [info     ] order.recycle_browser          processed=1068
00:39:09 [info     ] browser.launched               channel=msedge headless=True
00:39:21 [warning  ] order.configure_failed         paper=Gloss Art Card 230gsm (2 sides coated) size=A2 (420mm x 594mm)
00:39:24 [warning  ] order.configure_failed         paper=Gloss Art Card 230gsm (2 sides coated) size=A2 (420mm x 594mm)
00:39:28 [warning  ] order.configure_failed         paper=Gloss Art Card 250gsm (2 sides coated) - Best Seller size=A2 (420mm x 594mm)
00:39:31 [warning  ] order.configure_failed         paper=Gloss Art Card 250gsm (2 sides coated) - Best Seller size=A2 (420mm x 594mm)
00:39:31 [info     ] order.recycle_browser          processed=1072
00:42:39 [info     ] browser.launched               channel=msedge headless=True
00:42:50 [warning  ] order.configure_failed         paper=Gloss Art Card 250gsm (2 sides coated) - Best Seller size=A2 (420mm x 594mm)
00:42:54 [warning  ] order.configure_failed         paper=Gloss Art Card 250gsm (2 sides coated) - Best Seller size=A2 (420mm x 594mm)
00:42:56 [warning  ] order.configure_failed         paper=Gloss Art Card 250gsm (2 sides coated) - Best Seller size=A2 (420mm x 594mm)
00:42:59 [warning  ] order.configure_failed         paper=Gloss Art Card 250gsm (2 sides coated) - Best Seller size=A2 (420mm x 594mm)
00:42:59 [info     ] order.recycle_browser          processed=1076
00:46:18 [info     ] browser.launched               channel=msedge headless=True
00:46:34 [warning  ] order.configure_failed         paper=Gloss Art Card 250gsm (2 sides coated) - Best Seller size=A2 (420mm x 594mm)
00:46:37 [warning  ] order.configure_failed         paper=Gloss Art Card 250gsm (2 sides coated) - Best Seller size=A2 (420mm x 594mm)
00:46:41 [warning  ] order.configure_failed         paper=Gloss Art Card 250gsm (2 sides coated) - Best Seller size=A2 (420mm x 594mm)
00:46:45 [warning  ] order.configure_failed         paper=Gloss Art Card 250gsm (2 sides coated) - Best Seller size=A2 (420mm x 594mm)
00:46:45 [info     ] order.recycle_browser          processed=1080
00:50:17 [info     ] browser.launched               channel=msedge headless=True
00:50:34 [warning  ] order.configure_failed         paper=Gloss Art Card 250gsm (2 sides coated) - Best Seller size=A2 (420mm x 594mm)
00:50:37 [warning  ] order.configure_failed         paper=Gloss Art Card 250gsm (2 sides coated) - Best Seller size=A2 (420mm x 594mm)
00:50:41 [warning  ] order.configure_failed         paper=Gloss Art Card 250gsm (2 sides coated) - Best Seller size=A2 (420mm x 594mm)
00:50:45 [warning  ] order.configure_failed         paper=Gloss Art Card 250gsm (2 sides coated) - Best Seller size=A2 (420mm x 594mm)
00:50:45 [info     ] order.recycle_browser          processed=1084
00:54:49 [info     ] browser.launched               channel=msedge headless=True
00:55:02 [warning  ] order.configure_failed         paper=Gloss Art Card 250gsm (2 sides coated) - Best Seller size=A2 (420mm x 594mm)
00:55:05 [warning  ] order.configure_failed         paper=Gloss Art Card 250gsm (2 sides coated) - Best Seller size=A2 (420mm x 594mm)
00:55:07 [warning  ] order.configure_failed         paper=Gloss Art Card 250gsm (2 sides coated) - Best Seller size=A2 (420mm x 594mm)
00:55:10 [warning  ] order.configure_failed         paper=Gloss Art Card 250gsm (2 sides coated) - Best Seller size=A2 (420mm x 594mm)
00:55:11 [info     ] order.recycle_browser          processed=1088
00:58:05 [info     ] browser.launched               channel=msedge headless=True
00:58:21 [warning  ] order.configure_failed         paper=Gloss Art Card 250gsm (2 sides coated) - Best Seller size=A2 (420mm x 594mm)
00:58:25 [warning  ] order.configure_failed         paper=Gloss Art Card 250gsm (2 sides coated) - Best Seller size=A2 (420mm x 594mm)
00:58:29 [warning  ] order.configure_failed         paper=Gloss Art Card 250gsm (2 sides coated) - Best Seller size=A2 (420mm x 594mm)
00:58:32 [warning  ] order.configure_failed         paper=Gloss Art Card 250gsm (2 sides coated) - Best Seller size=A2 (420mm x 594mm)
00:58:32 [info     ] order.recycle_browser          processed=1092
01:02:57 [info     ] browser.launched               channel=msedge headless=True
01:03:10 [warning  ] order.configure_failed         paper=Gloss Art Card 250gsm (2 sides coated) - Best Seller size=A2 (420mm x 594mm)
01:03:13 [warning  ] order.configure_failed         paper=Gloss Art Card 250gsm (2 sides coated) - Best Seller size=A2 (420mm x 594mm)
01:03:16 [warning  ] order.configure_failed         paper=Gloss Art Card 250gsm (2 sides coated) - Best Seller size=A2 (420mm x 594mm)
01:03:32 [warning  ] order.configure_failed         paper=Gloss Art Card 250gsm (2 sides coated) - Best Seller size=A2 (420mm x 594mm)
01:03:32 [info     ] order.recycle_browser          processed=1096
01:06:40 [info     ] browser.launched               channel=msedge headless=True
01:06:51 [warning  ] order.configure_failed         paper=Gloss Art Card 250gsm (2 sides coated) - Best Seller size=A2 (420mm x 594mm)
01:06:54 [warning  ] order.configure_failed         paper=Gloss Art Card 250gsm (2 sides coated) - Best Seller size=A2 (420mm x 594mm)
01:06:58 [warning  ] order.configure_failed         paper=Gloss Art Card 250gsm (2 sides coated) - Best Seller size=A2 (420mm x 594mm)
01:07:01 [warning  ] order.configure_failed         paper=Gloss Art Card 250gsm (2 sides coated) - Best Seller size=A2 (420mm x 594mm)
01:07:01 [info     ] order.recycle_browser          processed=1100
01:10:58 [info     ] browser.launched               channel=msedge headless=True
01:11:10 [warning  ] order.configure_failed         paper=Gloss Art Card 250gsm (2 sides coated) - Best Seller size=A2 (420mm x 594mm)
01:11:13 [warning  ] order.configure_failed         paper=Gloss Art Card 250gsm (2 sides coated) - Best Seller size=A2 (420mm x 594mm)
01:11:16 [warning  ] order.configure_failed         paper=Gloss Art Card 250gsm (2 sides coated) - Best Seller size=A2 (420mm x 594mm)
01:11:19 [warning  ] order.configure_failed         paper=Gloss Art Card 250gsm (2 sides coated) - Best Seller size=A2 (420mm x 594mm)
01:11:20 [info     ] order.recycle_browser          processed=1104
01:15:15 [info     ] browser.launched               channel=msedge headless=True
01:15:31 [warning  ] order.configure_failed         paper=Gloss Art Card 250gsm (2 sides coated) - Best Seller size=A2 (420mm x 594mm)
01:15:35 [warning  ] order.configure_failed         paper=Gloss Art Card 250gsm (2 sides coated) - Best Seller size=A2 (420mm x 594mm)
01:15:39 [warning  ] order.configure_failed         paper=Gloss Art Card 310gsm (2 sides coated) size=A2 (420mm x 594mm)
01:15:43 [warning  ] order.configure_failed         paper=Gloss Art Card 310gsm (2 sides coated) size=A2 (420mm x 594mm)
01:15:43 [info     ] order.recycle_browser          processed=1108
01:19:31 [info     ] browser.launched               channel=msedge headless=True
01:19:44 [warning  ] order.configure_failed         paper=Gloss Art Card 310gsm (2 sides coated) size=A2 (420mm x 594mm)
01:19:47 [warning  ] order.configure_failed         paper=Gloss Art Card 310gsm (2 sides coated) size=A2 (420mm x 594mm)
01:19:50 [warning  ] order.configure_failed         paper=Gloss Art Card 310gsm (2 sides coated) size=A2 (420mm x 594mm)
01:19:52 [warning  ] order.configure_failed         paper=Gloss Art Card 310gsm (2 sides coated) size=A2 (420mm x 594mm)
01:19:52 [info     ] order.recycle_browser          processed=1112
01:23:27 [info     ] browser.launched               channel=msedge headless=True
01:23:41 [warning  ] order.configure_failed         paper=Gloss Art Card 310gsm (2 sides coated) size=A2 (420mm x 594mm)
01:23:44 [warning  ] order.configure_failed         paper=Gloss Art Card 310gsm (2 sides coated) size=A2 (420mm x 594mm)
01:23:48 [warning  ] order.configure_failed         paper=Gloss Art Card 310gsm (2 sides coated) size=A2 (420mm x 594mm)
01:23:52 [warning  ] order.configure_failed         paper=Gloss Art Card 310gsm (2 sides coated) size=A2 (420mm x 594mm)
01:23:52 [info     ] order.recycle_browser          processed=1116
01:27:28 [info     ] browser.launched               channel=msedge headless=True
01:27:38 [warning  ] order.configure_failed         paper=Gloss Art Card 310gsm (2 sides coated) size=A2 (420mm x 594mm)
01:27:41 [warning  ] order.configure_failed         paper=Gloss Art Card 310gsm (2 sides coated) size=A2 (420mm x 594mm)
01:27:44 [warning  ] order.configure_failed         paper=Gloss Art Card 310gsm (2 sides coated) size=A2 (420mm x 594mm)
01:27:46 [warning  ] order.configure_failed         paper=Gloss Art Card 310gsm (2 sides coated) size=A2 (420mm x 594mm)
01:27:46 [info     ] order.recycle_browser          processed=1120
01:32:01 [info     ] browser.launched               channel=msedge headless=True
01:32:14 [warning  ] order.configure_failed         paper=Gloss Art Card 310gsm (2 sides coated) size=A2 (420mm x 594mm)
01:32:17 [warning  ] order.configure_failed         paper=Gloss Art Card 310gsm (2 sides coated) size=A2 (420mm x 594mm)
01:32:20 [warning  ] order.configure_failed         paper=Gloss Art Card 310gsm (2 sides coated) size=A2 (420mm x 594mm)
01:32:24 [warning  ] order.configure_failed         paper=Gloss Art Card 310gsm (2 sides coated) size=A2 (420mm x 594mm)
01:32:24 [info     ] order.recycle_browser          processed=1124
01:33:30 [info     ] browser.launched               channel=msedge headless=True
01:33:43 [warning  ] order.configure_failed         paper=Gloss Art Card 310gsm (2 sides coated) size=A2 (420mm x 594mm)
01:33:47 [warning  ] order.configure_failed         paper=Gloss Art Card 310gsm (2 sides coated) size=A2 (420mm x 594mm)
01:33:50 [warning  ] order.configure_failed         paper=Gloss Art Card 310gsm (2 sides coated) size=A2 (420mm x 594mm)
01:33:54 [warning  ] order.configure_failed         paper=Gloss Art Card 310gsm (2 sides coated) size=A2 (420mm x 594mm)
01:33:54 [info     ] order.recycle_browser          processed=1128
01:37:09 [info     ] browser.launched               channel=msedge headless=True
01:37:21 [warning  ] order.configure_failed         paper=Gloss Art Card 310gsm (2 sides coated) size=A2 (420mm x 594mm)
01:37:24 [warning  ] order.configure_failed         paper=Gloss Art Card 310gsm (2 sides coated) size=A2 (420mm x 594mm)
01:37:27 [warning  ] order.configure_failed         paper=Gloss Art Card 310gsm (2 sides coated) size=A2 (420mm x 594mm)
01:37:30 [warning  ] order.configure_failed         paper=Gloss Art Card 310gsm (2 sides coated) size=A2 (420mm x 594mm)
01:37:30 [info     ] order.recycle_browser          processed=1132
01:41:07 [info     ] browser.launched               channel=msedge headless=True
01:41:27 [warning  ] order.configure_failed         paper=Gloss Art Card 310gsm (2 sides coated) size=A2 (420mm x 594mm)
01:41:30 [warning  ] order.configure_failed         paper=Gloss Art Card 310gsm (2 sides coated) size=A2 (420mm x 594mm)
01:41:33 [warning  ] order.configure_failed         paper=Gloss Art Card 310gsm (2 sides coated) size=A2 (420mm x 594mm)
01:41:37 [warning  ] order.configure_failed         paper=Gloss Art Card 310gsm (2 sides coated) size=A2 (420mm x 594mm)
01:41:37 [info     ] order.recycle_browser          processed=1136
01:45:26 [info     ] browser.launched               channel=msedge headless=True
01:45:38 [warning  ] order.configure_failed         paper=Gloss Art Card 310gsm (2 sides coated) size=A2 (420mm x 594mm)
01:45:41 [warning  ] order.configure_failed         paper=Gloss Art Card 310gsm (2 sides coated) size=A2 (420mm x 594mm)
01:45:44 [warning  ] order.configure_failed         paper=Gloss Art Card 310gsm (2 sides coated) size=A2 (420mm x 594mm)
01:45:47 [warning  ] order.configure_failed         paper=Gloss Art Card 310gsm (2 sides coated) size=A2 (420mm x 594mm)
01:45:47 [info     ] order.recycle_browser          processed=1140
01:48:18 [info     ] browser.launched               channel=msedge headless=True
01:48:32 [warning  ] order.configure_failed         paper=Gloss Art Card 310gsm (2 sides coated) size=A2 (420mm x 594mm)
01:48:36 [warning  ] order.configure_failed         paper=Gloss Art Card 310gsm (2 sides coated) size=A2 (420mm x 594mm)
01:48:39 [warning  ] order.configure_failed         paper=Gloss Art Card 360gsm (2 sides coated) size=A2 (420mm x 594mm)
01:48:42 [warning  ] order.configure_failed         paper=Gloss Art Card 360gsm (2 sides coated) size=A2 (420mm x 594mm)
01:48:42 [info     ] order.recycle_browser          processed=1144
01:52:53 [info     ] browser.launched               channel=msedge headless=True
01:53:07 [warning  ] order.configure_failed         paper=Gloss Art Card 360gsm (2 sides coated) size=A2 (420mm x 594mm)
01:53:11 [warning  ] order.configure_failed         paper=Gloss Art Card 360gsm (2 sides coated) size=A2 (420mm x 594mm)
01:53:13 [warning  ] order.configure_failed         paper=Gloss Art Card 360gsm (2 sides coated) size=A2 (420mm x 594mm)
01:53:16 [warning  ] order.configure_failed         paper=Gloss Art Card 360gsm (2 sides coated) size=A2 (420mm x 594mm)
01:53:16 [info     ] order.recycle_browser          processed=1148
01:56:32 [info     ] browser.launched               channel=msedge headless=True
01:56:46 [warning  ] order.configure_failed         paper=Gloss Art Card 360gsm (2 sides coated) size=A2 (420mm x 594mm)
01:56:50 [warning  ] order.configure_failed         paper=Gloss Art Card 360gsm (2 sides coated) size=A2 (420mm x 594mm)
01:56:53 [warning  ] order.configure_failed         paper=Gloss Art Card 360gsm (2 sides coated) size=A2 (420mm x 594mm)
01:56:56 [warning  ] order.configure_failed         paper=Gloss Art Card 360gsm (2 sides coated) size=A2 (420mm x 594mm)
01:56:56 [info     ] order.recycle_browser          processed=1152
02:00:34 [info     ] browser.launched               channel=msedge headless=True
02:00:47 [warning  ] order.configure_failed         paper=Gloss Art Card 360gsm (2 sides coated) size=A2 (420mm x 594mm)
02:00:50 [warning  ] order.configure_failed         paper=Gloss Art Card 360gsm (2 sides coated) size=A2 (420mm x 594mm)
02:00:52 [warning  ] order.configure_failed         paper=Gloss Art Card 360gsm (2 sides coated) size=A2 (420mm x 594mm)
02:00:56 [warning  ] order.configure_failed         paper=Gloss Art Card 360gsm (2 sides coated) size=A2 (420mm x 594mm)
02:00:56 [info     ] order.recycle_browser          processed=1156
02:04:56 [info     ] browser.launched               channel=msedge headless=True
02:05:08 [warning  ] order.configure_failed         paper=Gloss Art Card 360gsm (2 sides coated) size=A2 (420mm x 594mm)
02:05:11 [warning  ] order.configure_failed         paper=Gloss Art Card 360gsm (2 sides coated) size=A2 (420mm x 594mm)
02:05:14 [warning  ] order.configure_failed         paper=Gloss Art Card 360gsm (2 sides coated) size=A2 (420mm x 594mm)
02:05:17 [warning  ] order.configure_failed         paper=Gloss Art Card 360gsm (2 sides coated) size=A2 (420mm x 594mm)
02:05:17 [info     ] order.recycle_browser          processed=1160
02:08:47 [info     ] browser.launched               channel=msedge headless=True
02:09:01 [warning  ] order.configure_failed         paper=Gloss Art Card 360gsm (2 sides coated) size=A2 (420mm x 594mm)
02:09:05 [warning  ] order.configure_failed         paper=Gloss Art Card 360gsm (2 sides coated) size=A2 (420mm x 594mm)
02:09:08 [warning  ] order.configure_failed         paper=Gloss Art Card 360gsm (2 sides coated) size=A2 (420mm x 594mm)
02:09:12 [warning  ] order.configure_failed         paper=Gloss Art Card 360gsm (2 sides coated) size=A2 (420mm x 594mm)
02:09:12 [info     ] order.recycle_browser          processed=1164
02:13:36 [info     ] browser.launched               channel=msedge headless=True
02:13:42 [warning  ] order.configure_failed         paper=Gloss Art Card 360gsm (2 sides coated) size=A2 (420mm x 594mm)
02:13:46 [warning  ] order.configure_failed         paper=Gloss Art Card 360gsm (2 sides coated) size=A2 (420mm x 594mm)
02:13:49 [warning  ] order.configure_failed         paper=Gloss Art Card 360gsm (2 sides coated) size=A2 (420mm x 594mm)
02:13:52 [warning  ] order.configure_failed         paper=Gloss Art Card 360gsm (2 sides coated) size=A2 (420mm x 594mm)
02:13:52 [info     ] order.recycle_browser          processed=1168
02:17:30 [info     ] browser.launched               channel=msedge headless=True
02:17:44 [warning  ] order.configure_failed         paper=Gloss Art Card 360gsm (2 sides coated) size=A2 (420mm x 594mm)
02:17:48 [warning  ] order.configure_failed         paper=Gloss Art Card 360gsm (2 sides coated) size=A2 (420mm x 594mm)
02:17:52 [warning  ] order.configure_failed         paper=Gloss Art Card 360gsm (2 sides coated) size=A2 (420mm x 594mm)
02:17:54 [warning  ] order.configure_failed         paper=Gloss Art Card 360gsm (2 sides coated) size=A2 (420mm x 594mm)
02:17:55 [info     ] order.recycle_browser          processed=1172
02:21:44 [info     ] browser.launched               channel=msedge headless=True
02:21:57 [warning  ] order.configure_failed         paper=Gloss Art Card 360gsm (2 sides coated) size=A2 (420mm x 594mm)
02:22:00 [warning  ] order.configure_failed         paper=Gloss Art Card 360gsm (2 sides coated) size=A2 (420mm x 594mm)
02:22:03 [warning  ] order.configure_failed         paper=Gloss Art Card 360gsm (2 sides coated) size=A2 (420mm x 594mm)
02:22:05 [warning  ] order.configure_failed         paper=Gloss Art Card 360gsm (2 sides coated) size=A2 (420mm x 594mm)
02:22:06 [info     ] order.recycle_browser          processed=1176
02:24:58 [info     ] browser.launched               channel=msedge headless=True
02:25:11 [warning  ] order.configure_failed         paper=Gloss Art Card 360gsm (2 sides coated) size=A2 (420mm x 594mm)
02:25:14 [warning  ] order.configure_failed         paper=Gloss Art Card 360gsm (2 sides coated) size=A2 (420mm x 594mm)
02:25:17 [warning  ] order.configure_failed         paper=Simili 80gsm - Best Seller size=A3 (297mm x 420mm)
02:25:21 [warning  ] order.configure_failed         paper=Simili 80gsm - Best Seller size=A3 (297mm x 420mm)
02:25:21 [info     ] order.recycle_browser          processed=1180
02:29:40 [info     ] browser.launched               channel=msedge headless=True
02:29:54 [warning  ] order.configure_failed         paper=Simili 80gsm - Best Seller size=A3 (297mm x 420mm)
02:29:57 [warning  ] order.configure_failed         paper=Simili 80gsm - Best Seller size=A3 (297mm x 420mm)
02:30:00 [warning  ] order.configure_failed         paper=Simili 80gsm - Best Seller size=A3 (297mm x 420mm)
02:30:03 [warning  ] order.configure_failed         paper=Simili 80gsm - Best Seller size=A3 (297mm x 420mm)
02:30:03 [info     ] order.recycle_browser          processed=1184
02:33:46 [info     ] browser.launched               channel=msedge headless=True
02:34:00 [warning  ] order.configure_failed         paper=Simili 80gsm - Best Seller size=A3 (297mm x 420mm)
02:34:05 [warning  ] order.configure_failed         paper=Simili 80gsm - Best Seller size=A3 (297mm x 420mm)
02:34:08 [warning  ] order.configure_failed         paper=Simili 80gsm - Best Seller size=A3 (297mm x 420mm)
02:34:17 [warning  ] order.configure_failed         paper=Simili 80gsm - Best Seller size=A3 (297mm x 420mm)
02:34:18 [info     ] order.recycle_browser          processed=1188
02:38:10 [info     ] browser.launched               channel=msedge headless=True
02:38:24 [warning  ] order.configure_failed         paper=Simili 80gsm - Best Seller size=A3 (297mm x 420mm)
02:38:27 [warning  ] order.configure_failed         paper=Simili 80gsm - Best Seller size=A3 (297mm x 420mm)
02:38:30 [warning  ] order.configure_failed         paper=Simili 80gsm - Best Seller size=A3 (297mm x 420mm)
02:38:33 [warning  ] order.configure_failed         paper=Simili 80gsm - Best Seller size=A3 (297mm x 420mm)
02:38:33 [info     ] order.recycle_browser          processed=1192
02:42:33 [info     ] browser.launched               channel=msedge headless=True
02:42:45 [warning  ] order.configure_failed         paper=Simili 80gsm - Best Seller size=A3 (297mm x 420mm)
02:42:48 [warning  ] order.configure_failed         paper=Simili 80gsm - Best Seller size=A3 (297mm x 420mm)
02:42:51 [warning  ] order.configure_failed         paper=Simili 80gsm - Best Seller size=A3 (297mm x 420mm)
02:42:54 [warning  ] order.configure_failed         paper=Simili 80gsm - Best Seller size=A3 (297mm x 420mm)
02:42:54 [info     ] order.recycle_browser          processed=1196
02:46:05 [info     ] browser.launched               channel=msedge headless=True
02:46:17 [warning  ] order.configure_failed         paper=Simili 80gsm - Best Seller size=A3 (297mm x 420mm)
02:46:21 [warning  ] order.configure_failed         paper=Simili 80gsm - Best Seller size=A3 (297mm x 420mm)
02:46:23 [warning  ] order.configure_failed         paper=Simili 80gsm - Best Seller size=A3 (297mm x 420mm)
02:46:27 [warning  ] order.configure_failed         paper=Simili 80gsm - Best Seller size=A3 (297mm x 420mm)
02:46:28 [info     ] order.recycle_browser          processed=1200
02:50:37 [info     ] browser.launched               channel=msedge headless=True
02:50:51 [warning  ] order.configure_failed         paper=Simili 80gsm - Best Seller size=A3 (297mm x 420mm)
02:50:55 [warning  ] order.configure_failed         paper=Simili 80gsm - Best Seller size=A3 (297mm x 420mm)
02:50:58 [warning  ] order.configure_failed         paper=Simili 80gsm - Best Seller size=A3 (297mm x 420mm)
02:51:01 [warning  ] order.configure_failed         paper=Simili 80gsm - Best Seller size=A3 (297mm x 420mm)
02:51:02 [info     ] order.recycle_browser          processed=1204
02:55:07 [info     ] browser.launched               channel=msedge headless=True
02:55:22 [warning  ] order.configure_failed         paper=Simili 80gsm - Best Seller size=A3 (297mm x 420mm)
02:55:26 [warning  ] order.configure_failed         paper=Simili 80gsm - Best Seller size=A3 (297mm x 420mm)
02:55:29 [warning  ] order.configure_failed         paper=Simili 80gsm - Best Seller size=A3 (297mm x 420mm)
02:55:32 [warning  ] order.configure_failed         paper=Simili 80gsm - Best Seller size=A3 (297mm x 420mm)
02:55:32 [info     ] order.recycle_browser          processed=1208
02:58:09 [info     ] browser.launched               channel=msedge headless=True
02:58:23 [warning  ] order.configure_failed         paper=Simili 80gsm - Best Seller size=A3 (297mm x 420mm)
02:58:26 [warning  ] order.configure_failed         paper=Simili 80gsm - Best Seller size=A3 (297mm x 420mm)
02:58:29 [warning  ] order.configure_failed         paper=Simili 80gsm - Best Seller size=A3 (297mm x 420mm)
02:58:33 [warning  ] order.configure_failed         paper=Simili 80gsm - Best Seller size=A3 (297mm x 420mm)
02:58:33 [info     ] order.recycle_browser          processed=1212
03:01:14 [info     ] browser.launched               channel=msedge headless=True
03:01:28 [warning  ] order.configure_failed         paper=Simili 80gsm - Best Seller size=A3 (297mm x 420mm)
03:01:32 [warning  ] order.configure_failed         paper=Simili 80gsm - Best Seller size=A3 (297mm x 420mm)
03:01:36 [warning  ] order.configure_failed         paper=Simili 100gsm - Best Seller size=A3 (297mm x 420mm)
03:01:39 [warning  ] order.configure_failed         paper=Simili 100gsm - Best Seller size=A3 (297mm x 420mm)
03:01:39 [info     ] order.recycle_browser          processed=1216
03:04:54 [info     ] browser.launched               channel=msedge headless=True
03:05:09 [warning  ] order.configure_failed         paper=Simili 100gsm - Best Seller size=A3 (297mm x 420mm)
03:05:12 [warning  ] order.configure_failed         paper=Simili 100gsm - Best Seller size=A3 (297mm x 420mm)
03:05:16 [warning  ] order.configure_failed         paper=Simili 100gsm - Best Seller size=A3 (297mm x 420mm)
03:05:19 [warning  ] order.configure_failed         paper=Simili 100gsm - Best Seller size=A3 (297mm x 420mm)
03:05:19 [info     ] order.recycle_browser          processed=1220
03:08:22 [info     ] browser.launched               channel=msedge headless=True
03:08:35 [warning  ] order.configure_failed         paper=Simili 100gsm - Best Seller size=A3 (297mm x 420mm)
03:08:39 [warning  ] order.configure_failed         paper=Simili 100gsm - Best Seller size=A3 (297mm x 420mm)
03:08:42 [warning  ] order.configure_failed         paper=Simili 100gsm - Best Seller size=A3 (297mm x 420mm)
03:08:46 [warning  ] order.configure_failed         paper=Simili 100gsm - Best Seller size=A3 (297mm x 420mm)
03:08:46 [info     ] order.recycle_browser          processed=1224
03:12:12 [info     ] browser.launched               channel=msedge headless=True
03:12:25 [warning  ] order.configure_failed         paper=Simili 100gsm - Best Seller size=A3 (297mm x 420mm)
03:12:29 [warning  ] order.configure_failed         paper=Simili 100gsm - Best Seller size=A3 (297mm x 420mm)
03:12:31 [warning  ] order.configure_failed         paper=Simili 100gsm - Best Seller size=A3 (297mm x 420mm)
03:12:34 [warning  ] order.configure_failed         paper=Simili 100gsm - Best Seller size=A3 (297mm x 420mm)
03:12:35 [info     ] order.recycle_browser          processed=1228
03:15:37 [info     ] browser.launched               channel=msedge headless=True
03:15:49 [warning  ] order.configure_failed         paper=Simili 100gsm - Best Seller size=A3 (297mm x 420mm)
03:15:52 [warning  ] order.configure_failed         paper=Simili 100gsm - Best Seller size=A3 (297mm x 420mm)
03:15:55 [warning  ] order.configure_failed         paper=Simili 100gsm - Best Seller size=A3 (297mm x 420mm)
03:15:58 [warning  ] order.configure_failed         paper=Simili 100gsm - Best Seller size=A3 (297mm x 420mm)
03:15:58 [info     ] order.recycle_browser          processed=1232
03:17:06 [info     ] browser.launched               channel=msedge headless=True
03:17:20 [warning  ] order.configure_failed         paper=Simili 100gsm - Best Seller size=A3 (297mm x 420mm)
03:17:23 [warning  ] order.configure_failed         paper=Simili 100gsm - Best Seller size=A3 (297mm x 420mm)
03:17:26 [warning  ] order.configure_failed         paper=Simili 100gsm - Best Seller size=A3 (297mm x 420mm)
03:17:29 [warning  ] order.configure_failed         paper=Simili 100gsm - Best Seller size=A3 (297mm x 420mm)
03:17:29 [info     ] order.recycle_browser          processed=1236
03:20:57 [info     ] browser.launched               channel=msedge headless=True
03:21:10 [warning  ] order.configure_failed         paper=Simili 100gsm - Best Seller size=A3 (297mm x 420mm)
03:21:13 [warning  ] order.configure_failed         paper=Simili 100gsm - Best Seller size=A3 (297mm x 420mm)
03:21:16 [warning  ] order.configure_failed         paper=Simili 100gsm - Best Seller size=A3 (297mm x 420mm)
03:21:19 [warning  ] order.configure_failed         paper=Simili 100gsm - Best Seller size=A3 (297mm x 420mm)
03:21:19 [info     ] order.recycle_browser          processed=1240
03:24:42 [info     ] browser.launched               channel=msedge headless=True
03:24:54 [warning  ] order.configure_failed         paper=Simili 100gsm - Best Seller size=A3 (297mm x 420mm)
03:24:57 [warning  ] order.configure_failed         paper=Simili 100gsm - Best Seller size=A3 (297mm x 420mm)
03:25:00 [warning  ] order.configure_failed         paper=Simili 100gsm - Best Seller size=A3 (297mm x 420mm)
03:25:03 [warning  ] order.configure_failed         paper=Simili 100gsm - Best Seller size=A3 (297mm x 420mm)
03:25:03 [info     ] order.recycle_browser          processed=1244
03:29:12 [info     ] browser.launched               channel=msedge headless=True
03:29:24 [warning  ] order.configure_failed         paper=Simili 100gsm - Best Seller size=A3 (297mm x 420mm)
03:29:26 [warning  ] order.configure_failed         paper=Simili 100gsm - Best Seller size=A3 (297mm x 420mm)
03:29:29 [warning  ] order.configure_failed         paper=Simili 100gsm - Best Seller size=A3 (297mm x 420mm)
03:29:32 [warning  ] order.configure_failed         paper=Simili 100gsm - Best Seller size=A3 (297mm x 420mm)
03:29:32 [info     ] order.recycle_browser          processed=1248
03:33:09 [info     ] browser.launched               channel=msedge headless=True
03:33:23 [warning  ] order.configure_failed         paper=Simili 100gsm - Best Seller size=A3 (297mm x 420mm)
03:33:26 [warning  ] order.configure_failed         paper=Simili 100gsm - Best Seller size=A3 (297mm x 420mm)
03:33:29 [warning  ] order.configure_failed         paper=Simili 140gsm - Best Seller size=A3 (297mm x 420mm)
03:33:32 [warning  ] order.configure_failed         paper=Simili 140gsm - Best Seller size=A3 (297mm x 420mm)
03:33:33 [info     ] order.recycle_browser          processed=1252
03:36:00 [info     ] browser.launched               channel=msedge headless=True
03:36:13 [warning  ] order.configure_failed         paper=Simili 140gsm - Best Seller size=A3 (297mm x 420mm)
03:36:16 [warning  ] order.configure_failed         paper=Simili 140gsm - Best Seller size=A3 (297mm x 420mm)
03:36:20 [warning  ] order.configure_failed         paper=Simili 140gsm - Best Seller size=A3 (297mm x 420mm)
03:36:23 [warning  ] order.configure_failed         paper=Simili 140gsm - Best Seller size=A3 (297mm x 420mm)
03:36:23 [info     ] order.recycle_browser          processed=1256
03:40:37 [info     ] browser.launched               channel=msedge headless=True
03:40:52 [warning  ] order.configure_failed         paper=Simili 140gsm - Best Seller size=A3 (297mm x 420mm)
03:40:56 [warning  ] order.configure_failed         paper=Simili 140gsm - Best Seller size=A3 (297mm x 420mm)
03:40:59 [warning  ] order.configure_failed         paper=Simili 140gsm - Best Seller size=A3 (297mm x 420mm)
03:41:03 [warning  ] order.configure_failed         paper=Simili 140gsm - Best Seller size=A3 (297mm x 420mm)
03:41:03 [info     ] order.recycle_browser          processed=1260
03:44:01 [info     ] browser.launched               channel=msedge headless=True
03:44:10 [warning  ] order.configure_failed         paper=Simili 140gsm - Best Seller size=A3 (297mm x 420mm)
03:44:13 [warning  ] order.configure_failed         paper=Simili 140gsm - Best Seller size=A3 (297mm x 420mm)
03:44:16 [warning  ] order.configure_failed         paper=Simili 140gsm - Best Seller size=A3 (297mm x 420mm)
03:44:19 [warning  ] order.configure_failed         paper=Simili 140gsm - Best Seller size=A3 (297mm x 420mm)
03:44:19 [info     ] order.recycle_browser          processed=1264
03:47:12 [info     ] browser.launched               channel=msedge headless=True
03:47:24 [warning  ] order.configure_failed         paper=Simili 140gsm - Best Seller size=A3 (297mm x 420mm)
03:47:28 [warning  ] order.configure_failed         paper=Simili 140gsm - Best Seller size=A3 (297mm x 420mm)
03:47:31 [warning  ] order.configure_failed         paper=Simili 140gsm - Best Seller size=A3 (297mm x 420mm)
03:47:34 [warning  ] order.configure_failed         paper=Simili 140gsm - Best Seller size=A3 (297mm x 420mm)
03:47:34 [info     ] order.recycle_browser          processed=1268
03:51:20 [info     ] browser.launched               channel=msedge headless=True
03:51:34 [warning  ] order.configure_failed         paper=Simili 140gsm - Best Seller size=A3 (297mm x 420mm)
03:51:38 [warning  ] order.configure_failed         paper=Simili 140gsm - Best Seller size=A3 (297mm x 420mm)
03:51:41 [warning  ] order.configure_failed         paper=Simili 140gsm - Best Seller size=A3 (297mm x 420mm)
03:51:45 [warning  ] order.configure_failed         paper=Simili 140gsm - Best Seller size=A3 (297mm x 420mm)
03:51:45 [info     ] order.recycle_browser          processed=1272
03:55:06 [info     ] browser.launched               channel=msedge headless=True
03:55:19 [warning  ] order.configure_failed         paper=Simili 140gsm - Best Seller size=A3 (297mm x 420mm)
03:55:23 [warning  ] order.configure_failed         paper=Simili 140gsm - Best Seller size=A3 (297mm x 420mm)
03:55:26 [warning  ] order.configure_failed         paper=Simili 140gsm - Best Seller size=A3 (297mm x 420mm)
03:55:29 [warning  ] order.configure_failed         paper=Simili 140gsm - Best Seller size=A3 (297mm x 420mm)
03:55:29 [info     ] order.recycle_browser          processed=1276
03:58:45 [info     ] browser.launched               channel=msedge headless=True
03:58:57 [warning  ] order.configure_failed         paper=Simili 140gsm - Best Seller size=A3 (297mm x 420mm)
03:59:00 [warning  ] order.configure_failed         paper=Simili 140gsm - Best Seller size=A3 (297mm x 420mm)
03:59:02 [warning  ] order.configure_failed         paper=Simili 140gsm - Best Seller size=A3 (297mm x 420mm)
03:59:05 [warning  ] order.configure_failed         paper=Simili 140gsm - Best Seller size=A3 (297mm x 420mm)
03:59:05 [info     ] order.recycle_browser          processed=1280
04:01:36 [info     ] browser.launched               channel=msedge headless=True
04:01:50 [warning  ] order.configure_failed         paper=Simili 140gsm - Best Seller size=A3 (297mm x 420mm)
04:01:53 [warning  ] order.configure_failed         paper=Simili 140gsm - Best Seller size=A3 (297mm x 420mm)
04:01:58 [warning  ] order.configure_failed         paper=Simili 140gsm - Best Seller size=A3 (297mm x 420mm)
04:02:01 [warning  ] order.configure_failed         paper=Simili 140gsm - Best Seller size=A3 (297mm x 420mm)
04:02:01 [info     ] order.recycle_browser          processed=1284
04:05:31 [info     ] browser.launched               channel=msedge headless=True
04:05:42 [warning  ] order.configure_failed         paper=Simili 140gsm - Best Seller size=A3 (297mm x 420mm)
04:05:44 [warning  ] order.configure_failed         paper=Simili 140gsm - Best Seller size=A3 (297mm x 420mm)
04:05:47 [warning  ] order.configure_failed         paper=Gloss Art Paper 100gsm - Best Seller size=A3 (297mm x 420mm)
04:05:50 [warning  ] order.configure_failed         paper=Gloss Art Paper 100gsm - Best Seller size=A3 (297mm x 420mm)
04:05:50 [info     ] order.recycle_browser          processed=1288
04:09:46 [info     ] browser.launched               channel=msedge headless=True
04:10:00 [warning  ] order.configure_failed         paper=Gloss Art Paper 100gsm - Best Seller size=A3 (297mm x 420mm)
04:10:03 [warning  ] order.configure_failed         paper=Gloss Art Paper 100gsm - Best Seller size=A3 (297mm x 420mm)
04:10:07 [warning  ] order.configure_failed         paper=Gloss Art Paper 100gsm - Best Seller size=A3 (297mm x 420mm)
04:10:10 [warning  ] order.configure_failed         paper=Gloss Art Paper 100gsm - Best Seller size=A3 (297mm x 420mm)
04:10:10 [info     ] order.recycle_browser          processed=1292
04:13:17 [info     ] browser.launched               channel=msedge headless=True
04:13:29 [warning  ] order.configure_failed         paper=Gloss Art Paper 100gsm - Best Seller size=A3 (297mm x 420mm)
04:13:32 [warning  ] order.configure_failed         paper=Gloss Art Paper 100gsm - Best Seller size=A3 (297mm x 420mm)
04:13:35 [warning  ] order.configure_failed         paper=Gloss Art Paper 100gsm - Best Seller size=A3 (297mm x 420mm)
04:13:38 [warning  ] order.configure_failed         paper=Gloss Art Paper 100gsm - Best Seller size=A3 (297mm x 420mm)
04:13:38 [info     ] order.recycle_browser          processed=1296
04:16:09 [info     ] browser.launched               channel=msedge headless=True
04:16:20 [warning  ] order.configure_failed         paper=Gloss Art Paper 100gsm - Best Seller size=A3 (297mm x 420mm)
04:16:23 [warning  ] order.configure_failed         paper=Gloss Art Paper 100gsm - Best Seller size=A3 (297mm x 420mm)
04:16:26 [warning  ] order.configure_failed         paper=Gloss Art Paper 100gsm - Best Seller size=A3 (297mm x 420mm)
04:16:29 [warning  ] order.configure_failed         paper=Gloss Art Paper 100gsm - Best Seller size=A3 (297mm x 420mm)
04:16:30 [info     ] order.recycle_browser          processed=1300
04:20:38 [info     ] browser.launched               channel=msedge headless=True
04:20:47 [warning  ] order.configure_failed         paper=Gloss Art Paper 100gsm - Best Seller size=A3 (297mm x 420mm)
04:20:50 [warning  ] order.configure_failed         paper=Gloss Art Paper 100gsm - Best Seller size=A3 (297mm x 420mm)
04:20:53 [warning  ] order.configure_failed         paper=Gloss Art Paper 100gsm - Best Seller size=A3 (297mm x 420mm)
04:20:56 [warning  ] order.configure_failed         paper=Gloss Art Paper 100gsm - Best Seller size=A3 (297mm x 420mm)
04:20:56 [info     ] order.recycle_browser          processed=1304
04:23:43 [info     ] browser.launched               channel=msedge headless=True
04:23:56 [warning  ] order.configure_failed         paper=Gloss Art Paper 100gsm - Best Seller size=A3 (297mm x 420mm)
04:24:00 [warning  ] order.configure_failed         paper=Gloss Art Paper 100gsm - Best Seller size=A3 (297mm x 420mm)
04:24:03 [warning  ] order.configure_failed         paper=Gloss Art Paper 100gsm - Best Seller size=A3 (297mm x 420mm)
04:24:06 [warning  ] order.configure_failed         paper=Gloss Art Paper 100gsm - Best Seller size=A3 (297mm x 420mm)
04:24:07 [info     ] order.recycle_browser          processed=1308
04:27:45 [info     ] browser.launched               channel=msedge headless=True
04:27:59 [warning  ] order.configure_failed         paper=Gloss Art Paper 100gsm - Best Seller size=A3 (297mm x 420mm)
04:28:02 [warning  ] order.configure_failed         paper=Gloss Art Paper 100gsm - Best Seller size=A3 (297mm x 420mm)
04:28:05 [warning  ] order.configure_failed         paper=Gloss Art Paper 100gsm - Best Seller size=A3 (297mm x 420mm)
04:28:09 [warning  ] order.configure_failed         paper=Gloss Art Paper 100gsm - Best Seller size=A3 (297mm x 420mm)
04:28:09 [info     ] order.recycle_browser          processed=1312
04:31:47 [info     ] browser.launched               channel=msedge headless=True
04:32:01 [warning  ] order.configure_failed         paper=Gloss Art Paper 100gsm - Best Seller size=A3 (297mm x 420mm)
04:32:04 [warning  ] order.configure_failed         paper=Gloss Art Paper 100gsm - Best Seller size=A3 (297mm x 420mm)
04:32:08 [warning  ] order.configure_failed         paper=Gloss Art Paper 100gsm - Best Seller size=A3 (297mm x 420mm)
04:32:11 [warning  ] order.configure_failed         paper=Gloss Art Paper 100gsm - Best Seller size=A3 (297mm x 420mm)
04:32:11 [info     ] order.recycle_browser          processed=1316
04:35:21 [info     ] browser.launched               channel=msedge headless=True
04:35:33 [warning  ] order.configure_failed         paper=Gloss Art Paper 100gsm - Best Seller size=A3 (297mm x 420mm)
04:35:38 [warning  ] order.configure_failed         paper=Gloss Art Paper 100gsm - Best Seller size=A3 (297mm x 420mm)
04:35:41 [warning  ] order.configure_failed         paper=Gloss Art Paper 100gsm - Best Seller size=A3 (297mm x 420mm)
04:35:44 [warning  ] order.configure_failed         paper=Gloss Art Paper 100gsm - Best Seller size=A3 (297mm x 420mm)
04:35:45 [info     ] order.recycle_browser          processed=1320
04:39:07 [info     ] browser.launched               channel=msedge headless=True
04:39:22 [warning  ] order.configure_failed         paper=Gloss Art Paper 100gsm - Best Seller size=A3 (297mm x 420mm)
04:39:25 [warning  ] order.configure_failed         paper=Gloss Art Paper 100gsm - Best Seller size=A3 (297mm x 420mm)
04:39:28 [warning  ] order.configure_failed         paper=Gloss Art Paper 128gsm - Best Seller size=A3 (297mm x 420mm)
04:39:31 [warning  ] order.configure_failed         paper=Gloss Art Paper 128gsm - Best Seller size=A3 (297mm x 420mm)
04:39:31 [info     ] order.recycle_browser          processed=1324
04:42:57 [info     ] browser.launched               channel=msedge headless=True
04:43:12 [warning  ] order.configure_failed         paper=Gloss Art Paper 128gsm - Best Seller size=A3 (297mm x 420mm)
04:43:16 [warning  ] order.configure_failed         paper=Gloss Art Paper 128gsm - Best Seller size=A3 (297mm x 420mm)
04:43:19 [warning  ] order.configure_failed         paper=Gloss Art Paper 128gsm - Best Seller size=A3 (297mm x 420mm)
04:43:22 [warning  ] order.configure_failed         paper=Gloss Art Paper 128gsm - Best Seller size=A3 (297mm x 420mm)
04:43:22 [info     ] order.recycle_browser          processed=1328
04:46:47 [info     ] browser.launched               channel=msedge headless=True
04:46:58 [warning  ] order.configure_failed         paper=Gloss Art Paper 128gsm - Best Seller size=A3 (297mm x 420mm)
04:47:01 [warning  ] order.configure_failed         paper=Gloss Art Paper 128gsm - Best Seller size=A3 (297mm x 420mm)
04:47:04 [warning  ] order.configure_failed         paper=Gloss Art Paper 128gsm - Best Seller size=A3 (297mm x 420mm)
04:47:07 [warning  ] order.configure_failed         paper=Gloss Art Paper 128gsm - Best Seller size=A3 (297mm x 420mm)
04:47:07 [info     ] order.recycle_browser          processed=1332
04:50:42 [info     ] browser.launched               channel=msedge headless=True
04:50:57 [warning  ] order.configure_failed         paper=Gloss Art Paper 128gsm - Best Seller size=A3 (297mm x 420mm)
04:51:01 [warning  ] order.configure_failed         paper=Gloss Art Paper 128gsm - Best Seller size=A3 (297mm x 420mm)
04:51:04 [warning  ] order.configure_failed         paper=Gloss Art Paper 128gsm - Best Seller size=A3 (297mm x 420mm)
04:51:08 [warning  ] order.configure_failed         paper=Gloss Art Paper 128gsm - Best Seller size=A3 (297mm x 420mm)
04:51:08 [info     ] order.recycle_browser          processed=1336
04:54:20 [info     ] browser.launched               channel=msedge headless=True
04:54:32 [warning  ] order.configure_failed         paper=Gloss Art Paper 128gsm - Best Seller size=A3 (297mm x 420mm)
04:54:36 [warning  ] order.configure_failed         paper=Gloss Art Paper 128gsm - Best Seller size=A3 (297mm x 420mm)
04:54:39 [warning  ] order.configure_failed         paper=Gloss Art Paper 128gsm - Best Seller size=A3 (297mm x 420mm)
04:54:42 [warning  ] order.configure_failed         paper=Gloss Art Paper 128gsm - Best Seller size=A3 (297mm x 420mm)
04:54:42 [info     ] order.recycle_browser          processed=1340
04:58:44 [info     ] browser.launched               channel=msedge headless=True
04:58:57 [warning  ] order.configure_failed         paper=Gloss Art Paper 128gsm - Best Seller size=A3 (297mm x 420mm)
04:59:00 [warning  ] order.configure_failed         paper=Gloss Art Paper 128gsm - Best Seller size=A3 (297mm x 420mm)
04:59:03 [warning  ] order.configure_failed         paper=Gloss Art Paper 128gsm - Best Seller size=A3 (297mm x 420mm)
04:59:07 [warning  ] order.configure_failed         paper=Gloss Art Paper 128gsm - Best Seller size=A3 (297mm x 420mm)
04:59:07 [info     ] order.recycle_browser          processed=1344
05:02:05 [info     ] browser.launched               channel=msedge headless=True
05:02:25 [warning  ] order.configure_failed         paper=Gloss Art Paper 128gsm - Best Seller size=A3 (297mm x 420mm)
05:02:28 [warning  ] order.configure_failed         paper=Gloss Art Paper 128gsm - Best Seller size=A3 (297mm x 420mm)
05:02:31 [warning  ] order.configure_failed         paper=Gloss Art Paper 128gsm - Best Seller size=A3 (297mm x 420mm)
05:02:34 [warning  ] order.configure_failed         paper=Gloss Art Paper 128gsm - Best Seller size=A3 (297mm x 420mm)
05:02:34 [info     ] order.recycle_browser          processed=1348
05:06:57 [info     ] browser.launched               channel=msedge headless=True
05:07:11 [warning  ] order.configure_failed         paper=Gloss Art Paper 128gsm - Best Seller size=A3 (297mm x 420mm)
05:07:14 [warning  ] order.configure_failed         paper=Gloss Art Paper 128gsm - Best Seller size=A3 (297mm x 420mm)
05:07:19 [warning  ] order.configure_failed         paper=Gloss Art Paper 128gsm - Best Seller size=A3 (297mm x 420mm)
05:07:23 [warning  ] order.configure_failed         paper=Gloss Art Paper 128gsm - Best Seller size=A3 (297mm x 420mm)
05:07:23 [info     ] order.recycle_browser          processed=1352
05:11:08 [info     ] browser.launched               channel=msedge headless=True
05:11:30 [warning  ] order.configure_failed         paper=Gloss Art Paper 128gsm - Best Seller size=A3 (297mm x 420mm)
05:11:33 [warning  ] order.configure_failed         paper=Gloss Art Paper 128gsm - Best Seller size=A3 (297mm x 420mm)
05:11:35 [warning  ] order.configure_failed         paper=Gloss Art Paper 128gsm - Best Seller size=A3 (297mm x 420mm)
05:11:38 [warning  ] order.configure_failed         paper=Gloss Art Paper 128gsm - Best Seller size=A3 (297mm x 420mm)
05:11:38 [info     ] order.recycle_browser          processed=1356
05:13:38 [info     ] browser.launched               channel=msedge headless=True
05:13:41 [info     ] login.start                    url=https://www.excard.com.my/login
05:14:07 [info     ] login.result                   ok=True url=https://www.excard.com.my/home-member
05:16:38 [info     ] browser.launched               channel=msedge headless=True
05:17:14 [warning  ] order.configure_failed         paper=Gloss Art Paper 128gsm - Best Seller size=A3 (297mm x 420mm)
05:17:22 [warning  ] order.configure_failed         paper=Gloss Art Paper 128gsm - Best Seller size=A3 (297mm x 420mm)
05:17:31 [warning  ] order.configure_failed         paper=Gloss Art Paper 150gsm - Best Seller size=A3 (297mm x 420mm)
05:17:37 [warning  ] order.configure_failed         paper=Gloss Art Paper 150gsm - Best Seller size=A3 (297mm x 420mm)
05:17:38 [info     ] order.recycle_browser          processed=1360
05:20:08 [info     ] browser.launched               channel=msedge headless=True
05:20:09 [info     ] login.start                    url=https://www.excard.com.my/login
05:20:38 [info     ] login.result                   ok=True url=https://www.excard.com.my/home-member
05:27:28 [info     ] order.captured                 colour=4C (Front) delivery=98 package=Normal paper=Gloss Art Card 250gsm (2 sides coated) - Best Seller quantities=39 size=A1 (594mm x 840mm)
05:33:26 [info     ] browser.launched               channel=msedge headless=True
05:33:29 [warning  ] order.configure_failed         paper=Simili 80gsm - Best Seller size=3xA4 (297mm x 630mm)
05:33:31 [warning  ] order.configure_failed         paper=Simili 100gsm - Best Seller size=3xA4 (297mm x 630mm)
05:33:32 [warning  ] order.configure_failed         paper=Simili 80gsm - Best Seller size=4xA4 (297mm x 840mm)
05:33:33 [warning  ] order.configure_failed         paper=Simili 100gsm - Best Seller size=4xA4 (297mm x 840mm)
05:33:34 [warning  ] order.configure_failed         paper=Simili 80gsm - Best Seller size=4xA5 (210mm x 594mm)
05:33:35 [warning  ] order.configure_failed         paper=Simili 100gsm - Best Seller size=4xA5 (210mm x 594mm)
05:33:36 [warning  ] order.configure_failed         paper=Simili 80gsm - Best Seller size=A1 (594mm x 840mm)
05:33:37 [warning  ] order.configure_failed         paper=Simili 80gsm - Best Seller size=A1 (594mm x 840mm)
05:33:38 [warning  ] order.configure_failed         paper=Simili 100gsm - Best Seller size=A1 (594mm x 840mm)
05:33:38 [info     ] order.recycle_browser          processed=9
05:33:39 [info     ] browser.launched               channel=msedge headless=True
05:33:41 [warning  ] order.configure_failed         paper=Simili 100gsm - Best Seller size=A1 (594mm x 840mm)
05:33:42 [warning  ] order.configure_failed         paper=Simili 140gsm - Best Seller size=A1 (594mm x 840mm)
05:33:44 [warning  ] order.configure_failed         paper=Simili 140gsm - Best Seller size=A1 (594mm x 840mm)
05:33:45 [warning  ] order.configure_failed         paper=Gloss Art Paper 100gsm - Best Seller size=A1 (594mm x 840mm)
05:33:46 [warning  ] order.configure_failed         paper=Gloss Art Paper 100gsm - Best Seller size=A1 (594mm x 840mm)
05:33:47 [warning  ] order.configure_failed         paper=Gloss Art Paper 128gsm - Best Seller size=A1 (594mm x 840mm)
05:33:48 [warning  ] order.configure_failed         paper=Gloss Art Paper 128gsm - Best Seller size=A1 (594mm x 840mm)
05:33:49 [warning  ] order.configure_failed         paper=Gloss Art Paper 150gsm - Best Seller size=A1 (594mm x 840mm)
05:33:50 [warning  ] order.configure_failed         paper=Gloss Art Paper 150gsm - Best Seller size=A1 (594mm x 840mm)
05:33:50 [info     ] order.recycle_browser          processed=18
05:33:50 [info     ] browser.launched               channel=msedge headless=True
05:33:53 [warning  ] order.configure_failed         paper=Matte Art Paper 130gsm - Best Seller size=A1 (594mm x 840mm)
05:33:55 [warning  ] order.configure_failed         paper=Matte Art Paper 130gsm - Best Seller size=A1 (594mm x 840mm)
05:33:56 [warning  ] order.configure_failed         paper=Gloss Art Card 250gsm (2 sides coated) - Best Seller size=A1 (594mm x 840mm)
05:33:57 [warning  ] order.configure_failed         paper=Gloss Art Card 250gsm (2 sides coated) - Best Seller size=A1 (594mm x 840mm)
05:33:58 [warning  ] order.configure_failed         paper=Simili 140gsm - Best Seller size=A2 (420mm x 594mm)
05:33:59 [warning  ] order.configure_failed         paper=Simili 140gsm - Best Seller size=A2 (420mm x 594mm)
05:34:00 [warning  ] order.configure_failed         paper=Gloss Art Paper 100gsm - Best Seller size=A2 (420mm x 594mm)
05:34:01 [warning  ] order.configure_failed         paper=Gloss Art Paper 100gsm - Best Seller size=A2 (420mm x 594mm)
05:34:03 [warning  ] order.configure_failed         paper=Gloss Art Paper 128gsm - Best Seller size=A2 (420mm x 594mm)
05:34:03 [info     ] order.recycle_browser          processed=27
05:34:03 [info     ] browser.launched               channel=msedge headless=True
05:34:05 [warning  ] order.configure_failed         paper=Gloss Art Paper 128gsm - Best Seller size=A2 (420mm x 594mm)
05:34:06 [warning  ] order.configure_failed         paper=Gloss Art Paper 150gsm - Best Seller size=A2 (420mm x 594mm)
05:34:07 [warning  ] order.configure_failed         paper=Gloss Art Paper 150gsm - Best Seller size=A2 (420mm x 594mm)
05:34:08 [warning  ] order.configure_failed         paper=Matte Art Paper 130gsm - Best Seller size=A2 (420mm x 594mm)
05:34:10 [warning  ] order.configure_failed         paper=Matte Art Paper 130gsm - Best Seller size=A2 (420mm x 594mm)
05:34:11 [warning  ] order.configure_failed         paper=Gloss Art Card 230gsm (2 sides coated) size=A2 (420mm x 594mm)
05:34:12 [warning  ] order.configure_failed         paper=Gloss Art Card 230gsm (2 sides coated) size=A2 (420mm x 594mm)
05:34:13 [warning  ] order.configure_failed         paper=Gloss Art Card 250gsm (2 sides coated) - Best Seller size=A2 (420mm x 594mm)
05:34:14 [warning  ] order.configure_failed         paper=Gloss Art Card 250gsm (2 sides coated) - Best Seller size=A2 (420mm x 594mm)
05:34:14 [info     ] order.recycle_browser          processed=36
05:34:14 [info     ] browser.launched               channel=msedge headless=True
05:34:17 [warning  ] order.configure_failed         paper=Gloss Art Card 310gsm (2 sides coated) size=A2 (420mm x 594mm)
05:34:18 [warning  ] order.configure_failed         paper=Gloss Art Card 310gsm (2 sides coated) size=A2 (420mm x 594mm)
05:34:19 [warning  ] order.configure_failed         paper=Gloss Art Card 360gsm (2 sides coated) size=A2 (420mm x 594mm)
05:34:20 [warning  ] order.configure_failed         paper=Gloss Art Card 360gsm (2 sides coated) size=A2 (420mm x 594mm)
05:34:21 [warning  ] order.configure_failed         paper=Simili 140gsm - Best Seller size=A3 (297mm x 420mm)
05:34:22 [warning  ] order.configure_failed         paper=Simili 140gsm - Best Seller size=A3 (297mm x 420mm)
05:34:23 [warning  ] order.configure_failed         paper=Gloss Art Paper 100gsm - Best Seller size=A3 (297mm x 420mm)
05:34:24 [warning  ] order.configure_failed         paper=Gloss Art Paper 100gsm - Best Seller size=A3 (297mm x 420mm)
05:34:25 [warning  ] order.configure_failed         paper=Gloss Art Paper 128gsm - Best Seller size=A3 (297mm x 420mm)
05:34:25 [info     ] order.recycle_browser          processed=45
05:34:26 [info     ] browser.launched               channel=msedge headless=True
05:34:28 [warning  ] order.configure_failed         paper=Gloss Art Paper 128gsm - Best Seller size=A3 (297mm x 420mm)
05:34:29 [warning  ] order.configure_failed         paper=Gloss Art Paper 150gsm - Best Seller size=A3 (297mm x 420mm)
05:34:30 [warning  ] order.configure_failed         paper=Gloss Art Paper 150gsm - Best Seller size=A3 (297mm x 420mm)
05:34:31 [warning  ] order.configure_failed         paper=Matte Art Paper 130gsm - Best Seller size=A3 (297mm x 420mm)
05:34:32 [warning  ] order.configure_failed         paper=Matte Art Paper 130gsm - Best Seller size=A3 (297mm x 420mm)
05:34:33 [warning  ] order.configure_failed         paper=Gloss Art Card 230gsm (2 sides coated) size=A3 (297mm x 420mm)
05:34:34 [warning  ] order.configure_failed         paper=Gloss Art Card 230gsm (2 sides coated) size=A3 (297mm x 420mm)
05:34:35 [warning  ] order.configure_failed         paper=Gloss Art Card 250gsm (2 sides coated) - Best Seller size=A3 (297mm x 420mm)
05:34:36 [warning  ] order.configure_failed         paper=Gloss Art Card 250gsm (2 sides coated) - Best Seller size=A3 (297mm x 420mm)
05:34:36 [info     ] order.recycle_browser          processed=54
05:34:37 [info     ] browser.launched               channel=msedge headless=True
05:34:39 [warning  ] order.configure_failed         paper=Gloss Art Card 310gsm (2 sides coated) size=A3 (297mm x 420mm)
05:34:40 [warning  ] order.configure_failed         paper=Gloss Art Card 310gsm (2 sides coated) size=A3 (297mm x 420mm)
05:34:41 [warning  ] order.configure_failed         paper=Gloss Art Card 360gsm (2 sides coated) size=A3 (297mm x 420mm)
05:34:42 [warning  ] order.configure_failed         paper=Gloss Art Card 360gsm (2 sides coated) size=A3 (297mm x 420mm)
05:34:43 [warning  ] order.configure_failed         paper=Simili 140gsm - Best Seller size=A4 (210mm x 297mm)
05:34:44 [warning  ] order.configure_failed         paper=Simili 140gsm - Best Seller size=A4 (210mm x 297mm)
05:34:46 [warning  ] order.configure_failed         paper=Gloss Art Paper 100gsm - Best Seller size=A4 (210mm x 297mm)
05:34:47 [warning  ] order.configure_failed         paper=Gloss Art Paper 100gsm - Best Seller size=A4 (210mm x 297mm)
05:34:48 [warning  ] order.configure_failed         paper=Gloss Art Paper 128gsm - Best Seller size=A4 (210mm x 297mm)
05:34:48 [info     ] order.recycle_browser          processed=63
05:34:48 [info     ] browser.launched               channel=msedge headless=True
05:34:52 [warning  ] order.configure_failed         paper=Gloss Art Paper 128gsm - Best Seller size=A4 (210mm x 297mm)
05:34:53 [warning  ] order.configure_failed         paper=Gloss Art Paper 150gsm - Best Seller size=A4 (210mm x 297mm)
05:34:54 [warning  ] order.configure_failed         paper=Gloss Art Paper 150gsm - Best Seller size=A4 (210mm x 297mm)
05:34:55 [warning  ] order.configure_failed         paper=Matte Art Paper 130gsm - Best Seller size=A4 (210mm x 297mm)
05:34:56 [warning  ] order.configure_failed         paper=Matte Art Paper 130gsm - Best Seller size=A4 (210mm x 297mm)
05:34:57 [warning  ] order.configure_failed         paper=Gloss Art Card 230gsm (2 sides coated) size=A4 (210mm x 297mm)
05:34:58 [warning  ] order.configure_failed         paper=Gloss Art Card 230gsm (2 sides coated) size=A4 (210mm x 297mm)
05:34:59 [warning  ] order.configure_failed         paper=Gloss Art Card 250gsm (2 sides coated) - Best Seller size=A4 (210mm x 297mm)
05:35:00 [warning  ] order.configure_failed         paper=Gloss Art Card 250gsm (2 sides coated) - Best Seller size=A4 (210mm x 297mm)
05:35:00 [info     ] order.recycle_browser          processed=72
05:35:01 [info     ] browser.launched               channel=msedge headless=True
05:35:03 [warning  ] order.configure_failed         paper=Gloss Art Card 310gsm (2 sides coated) size=A4 (210mm x 297mm)
05:35:04 [warning  ] order.configure_failed         paper=Gloss Art Card 310gsm (2 sides coated) size=A4 (210mm x 297mm)
05:35:05 [warning  ] order.configure_failed         paper=Gloss Art Card 360gsm (2 sides coated) size=A4 (210mm x 297mm)
05:35:06 [warning  ] order.configure_failed         paper=Gloss Art Card 360gsm (2 sides coated) size=A4 (210mm x 297mm)
05:35:07 [warning  ] order.configure_failed         paper=Simili 140gsm - Best Seller size=A5 (148mm x 210mm)
05:35:08 [warning  ] order.configure_failed         paper=Simili 140gsm - Best Seller size=A5 (148mm x 210mm)
05:35:09 [warning  ] order.configure_failed         paper=Gloss Art Paper 100gsm - Best Seller size=A5 (148mm x 210mm)
05:35:10 [warning  ] order.configure_failed         paper=Gloss Art Paper 100gsm - Best Seller size=A5 (148mm x 210mm)
05:35:12 [warning  ] order.configure_failed         paper=Gloss Art Paper 128gsm - Best Seller size=A5 (148mm x 210mm)
05:35:12 [info     ] order.recycle_browser          processed=81
05:35:12 [info     ] browser.launched               channel=msedge headless=True
05:35:14 [warning  ] order.configure_failed         paper=Gloss Art Paper 128gsm - Best Seller size=A5 (148mm x 210mm)
05:35:15 [warning  ] order.configure_failed         paper=Gloss Art Paper 150gsm - Best Seller size=A5 (148mm x 210mm)
05:35:16 [warning  ] order.configure_failed         paper=Gloss Art Paper 150gsm - Best Seller size=A5 (148mm x 210mm)
05:35:17 [warning  ] order.configure_failed         paper=Matte Art Paper 130gsm - Best Seller size=A5 (148mm x 210mm)
05:35:18 [warning  ] order.configure_failed         paper=Matte Art Paper 130gsm - Best Seller size=A5 (148mm x 210mm)
05:35:19 [warning  ] order.configure_failed         paper=Gloss Art Card 230gsm (2 sides coated) size=A5 (148mm x 210mm)
05:35:20 [warning  ] order.configure_failed         paper=Gloss Art Card 230gsm (2 sides coated) size=A5 (148mm x 210mm)
05:35:22 [warning  ] order.configure_failed         paper=Gloss Art Card 250gsm (2 sides coated) - Best Seller size=A5 (148mm x 210mm)
05:35:23 [warning  ] order.configure_failed         paper=Gloss Art Card 250gsm (2 sides coated) - Best Seller size=A5 (148mm x 210mm)
05:35:23 [info     ] order.recycle_browser          processed=90
05:35:23 [info     ] browser.launched               channel=msedge headless=True
05:35:26 [warning  ] order.configure_failed         paper=Gloss Art Card 310gsm (2 sides coated) size=A5 (148mm x 210mm)
05:35:27 [warning  ] order.configure_failed         paper=Gloss Art Card 310gsm (2 sides coated) size=A5 (148mm x 210mm)
05:35:28 [warning  ] order.configure_failed         paper=Gloss Art Card 360gsm (2 sides coated) size=A5 (148mm x 210mm)
05:35:29 [warning  ] order.configure_failed         paper=Gloss Art Card 360gsm (2 sides coated) size=A5 (148mm x 210mm)
05:35:31 [warning  ] order.configure_failed         paper=Simili 80gsm - Best Seller size=A6 (148mm x 105mm)
05:35:32 [warning  ] order.configure_failed         paper=Simili 80gsm - Best Seller size=A6 (148mm x 105mm)
05:35:33 [warning  ] order.configure_failed         paper=Simili 100gsm - Best Seller size=A6 (148mm x 105mm)
05:35:35 [warning  ] order.configure_failed         paper=Simili 100gsm - Best Seller size=A6 (148mm x 105mm)
05:35:36 [warning  ] order.configure_failed         paper=Simili 140gsm - Best Seller size=A6 (148mm x 105mm)
05:35:36 [info     ] order.recycle_browser          processed=99
05:35:36 [info     ] browser.launched               channel=msedge headless=True
05:35:39 [warning  ] order.configure_failed         paper=Simili 140gsm - Best Seller size=A6 (148mm x 105mm)
05:35:40 [warning  ] order.configure_failed         paper=Gloss Art Paper 100gsm - Best Seller size=A6 (148mm x 105mm)
05:35:41 [warning  ] order.configure_failed         paper=Gloss Art Paper 100gsm - Best Seller size=A6 (148mm x 105mm)
05:35:42 [warning  ] order.configure_failed         paper=Gloss Art Paper 128gsm - Best Seller size=A6 (148mm x 105mm)
05:35:43 [warning  ] order.configure_failed         paper=Gloss Art Paper 128gsm - Best Seller size=A6 (148mm x 105mm)
05:35:44 [warning  ] order.configure_failed         paper=Gloss Art Paper 150gsm - Best Seller size=A6 (148mm x 105mm)
05:35:45 [warning  ] order.configure_failed         paper=Gloss Art Paper 150gsm - Best Seller size=A6 (148mm x 105mm)
05:35:46 [warning  ] order.configure_failed         paper=Matte Art Paper 130gsm - Best Seller size=A6 (148mm x 105mm)
05:35:47 [warning  ] order.configure_failed         paper=Matte Art Paper 130gsm - Best Seller size=A6 (148mm x 105mm)
05:35:47 [info     ] order.recycle_browser          processed=108
05:35:48 [info     ] browser.launched               channel=msedge headless=True
05:35:51 [warning  ] order.configure_failed         paper=Simili 80gsm - Best Seller size=3xA4 (297mm x 630mm)
05:35:52 [warning  ] order.configure_failed         paper=Simili 100gsm - Best Seller size=3xA4 (297mm x 630mm)
05:35:53 [warning  ] order.configure_failed         paper=Simili 80gsm - Best Seller size=4xA4 (297mm x 840mm)
05:35:54 [warning  ] order.configure_failed         paper=Simili 100gsm - Best Seller size=4xA4 (297mm x 840mm)
05:35:55 [warning  ] order.configure_failed         paper=Simili 80gsm - Best Seller size=4xA5 (210mm x 594mm)
05:35:56 [warning  ] order.configure_failed         paper=Simili 100gsm - Best Seller size=4xA5 (210mm x 594mm)
05:35:57 [warning  ] order.configure_failed         paper=Simili 80gsm - Best Seller size=Others
05:35:58 [warning  ] order.configure_failed         paper=Simili 80gsm - Best Seller size=Others
05:35:59 [warning  ] order.configure_failed         paper=Simili 100gsm - Best Seller size=Others
05:35:59 [info     ] order.recycle_browser          processed=117
05:36:00 [info     ] browser.launched               channel=msedge headless=True
05:36:02 [warning  ] order.configure_failed         paper=Simili 100gsm - Best Seller size=Others
05:36:03 [warning  ] order.configure_failed         paper=Simili 140gsm - Best Seller size=Others
05:36:04 [warning  ] order.configure_failed         paper=Simili 140gsm - Best Seller size=Others
05:36:05 [warning  ] order.configure_failed         paper=Gloss Art Paper 100gsm - Best Seller size=Others
05:36:06 [warning  ] order.configure_failed         paper=Gloss Art Paper 100gsm - Best Seller size=Others
05:36:07 [warning  ] order.configure_failed         paper=Gloss Art Paper 128gsm - Best Seller size=Others
05:36:08 [warning  ] order.configure_failed         paper=Gloss Art Paper 128gsm - Best Seller size=Others
05:36:09 [warning  ] order.configure_failed         paper=Gloss Art Paper 150gsm - Best Seller size=Others
05:36:10 [warning  ] order.configure_failed         paper=Gloss Art Paper 150gsm - Best Seller size=Others
05:36:10 [info     ] order.recycle_browser          processed=126
05:36:11 [info     ] browser.launched               channel=msedge headless=True
05:36:13 [warning  ] order.configure_failed         paper=Matte Art Paper 130gsm - Best Seller size=Others
05:36:14 [warning  ] order.configure_failed         paper=Matte Art Paper 130gsm - Best Seller size=Others
05:36:15 [warning  ] order.configure_failed         paper=Simili 80gsm - Best Seller size=A1 (594mm x 840mm)
05:36:16 [warning  ] order.configure_failed         paper=Simili 80gsm - Best Seller size=A1 (594mm x 840mm)
05:36:17 [warning  ] order.configure_failed         paper=Simili 80gsm - Best Seller size=A1 (594mm x 840mm)
05:36:18 [warning  ] order.configure_failed         paper=Simili 80gsm - Best Seller size=A1 (594mm x 840mm)
05:36:19 [warning  ] order.configure_failed         paper=Simili 80gsm - Best Seller size=A1 (594mm x 840mm)
05:36:20 [warning  ] order.configure_failed         paper=Simili 80gsm - Best Seller size=A1 (594mm x 840mm)
05:36:21 [warning  ] order.configure_failed         paper=Simili 80gsm - Best Seller size=A1 (594mm x 840mm)
05:36:21 [info     ] order.recycle_browser          processed=135
05:36:22 [info     ] browser.launched               channel=msedge headless=True
05:36:24 [warning  ] order.configure_failed         paper=Simili 80gsm - Best Seller size=A1 (594mm x 840mm)
05:36:25 [warning  ] order.configure_failed         paper=Simili 80gsm - Best Seller size=A1 (594mm x 840mm)
05:36:26 [warning  ] order.configure_failed         paper=Simili 80gsm - Best Seller size=A1 (594mm x 840mm)
05:36:27 [warning  ] order.configure_failed         paper=Simili 80gsm - Best Seller size=A1 (594mm x 840mm)
05:36:28 [warning  ] order.configure_failed         paper=Simili 80gsm - Best Seller size=A1 (594mm x 840mm)
05:36:29 [warning  ] order.configure_failed         paper=Simili 80gsm - Best Seller size=A1 (594mm x 840mm)
05:36:31 [warning  ] order.configure_failed         paper=Simili 80gsm - Best Seller size=A1 (594mm x 840mm)
05:36:32 [warning  ] order.configure_failed         paper=Simili 80gsm - Best Seller size=A1 (594mm x 840mm)
05:36:33 [warning  ] order.configure_failed         paper=Simili 80gsm - Best Seller size=A1 (594mm x 840mm)
05:36:33 [info     ] order.recycle_browser          processed=144
05:36:33 [info     ] browser.launched               channel=msedge headless=True
05:36:36 [warning  ] order.configure_failed         paper=Simili 80gsm - Best Seller size=A1 (594mm x 840mm)
05:36:36 [warning  ] order.configure_failed         paper=Simili 80gsm - Best Seller size=A1 (594mm x 840mm)
05:36:38 [warning  ] order.configure_failed         paper=Simili 100gsm - Best Seller size=A1 (594mm x 840mm)
05:36:39 [warning  ] order.configure_failed         paper=Simili 100gsm - Best Seller size=A1 (594mm x 840mm)
05:36:40 [warning  ] order.configure_failed         paper=Simili 100gsm - Best Seller size=A1 (594mm x 840mm)
05:36:41 [warning  ] order.configure_failed         paper=Simili 100gsm - Best Seller size=A1 (594mm x 840mm)
05:36:42 [warning  ] order.configure_failed         paper=Simili 100gsm - Best Seller size=A1 (594mm x 840mm)
05:36:43 [warning  ] order.configure_failed         paper=Simili 100gsm - Best Seller size=A1 (594mm x 840mm)
05:36:45 [warning  ] order.configure_failed         paper=Simili 100gsm - Best Seller size=A1 (594mm x 840mm)
05:36:45 [info     ] order.recycle_browser          processed=153
05:36:45 [info     ] browser.launched               channel=msedge headless=True
05:36:48 [warning  ] order.configure_failed         paper=Simili 100gsm - Best Seller size=A1 (594mm x 840mm)
05:36:49 [warning  ] order.configure_failed         paper=Simili 100gsm - Best Seller size=A1 (594mm x 840mm)
05:36:50 [warning  ] order.configure_failed         paper=Simili 100gsm - Best Seller size=A1 (594mm x 840mm)
05:36:51 [warning  ] order.configure_failed         paper=Simili 100gsm - Best Seller size=A1 (594mm x 840mm)
05:36:52 [warning  ] order.configure_failed         paper=Simili 100gsm - Best Seller size=A1 (594mm x 840mm)
05:36:53 [warning  ] order.configure_failed         paper=Simili 100gsm - Best Seller size=A1 (594mm x 840mm)
05:36:54 [warning  ] order.configure_failed         paper=Simili 100gsm - Best Seller size=A1 (594mm x 840mm)
05:36:55 [warning  ] order.configure_failed         paper=Simili 100gsm - Best Seller size=A1 (594mm x 840mm)
05:36:57 [warning  ] order.configure_failed         paper=Simili 100gsm - Best Seller size=A1 (594mm x 840mm)
05:36:57 [info     ] order.recycle_browser          processed=162
05:36:57 [info     ] browser.launched               channel=msedge headless=True
05:36:59 [warning  ] order.configure_failed         paper=Simili 100gsm - Best Seller size=A1 (594mm x 840mm)
05:37:00 [warning  ] order.configure_failed         paper=Simili 100gsm - Best Seller size=A1 (594mm x 840mm)
05:37:01 [warning  ] order.configure_failed         paper=Simili 140gsm - Best Seller size=A1 (594mm x 840mm)
05:37:02 [warning  ] order.configure_failed         paper=Simili 140gsm - Best Seller size=A1 (594mm x 840mm)
05:37:03 [warning  ] order.configure_failed         paper=Simili 140gsm - Best Seller size=A1 (594mm x 840mm)
05:37:05 [warning  ] order.configure_failed         paper=Simili 140gsm - Best Seller size=A1 (594mm x 840mm)
05:37:06 [warning  ] order.configure_failed         paper=Simili 140gsm - Best Seller size=A1 (594mm x 840mm)
05:37:07 [warning  ] order.configure_failed         paper=Simili 140gsm - Best Seller size=A1 (594mm x 840mm)
05:37:08 [warning  ] order.configure_failed         paper=Simili 140gsm - Best Seller size=A1 (594mm x 840mm)
05:37:08 [info     ] order.recycle_browser          processed=171
05:37:08 [info     ] browser.launched               channel=msedge headless=True
05:37:10 [warning  ] order.configure_failed         paper=Simili 140gsm - Best Seller size=A1 (594mm x 840mm)
05:37:11 [warning  ] order.configure_failed         paper=Simili 140gsm - Best Seller size=A1 (594mm x 840mm)
05:37:12 [warning  ] order.configure_failed         paper=Simili 140gsm - Best Seller size=A1 (594mm x 840mm)
05:37:14 [warning  ] order.configure_failed         paper=Simili 140gsm - Best Seller size=A1 (594mm x 840mm)
05:37:14 [warning  ] order.configure_failed         paper=Simili 140gsm - Best Seller size=A1 (594mm x 840mm)
05:37:16 [warning  ] order.configure_failed         paper=Simili 140gsm - Best Seller size=A1 (594mm x 840mm)
05:37:17 [warning  ] order.configure_failed         paper=Simili 140gsm - Best Seller size=A1 (594mm x 840mm)
05:37:18 [warning  ] order.configure_failed         paper=Simili 140gsm - Best Seller size=A1 (594mm x 840mm)
05:37:19 [warning  ] order.configure_failed         paper=Simili 140gsm - Best Seller size=A1 (594mm x 840mm)
05:37:19 [info     ] order.recycle_browser          processed=180
05:37:19 [info     ] browser.launched               channel=msedge headless=True
05:37:21 [warning  ] order.configure_failed         paper=Simili 140gsm - Best Seller size=A1 (594mm x 840mm)
05:37:22 [warning  ] order.configure_failed         paper=Simili 140gsm - Best Seller size=A1 (594mm x 840mm)
05:37:23 [warning  ] order.configure_failed         paper=Gloss Art Paper 100gsm - Best Seller size=A1 (594mm x 840mm)
05:37:24 [warning  ] order.configure_failed         paper=Gloss Art Paper 100gsm - Best Seller size=A1 (594mm x 840mm)
05:37:25 [warning  ] order.configure_failed         paper=Gloss Art Paper 100gsm - Best Seller size=A1 (594mm x 840mm)
05:37:26 [warning  ] order.configure_failed         paper=Gloss Art Paper 100gsm - Best Seller size=A1 (594mm x 840mm)
05:37:27 [warning  ] order.configure_failed         paper=Gloss Art Paper 100gsm - Best Seller size=A1 (594mm x 840mm)
05:37:28 [warning  ] order.configure_failed         paper=Gloss Art Paper 100gsm - Best Seller size=A1 (594mm x 840mm)
05:37:29 [warning  ] order.configure_failed         paper=Gloss Art Paper 100gsm - Best Seller size=A1 (594mm x 840mm)
05:37:29 [info     ] order.recycle_browser          processed=189
05:37:30 [info     ] browser.launched               channel=msedge headless=True
05:37:32 [warning  ] order.configure_failed         paper=Gloss Art Paper 100gsm - Best Seller size=A1 (594mm x 840mm)
05:37:33 [warning  ] order.configure_failed         paper=Gloss Art Paper 100gsm - Best Seller size=A1 (594mm x 840mm)
05:37:34 [warning  ] order.configure_failed         paper=Gloss Art Paper 100gsm - Best Seller size=A1 (594mm x 840mm)
05:37:35 [warning  ] order.configure_failed         paper=Gloss Art Paper 100gsm - Best Seller size=A1 (594mm x 840mm)
05:37:36 [warning  ] order.configure_failed         paper=Gloss Art Paper 100gsm - Best Seller size=A1 (594mm x 840mm)
05:37:38 [warning  ] order.configure_failed         paper=Gloss Art Paper 100gsm - Best Seller size=A1 (594mm x 840mm)
05:37:39 [warning  ] order.configure_failed         paper=Gloss Art Paper 100gsm - Best Seller size=A1 (594mm x 840mm)
05:37:40 [warning  ] order.configure_failed         paper=Gloss Art Paper 100gsm - Best Seller size=A1 (594mm x 840mm)
05:37:41 [warning  ] order.configure_failed         paper=Gloss Art Paper 100gsm - Best Seller size=A1 (594mm x 840mm)
05:37:41 [info     ] order.recycle_browser          processed=198
05:37:41 [info     ] browser.launched               channel=msedge headless=True
05:37:44 [warning  ] order.configure_failed         paper=Gloss Art Paper 100gsm - Best Seller size=A1 (594mm x 840mm)
05:37:45 [warning  ] order.configure_failed         paper=Gloss Art Paper 100gsm - Best Seller size=A1 (594mm x 840mm)
05:37:46 [warning  ] order.configure_failed         paper=Gloss Art Paper 128gsm - Best Seller size=A1 (594mm x 840mm)
05:37:47 [warning  ] order.configure_failed         paper=Gloss Art Paper 128gsm - Best Seller size=A1 (594mm x 840mm)
05:37:48 [warning  ] order.configure_failed         paper=Gloss Art Paper 128gsm - Best Seller size=A1 (594mm x 840mm)
05:37:49 [warning  ] order.configure_failed         paper=Gloss Art Paper 128gsm - Best Seller size=A1 (594mm x 840mm)
05:37:50 [warning  ] order.configure_failed         paper=Gloss Art Paper 128gsm - Best Seller size=A1 (594mm x 840mm)
05:37:51 [warning  ] order.configure_failed         paper=Gloss Art Paper 128gsm - Best Seller size=A1 (594mm x 840mm)
05:37:52 [warning  ] order.configure_failed         paper=Gloss Art Paper 128gsm - Best Seller size=A1 (594mm x 840mm)
05:37:53 [info     ] order.recycle_browser          processed=207
05:37:53 [info     ] browser.launched               channel=msedge headless=True
05:37:55 [warning  ] order.configure_failed         paper=Gloss Art Paper 128gsm - Best Seller size=A1 (594mm x 840mm)
05:37:56 [warning  ] order.configure_failed         paper=Gloss Art Paper 128gsm - Best Seller size=A1 (594mm x 840mm)
05:37:58 [warning  ] order.configure_failed         paper=Gloss Art Paper 128gsm - Best Seller size=A1 (594mm x 840mm)
05:37:59 [warning  ] order.configure_failed         paper=Gloss Art Paper 128gsm - Best Seller size=A1 (594mm x 840mm)
05:38:00 [warning  ] order.configure_failed         paper=Gloss Art Paper 128gsm - Best Seller size=A1 (594mm x 840mm)
05:38:01 [warning  ] order.configure_failed         paper=Gloss Art Paper 128gsm - Best Seller size=A1 (594mm x 840mm)
05:38:02 [warning  ] order.configure_failed         paper=Gloss Art Paper 128gsm - Best Seller size=A1 (594mm x 840mm)
05:38:04 [warning  ] order.configure_failed         paper=Gloss Art Paper 128gsm - Best Seller size=A1 (594mm x 840mm)
05:38:05 [warning  ] order.configure_failed         paper=Gloss Art Paper 128gsm - Best Seller size=A1 (594mm x 840mm)
05:38:05 [info     ] order.recycle_browser          processed=216
05:38:05 [info     ] browser.launched               channel=msedge headless=True
05:38:08 [warning  ] order.configure_failed         paper=Gloss Art Paper 128gsm - Best Seller size=A1 (594mm x 840mm)
05:38:09 [warning  ] order.configure_failed         paper=Gloss Art Paper 128gsm - Best Seller size=A1 (594mm x 840mm)
05:38:10 [warning  ] order.configure_failed         paper=Gloss Art Paper 150gsm - Best Seller size=A1 (594mm x 840mm)
05:38:11 [warning  ] order.configure_failed         paper=Gloss Art Paper 150gsm - Best Seller size=A1 (594mm x 840mm)
05:38:12 [warning  ] order.configure_failed         paper=Gloss Art Paper 150gsm - Best Seller size=A1 (594mm x 840mm)
05:38:13 [warning  ] order.configure_failed         paper=Gloss Art Paper 150gsm - Best Seller size=A1 (594mm x 840mm)
05:38:14 [warning  ] order.configure_failed         paper=Gloss Art Paper 150gsm - Best Seller size=A1 (594mm x 840mm)
05:38:16 [warning  ] order.configure_failed         paper=Gloss Art Paper 150gsm - Best Seller size=A1 (594mm x 840mm)
05:38:17 [warning  ] order.configure_failed         paper=Gloss Art Paper 150gsm - Best Seller size=A1 (594mm x 840mm)
05:38:17 [info     ] order.recycle_browser          processed=225
05:38:17 [info     ] browser.launched               channel=msedge headless=True
05:38:20 [warning  ] order.configure_failed         paper=Gloss Art Paper 150gsm - Best Seller size=A1 (594mm x 840mm)
05:38:21 [warning  ] order.configure_failed         paper=Gloss Art Paper 150gsm - Best Seller size=A1 (594mm x 840mm)
05:38:23 [warning  ] order.configure_failed         paper=Gloss Art Paper 150gsm - Best Seller size=A1 (594mm x 840mm)
05:38:24 [warning  ] order.configure_failed         paper=Gloss Art Paper 150gsm - Best Seller size=A1 (594mm x 840mm)
05:38:25 [warning  ] order.configure_failed         paper=Gloss Art Paper 150gsm - Best Seller size=A1 (594mm x 840mm)
05:38:26 [warning  ] order.configure_failed         paper=Gloss Art Paper 150gsm - Best Seller size=A1 (594mm x 840mm)
05:38:27 [warning  ] order.configure_failed         paper=Gloss Art Paper 150gsm - Best Seller size=A1 (594mm x 840mm)
05:38:28 [warning  ] order.configure_failed         paper=Gloss Art Paper 150gsm - Best Seller size=A1 (594mm x 840mm)
05:38:29 [warning  ] order.configure_failed         paper=Gloss Art Paper 150gsm - Best Seller size=A1 (594mm x 840mm)
05:38:29 [info     ] order.recycle_browser          processed=234
05:38:30 [info     ] browser.launched               channel=msedge headless=True
05:38:32 [warning  ] order.configure_failed         paper=Gloss Art Paper 150gsm - Best Seller size=A1 (594mm x 840mm)
05:38:33 [warning  ] order.configure_failed         paper=Gloss Art Paper 150gsm - Best Seller size=A1 (594mm x 840mm)
05:38:34 [warning  ] order.configure_failed         paper=Matte Art Paper 130gsm - Best Seller size=A1 (594mm x 840mm)
05:38:35 [warning  ] order.configure_failed         paper=Matte Art Paper 130gsm - Best Seller size=A1 (594mm x 840mm)
05:38:36 [warning  ] order.configure_failed         paper=Matte Art Paper 130gsm - Best Seller size=A1 (594mm x 840mm)
05:45:11 [info     ] browser.launched               channel=msedge headless=True
05:45:11 [info     ] login.start                    url=https://www.excard.com.my/login
05:45:35 [info     ] login.result                   ok=True url=https://www.excard.com.my/home-member
05:48:28 [info     ] browser.launched               channel=msedge headless=True
05:48:30 [warning  ] order.session_unusable_reloging_in
05:48:30 [info     ] login.start                    url=https://www.excard.com.my/login
05:48:55 [info     ] login.result                   ok=True url=https://www.excard.com.my/home-member
05:49:18 [warning  ] order.configure_failed         paper=Simili 80gsm - Best Seller size=3xA4 (297mm x 630mm)
05:49:43 [warning  ] order.configure_failed         paper=Simili 100gsm - Best Seller size=3xA4 (297mm x 630mm)
05:50:06 [warning  ] order.configure_failed         paper=Simili 80gsm - Best Seller size=4xA4 (297mm x 840mm)
05:50:30 [warning  ] order.configure_failed         paper=Simili 100gsm - Best Seller size=4xA4 (297mm x 840mm)
05:50:44 [info     ] browser.launched               channel=msedge headless=True
05:50:44 [info     ] login.start                    url=https://www.excard.com.my/login
05:50:54 [warning  ] order.configure_failed         paper=Simili 80gsm - Best Seller size=4xA5 (210mm x 594mm)
05:51:08 [info     ] login.result                   ok=True url=https://www.excard.com.my/home-member
05:51:17 [warning  ] order.configure_failed         paper=Simili 100gsm - Best Seller size=4xA5 (210mm x 594mm)
05:51:42 [warning  ] order.configure_failed         paper=Simili 80gsm - Best Seller size=A1 (594mm x 840mm)
05:52:05 [warning  ] order.configure_failed         paper=Simili 80gsm - Best Seller size=A1 (594mm x 840mm)
05:52:41 [error    ] order.error                    error=Exception('Locator.count: Connection closed while reading from the driver')
05:52:41 [warning  ] browser.channel_unavailable    channel=msedge error=Exception
05:52:41 [warning  ] browser.channel_unavailable    channel=chrome error=Exception
05:52:41 [warning  ] browser.fallback_bundled_chromium
05:52:41 [warning  ] order.relaunch_retry           attempt=0 error=Exception('BrowserType.launch: Connection closed while reading from the driver') retry_in_s=15
05:53:41 [info     ] browser.launched               channel=msedge headless=True
05:53:41 [info     ] login.start                    url=https://www.excard.com.my/login
05:54:06 [info     ] login.result                   ok=True url=https://www.excard.com.my/home-member
05:54:47 [info     ] browser.launched               channel=msedge headless=True
05:54:48 [info     ] login.start                    url=https://www.excard.com.my/login
05:55:12 [info     ] login.result                   ok=True url=https://www.excard.com.my/home-member
05:58:53 [info     ] browser.launched               channel=msedge headless=True
05:59:00 [info     ] order.crawl_start              workers=2
05:59:30 [warning  ] order.configure_failed         paper=Simili 100gsm - Best Seller size=A1 (594mm x 840mm)
05:59:32 [warning  ] order.configure_failed         paper=Simili 100gsm - Best Seller size=A1 (594mm x 840mm)
05:59:52 [warning  ] order.configure_failed         paper=Simili 140gsm - Best Seller size=A1 (594mm x 840mm)
05:59:57 [warning  ] order.configure_failed         paper=Simili 140gsm - Best Seller size=A1 (594mm x 840mm)
06:00:14 [warning  ] order.configure_failed         paper=Gloss Art Paper 100gsm - Best Seller size=A1 (594mm x 840mm)
06:00:20 [warning  ] order.configure_failed         paper=Gloss Art Paper 100gsm - Best Seller size=A1 (594mm x 840mm)
06:00:40 [warning  ] order.configure_failed         paper=Gloss Art Paper 128gsm - Best Seller size=A1 (594mm x 840mm)
06:00:41 [warning  ] order.configure_failed         paper=Gloss Art Paper 128gsm - Best Seller size=A1 (594mm x 840mm)
06:01:00 [warning  ] order.configure_failed         paper=Gloss Art Paper 150gsm - Best Seller size=A1 (594mm x 840mm)
06:01:05 [warning  ] order.configure_failed         paper=Gloss Art Paper 150gsm - Best Seller size=A1 (594mm x 840mm)
06:01:23 [warning  ] order.configure_failed         paper=Matte Art Paper 130gsm - Best Seller size=A1 (594mm x 840mm)
06:01:28 [warning  ] order.configure_failed         paper=Matte Art Paper 130gsm - Best Seller size=A1 (594mm x 840mm)
06:01:47 [warning  ] order.configure_failed         paper=Gloss Art Card 250gsm (2 sides coated) - Best Seller size=A1 (594mm x 840mm)
06:01:50 [warning  ] order.configure_failed         paper=Gloss Art Card 250gsm (2 sides coated) - Best Seller size=A1 (594mm x 840mm)
06:02:10 [warning  ] order.configure_failed         paper=Simili 140gsm - Best Seller size=A2 (420mm x 594mm)
06:02:16 [warning  ] order.configure_failed         paper=Simili 140gsm - Best Seller size=A2 (420mm x 594mm)
06:02:33 [warning  ] order.configure_failed         paper=Gloss Art Paper 100gsm - Best Seller size=A2 (420mm x 594mm)
06:02:33 [info     ] order.recycle_context          processed=9 worker=2
06:02:37 [warning  ] order.configure_failed         paper=Gloss Art Paper 100gsm - Best Seller size=A2 (420mm x 594mm)
06:02:37 [info     ] order.recycle_context          processed=9 worker=1
06:03:04 [warning  ] order.configure_failed         paper=Gloss Art Paper 128gsm - Best Seller size=A2 (420mm x 594mm)
06:03:07 [warning  ] order.configure_failed         paper=Gloss Art Paper 128gsm - Best Seller size=A2 (420mm x 594mm)
06:04:23 [info     ] browser.launched               channel=msedge headless=True
06:04:29 [info     ] order.crawl_start              workers=1
06:05:00 [warning  ] order.configure_failed         paper=Simili 80gsm - Best Seller size=3xA4 (297mm x 630mm)
06:05:35 [warning  ] order.configure_failed         paper=Simili 100gsm - Best Seller size=3xA4 (297mm x 630mm)
06:06:05 [warning  ] order.configure_failed         paper=Simili 80gsm - Best Seller size=4xA4 (297mm x 840mm)
06:06:38 [warning  ] order.configure_failed         paper=Simili 100gsm - Best Seller size=4xA4 (297mm x 840mm)
06:07:14 [warning  ] order.configure_failed         paper=Simili 80gsm - Best Seller size=4xA5 (210mm x 594mm)
06:07:46 [warning  ] order.configure_failed         paper=Simili 100gsm - Best Seller size=4xA5 (210mm x 594mm)
06:08:19 [warning  ] order.configure_failed         paper=Simili 80gsm - Best Seller size=A1 (594mm x 840mm)
06:08:54 [warning  ] order.configure_failed         paper=Simili 80gsm - Best Seller size=A1 (594mm x 840mm)
06:09:29 [warning  ] order.configure_failed         paper=Simili 100gsm - Best Seller size=A1 (594mm x 840mm)
06:09:29 [info     ] order.recycle_context          processed=9 worker=1
06:10:04 [warning  ] order.configure_failed         paper=Simili 100gsm - Best Seller size=A1 (594mm x 840mm)
06:10:26 [warning  ] order.configure_failed         paper=Simili 140gsm - Best Seller size=A1 (594mm x 840mm)
06:10:49 [warning  ] order.configure_failed         paper=Simili 140gsm - Best Seller size=A1 (594mm x 840mm)
06:11:51 [info     ] browser.launched               channel=msedge headless=True
06:11:51 [info     ] login.start                    url=https://www.excard.com.my/login
06:12:15 [info     ] login.result                   ok=True url=https://www.excard.com.my/home-member
06:15:52 [info     ] browser.launched               channel=msedge headless=True
06:15:52 [info     ] login.start                    url=https://www.excard.com.my/login
06:16:16 [info     ] login.result                   ok=True url=https://www.excard.com.my/home-member
06:25:02 [info     ] browser.launched               channel=msedge headless=True
06:33:44 [info     ] browser.launched               channel=msedge headless=True
06:33:47 [warning  ] order.session_unusable_reloging_in
06:33:47 [info     ] login.start                    url=https://www.excard.com.my/login
06:34:08 [info     ] login.result                   ok=True url=https://www.excard.com.my/home-member
06:34:08 [info     ] order.crawl_start              workers=1
06:34:38 [warning  ] order.configure_failed         paper=Gloss Art Paper 100gsm - Best Seller size=A1 (594mm x 840mm)
06:35:02 [warning  ] order.configure_failed         paper=Gloss Art Paper 128gsm - Best Seller size=A1 (594mm x 840mm)
06:35:23 [warning  ] order.configure_failed         paper=Gloss Art Paper 128gsm - Best Seller size=A1 (594mm x 840mm)
06:35:46 [warning  ] order.configure_failed         paper=Gloss Art Paper 150gsm - Best Seller size=A1 (594mm x 840mm)
06:36:11 [warning  ] order.configure_failed         paper=Gloss Art Paper 150gsm - Best Seller size=A1 (594mm x 840mm)
06:36:36 [warning  ] order.configure_failed         paper=Matte Art Paper 130gsm - Best Seller size=A1 (594mm x 840mm)
06:36:57 [warning  ] order.configure_failed         paper=Matte Art Paper 130gsm - Best Seller size=A1 (594mm x 840mm)
06:37:22 [warning  ] order.configure_failed         paper=Gloss Art Card 250gsm (2 sides coated) - Best Seller size=A1 (594mm x 840mm)
06:37:46 [warning  ] order.configure_failed         paper=Gloss Art Card 250gsm (2 sides coated) - Best Seller size=A1 (594mm x 840mm)
06:37:46 [info     ] order.recycle_context          processed=9 worker=1
06:38:18 [warning  ] order.configure_failed         paper=Simili 140gsm - Best Seller size=A2 (420mm x 594mm)
06:38:39 [warning  ] order.configure_failed         paper=Simili 140gsm - Best Seller size=A2 (420mm x 594mm)
06:39:03 [warning  ] order.configure_failed         paper=Gloss Art Paper 100gsm - Best Seller size=A2 (420mm x 594mm)
06:39:29 [warning  ] order.configure_failed         paper=Gloss Art Paper 100gsm - Best Seller size=A2 (420mm x 594mm)
06:39:53 [warning  ] order.configure_failed         paper=Gloss Art Paper 128gsm - Best Seller size=A2 (420mm x 594mm)
06:40:17 [warning  ] order.configure_failed         paper=Gloss Art Paper 128gsm - Best Seller size=A2 (420mm x 594mm)
06:40:39 [warning  ] order.configure_failed         paper=Gloss Art Paper 150gsm - Best Seller size=A2 (420mm x 594mm)
06:41:01 [warning  ] order.configure_failed         paper=Gloss Art Paper 150gsm - Best Seller size=A2 (420mm x 594mm)
06:41:22 [warning  ] order.configure_failed         paper=Matte Art Paper 130gsm - Best Seller size=A2 (420mm x 594mm)
06:41:22 [info     ] order.recycle_context          processed=18 worker=1
06:42:06 [info     ] browser.launched               channel=msedge headless=True
06:42:08 [warning  ] order.session_unusable_reloging_in
06:42:08 [info     ] login.start                    url=https://www.excard.com.my/login
06:42:29 [info     ] login.result                   ok=True url=https://www.excard.com.my/home-member
06:45:16 [info     ] order.captured                 colour=4C (Front) delivery=98 package=Normal paper=Gloss Art Paper 100gsm - Best Seller quantities=27 size=A1 (594mm x 840mm)
06:48:13 [info     ] order.captured                 colour=4C (Both) delivery=98 package=Normal paper=Gloss Art Paper 128gsm - Best Seller quantities=27 size=A1 (594mm x 840mm)
06:51:20 [info     ] order.captured                 colour=4C (Front) delivery=98 package=Normal paper=Gloss Art Paper 100gsm - Best Seller quantities=27 size=A1 (594mm x 840mm)
06:54:14 [info     ] order.captured                 colour=4C (Both) delivery=98 package=Normal paper=Gloss Art Paper 128gsm - Best Seller quantities=27 size=A1 (594mm x 840mm)
06:57:46 [info     ] browser.launched               channel=msedge headless=True
06:57:48 [warning  ] order.session_unusable_reloging_in
06:57:48 [info     ] login.start                    url=https://www.excard.com.my/login
06:58:08 [info     ] login.result                   ok=True url=https://www.excard.com.my/home-member
06:58:08 [info     ] order.crawl_start              workers=1
06:58:36 [warning  ] order.configure_failed         colour=1C (Front) package=Normal paper=Gloss Art Card 230gsm (2 sides coated) size=A2 (420mm x 594mm)
06:58:59 [warning  ] order.configure_failed         colour=1C (Both) package=Normal paper=Gloss Art Card 230gsm (2 sides coated) size=A2 (420mm x 594mm)
06:59:21 [warning  ] order.configure_failed         colour=1C (Front) package=Normal paper=Gloss Art Card 250gsm (2 sides coated) - Best Seller size=A2 (420mm x 594mm)
06:59:43 [warning  ] order.configure_failed         colour=1C (Both) package=Normal paper=Gloss Art Card 250gsm (2 sides coated) - Best Seller size=A2 (420mm x 594mm)
07:00:06 [warning  ] order.configure_failed         colour=1C (Front) package=Normal paper=Gloss Art Card 310gsm (2 sides coated) size=A2 (420mm x 594mm)
07:00:31 [warning  ] order.configure_failed         colour=1C (Both) package=Normal paper=Gloss Art Card 310gsm (2 sides coated) size=A2 (420mm x 594mm)
07:00:54 [warning  ] order.configure_failed         colour=1C (Front) package=Normal paper=Gloss Art Card 360gsm (2 sides coated) size=A2 (420mm x 594mm)
07:01:18 [warning  ] order.configure_failed         colour=1C (Both) package=Normal paper=Gloss Art Card 360gsm (2 sides coated) size=A2 (420mm x 594mm)
07:01:41 [warning  ] order.configure_failed         colour=1C (Front) package=Normal paper=Simili 140gsm - Best Seller size=A3 (297mm x 420mm)
07:01:41 [info     ] order.recycle_context          processed=9 worker=1
07:02:10 [warning  ] order.configure_failed         colour=1C (Both) package=Normal paper=Simili 140gsm - Best Seller size=A3 (297mm x 420mm)
07:02:33 [warning  ] order.configure_failed         colour=1C (Front) package=Normal paper=Gloss Art Paper 100gsm - Best Seller size=A3 (297mm x 420mm)
07:02:57 [warning  ] order.configure_failed         colour=1C (Both) package=Normal paper=Gloss Art Paper 100gsm - Best Seller size=A3 (297mm x 420mm)
07:03:23 [warning  ] order.configure_failed         colour=1C (Front) package=Normal paper=Gloss Art Paper 128gsm - Best Seller size=A3 (297mm x 420mm)
07:03:46 [warning  ] order.configure_failed         colour=1C (Both) package=Normal paper=Gloss Art Paper 128gsm - Best Seller size=A3 (297mm x 420mm)
07:04:08 [warning  ] order.configure_failed         colour=1C (Front) package=Normal paper=Gloss Art Paper 150gsm - Best Seller size=A3 (297mm x 420mm)
07:04:35 [warning  ] order.configure_failed         colour=1C (Both) package=Normal paper=Gloss Art Paper 150gsm - Best Seller size=A3 (297mm x 420mm)
07:04:36 [error    ] order.error                    error=Error('Page.goto: Page crashed\nCall log:\n  - navigating to "https://www.excard.com.my/spec/Litho/Loose_Sheet", waiting until "domcontentloaded"\n') worker=1
07:10:30 [info     ] browser.launched               channel=msedge headless=True
07:10:37 [info     ] order.crawl_start              workers=1
07:11:04 [warning  ] order.configure_failed         colour=1C (Front) package=Normal paper=Matte Art Paper 130gsm - Best Seller size=A3 (297mm x 420mm)
07:11:25 [warning  ] order.configure_failed         colour=1C (Both) package=Normal paper=Matte Art Paper 130gsm - Best Seller size=A3 (297mm x 420mm)
07:11:51 [warning  ] order.configure_failed         colour=1C (Front) package=Normal paper=Gloss Art Card 230gsm (2 sides coated) size=A3 (297mm x 420mm)
07:12:15 [warning  ] order.configure_failed         colour=1C (Both) package=Normal paper=Gloss Art Card 230gsm (2 sides coated) size=A3 (297mm x 420mm)
07:12:39 [warning  ] order.configure_failed         colour=1C (Front) package=Normal paper=Gloss Art Card 250gsm (2 sides coated) - Best Seller size=A3 (297mm x 420mm)
07:13:04 [warning  ] order.configure_failed         colour=1C (Both) package=Normal paper=Gloss Art Card 250gsm (2 sides coated) - Best Seller size=A3 (297mm x 420mm)
07:13:26 [warning  ] order.configure_failed         colour=1C (Front) package=Normal paper=Gloss Art Card 310gsm (2 sides coated) size=A3 (297mm x 420mm)
07:13:49 [warning  ] order.configure_failed         colour=1C (Both) package=Normal paper=Gloss Art Card 310gsm (2 sides coated) size=A3 (297mm x 420mm)
07:14:13 [warning  ] order.configure_failed         colour=1C (Front) package=Normal paper=Gloss Art Card 360gsm (2 sides coated) size=A3 (297mm x 420mm)
07:14:13 [info     ] order.recycle_browser          processed=9
07:14:13 [info     ] browser.launched               channel=msedge headless=True
07:14:45 [warning  ] order.configure_failed         colour=1C (Both) package=Normal paper=Gloss Art Card 360gsm (2 sides coated) size=A3 (297mm x 420mm)
07:15:11 [warning  ] order.configure_failed         colour=1C (Front) package=Normal paper=Simili 140gsm - Best Seller size=A4 (210mm x 297mm)
07:15:37 [warning  ] order.configure_failed         colour=1C (Both) package=Normal paper=Simili 140gsm - Best Seller size=A4 (210mm x 297mm)
07:16:03 [warning  ] order.configure_failed         colour=1C (Front) package=Normal paper=Gloss Art Paper 100gsm - Best Seller size=A4 (210mm x 297mm)
07:16:29 [warning  ] order.configure_failed         colour=1C (Both) package=Normal paper=Gloss Art Paper 100gsm - Best Seller size=A4 (210mm x 297mm)
07:16:51 [warning  ] order.configure_failed         colour=1C (Front) package=Normal paper=Gloss Art Paper 128gsm - Best Seller size=A4 (210mm x 297mm)
07:17:16 [warning  ] order.configure_failed         colour=1C (Both) package=Normal paper=Gloss Art Paper 128gsm - Best Seller size=A4 (210mm x 297mm)
07:17:40 [warning  ] order.configure_failed         colour=1C (Front) package=Normal paper=Gloss Art Paper 150gsm - Best Seller size=A4 (210mm x 297mm)
07:18:05 [warning  ] order.configure_failed         colour=1C (Both) package=Normal paper=Gloss Art Paper 150gsm - Best Seller size=A4 (210mm x 297mm)
07:18:05 [info     ] order.recycle_browser          processed=18
07:18:06 [info     ] browser.launched               channel=msedge headless=True
07:18:36 [warning  ] order.configure_failed         colour=1C (Front) package=Normal paper=Matte Art Paper 130gsm - Best Seller size=A4 (210mm x 297mm)
07:18:58 [warning  ] order.configure_failed         colour=1C (Both) package=Normal paper=Matte Art Paper 130gsm - Best Seller size=A4 (210mm x 297mm)
07:19:22 [warning  ] order.configure_failed         colour=1C (Front) package=Normal paper=Gloss Art Card 230gsm (2 sides coated) size=A4 (210mm x 297mm)
07:19:44 [warning  ] order.configure_failed         colour=1C (Both) package=Normal paper=Gloss Art Card 230gsm (2 sides coated) size=A4 (210mm x 297mm)
07:20:08 [warning  ] order.configure_failed         colour=1C (Front) package=Normal paper=Gloss Art Card 250gsm (2 sides coated) - Best Seller size=A4 (210mm x 297mm)
07:20:32 [warning  ] order.configure_failed         colour=1C (Both) package=Normal paper=Gloss Art Card 250gsm (2 sides coated) - Best Seller size=A4 (210mm x 297mm)
07:20:57 [warning  ] order.configure_failed         colour=1C (Front) package=Normal paper=Gloss Art Card 310gsm (2 sides coated) size=A4 (210mm x 297mm)
07:21:22 [warning  ] order.configure_failed         colour=1C (Both) package=Normal paper=Gloss Art Card 310gsm (2 sides coated) size=A4 (210mm x 297mm)
07:21:48 [warning  ] order.configure_failed         colour=1C (Front) package=Normal paper=Gloss Art Card 360gsm (2 sides coated) size=A4 (210mm x 297mm)
07:21:48 [info     ] order.recycle_browser          processed=27
07:21:49 [info     ] browser.launched               channel=msedge headless=True
07:22:19 [warning  ] order.configure_failed         colour=1C (Both) package=Normal paper=Gloss Art Card 360gsm (2 sides coated) size=A4 (210mm x 297mm)
07:22:45 [warning  ] order.configure_failed         colour=1C (Front) package=Normal paper=Simili 140gsm - Best Seller size=A5 (148mm x 210mm)
07:23:09 [warning  ] order.configure_failed         colour=1C (Both) package=Normal paper=Simili 140gsm - Best Seller size=A5 (148mm x 210mm)
07:23:35 [warning  ] order.configure_failed         colour=1C (Front) package=Normal paper=Gloss Art Paper 100gsm - Best Seller size=A5 (148mm x 210mm)
07:23:57 [warning  ] order.configure_failed         colour=1C (Both) package=Normal paper=Gloss Art Paper 100gsm - Best Seller size=A5 (148mm x 210mm)
07:24:19 [warning  ] order.configure_failed         colour=1C (Front) package=Normal paper=Gloss Art Paper 128gsm - Best Seller size=A5 (148mm x 210mm)
07:24:43 [warning  ] order.configure_failed         colour=1C (Both) package=Normal paper=Gloss Art Paper 128gsm - Best Seller size=A5 (148mm x 210mm)
07:25:07 [warning  ] order.configure_failed         colour=1C (Front) package=Normal paper=Gloss Art Paper 150gsm - Best Seller size=A5 (148mm x 210mm)
07:25:30 [warning  ] order.configure_failed         colour=1C (Both) package=Normal paper=Gloss Art Paper 150gsm - Best Seller size=A5 (148mm x 210mm)
07:25:30 [info     ] order.recycle_browser          processed=36
07:25:31 [info     ] browser.launched               channel=msedge headless=True
07:26:01 [warning  ] order.configure_failed         colour=1C (Front) package=Normal paper=Matte Art Paper 130gsm - Best Seller size=A5 (148mm x 210mm)
07:26:25 [warning  ] order.configure_failed         colour=1C (Both) package=Normal paper=Matte Art Paper 130gsm - Best Seller size=A5 (148mm x 210mm)
07:26:50 [warning  ] order.configure_failed         colour=1C (Front) package=Normal paper=Gloss Art Card 230gsm (2 sides coated) size=A5 (148mm x 210mm)
07:27:12 [warning  ] order.configure_failed         colour=1C (Both) package=Normal paper=Gloss Art Card 230gsm (2 sides coated) size=A5 (148mm x 210mm)
07:27:38 [warning  ] order.configure_failed         colour=1C (Front) package=Normal paper=Gloss Art Card 250gsm (2 sides coated) - Best Seller size=A5 (148mm x 210mm)
07:28:02 [warning  ] order.configure_failed         colour=1C (Both) package=Normal paper=Gloss Art Card 250gsm (2 sides coated) - Best Seller size=A5 (148mm x 210mm)
07:28:25 [warning  ] order.configure_failed         colour=1C (Front) package=Normal paper=Gloss Art Card 310gsm (2 sides coated) size=A5 (148mm x 210mm)
07:28:46 [warning  ] order.configure_failed         colour=1C (Both) package=Normal paper=Gloss Art Card 310gsm (2 sides coated) size=A5 (148mm x 210mm)
07:29:12 [warning  ] order.configure_failed         colour=1C (Front) package=Normal paper=Gloss Art Card 360gsm (2 sides coated) size=A5 (148mm x 210mm)
07:29:12 [info     ] order.recycle_browser          processed=45
07:29:12 [info     ] browser.launched               channel=msedge headless=True
07:29:39 [warning  ] order.configure_failed         colour=1C (Both) package=Normal paper=Gloss Art Card 360gsm (2 sides coated) size=A5 (148mm x 210mm)
07:30:06 [warning  ] order.configure_failed         colour=1C (Front) package=Normal paper=Simili 80gsm - Best Seller size=A6 (148mm x 105mm)
07:30:29 [warning  ] order.configure_failed         colour=1C (Both) package=Normal paper=Simili 80gsm - Best Seller size=A6 (148mm x 105mm)
07:30:53 [warning  ] order.configure_failed         colour=1C (Front) package=Normal paper=Simili 100gsm - Best Seller size=A6 (148mm x 105mm)
07:31:16 [warning  ] order.configure_failed         colour=1C (Both) package=Normal paper=Simili 100gsm - Best Seller size=A6 (148mm x 105mm)
07:31:40 [warning  ] order.configure_failed         colour=1C (Front) package=Normal paper=Simili 140gsm - Best Seller size=A6 (148mm x 105mm)
07:32:02 [warning  ] order.configure_failed         colour=1C (Both) package=Normal paper=Simili 140gsm - Best Seller size=A6 (148mm x 105mm)
07:32:25 [warning  ] order.configure_failed         colour=1C (Front) package=Normal paper=Gloss Art Paper 100gsm - Best Seller size=A6 (148mm x 105mm)
07:32:52 [warning  ] order.configure_failed         colour=1C (Both) package=Normal paper=Gloss Art Paper 100gsm - Best Seller size=A6 (148mm x 105mm)
07:32:52 [info     ] order.recycle_browser          processed=54
07:32:52 [info     ] browser.launched               channel=msedge headless=True
07:33:23 [warning  ] order.configure_failed         colour=1C (Front) package=Normal paper=Gloss Art Paper 128gsm - Best Seller size=A6 (148mm x 105mm)
07:33:46 [warning  ] order.configure_failed         colour=1C (Both) package=Normal paper=Gloss Art Paper 128gsm - Best Seller size=A6 (148mm x 105mm)
07:34:08 [warning  ] order.configure_failed         colour=1C (Front) package=Normal paper=Gloss Art Paper 150gsm - Best Seller size=A6 (148mm x 105mm)
07:34:28 [warning  ] order.configure_failed         colour=1C (Both) package=Normal paper=Gloss Art Paper 150gsm - Best Seller size=A6 (148mm x 105mm)
07:34:48 [warning  ] order.configure_failed         colour=1C (Front) package=Normal paper=Matte Art Paper 130gsm - Best Seller size=A6 (148mm x 105mm)
07:35:11 [warning  ] order.configure_failed         colour=1C (Both) package=Normal paper=Matte Art Paper 130gsm - Best Seller size=A6 (148mm x 105mm)
07:35:32 [warning  ] order.configure_failed         colour=1C (Front) package=Normal paper=Simili 80gsm - Best Seller size=3xA4 (297mm x 630mm)
07:35:56 [warning  ] order.configure_failed         colour=1C (Front) package=Normal paper=Simili 100gsm - Best Seller size=3xA4 (297mm x 630mm)
07:36:17 [warning  ] order.configure_failed         colour=1C (Front) package=Normal paper=Simili 80gsm - Best Seller size=4xA4 (297mm x 840mm)
07:36:17 [info     ] order.recycle_browser          processed=63
07:36:18 [info     ] browser.launched               channel=msedge headless=True
07:36:49 [warning  ] order.configure_failed         colour=1C (Front) package=Normal paper=Simili 100gsm - Best Seller size=4xA4 (297mm x 840mm)
07:37:11 [warning  ] order.configure_failed         colour=1C (Front) package=Normal paper=Simili 80gsm - Best Seller size=4xA5 (210mm x 594mm)
07:37:38 [warning  ] order.configure_failed         colour=1C (Front) package=Normal paper=Simili 100gsm - Best Seller size=4xA5 (210mm x 594mm)
07:38:06 [warning  ] order.configure_failed         colour=1C (Front) package=Normal paper=Simili 80gsm - Best Seller size=Others
07:38:29 [warning  ] order.configure_failed         colour=1C (Both) package=Normal paper=Simili 80gsm - Best Seller size=Others
07:38:54 [warning  ] order.configure_failed         colour=1C (Front) package=Normal paper=Simili 100gsm - Best Seller size=Others
07:39:18 [warning  ] order.configure_failed         colour=1C (Both) package=Normal paper=Simili 100gsm - Best Seller size=Others
07:39:40 [warning  ] order.configure_failed         colour=1C (Front) package=Normal paper=Simili 140gsm - Best Seller size=Others
07:39:59 [warning  ] order.configure_failed         colour=1C (Both) package=Normal paper=Simili 140gsm - Best Seller size=Others
07:39:59 [info     ] order.recycle_browser          processed=72
07:40:00 [info     ] browser.launched               channel=msedge headless=True
07:40:29 [warning  ] order.configure_failed         colour=1C (Front) package=Normal paper=Gloss Art Paper 100gsm - Best Seller size=Others
07:40:53 [warning  ] order.configure_failed         colour=1C (Both) package=Normal paper=Gloss Art Paper 100gsm - Best Seller size=Others
07:41:18 [warning  ] order.configure_failed         colour=1C (Front) package=Normal paper=Gloss Art Paper 128gsm - Best Seller size=Others
07:41:44 [warning  ] order.configure_failed         colour=1C (Both) package=Normal paper=Gloss Art Paper 128gsm - Best Seller size=Others
07:42:07 [warning  ] order.configure_failed         colour=1C (Front) package=Normal paper=Gloss Art Paper 150gsm - Best Seller size=Others
07:42:33 [warning  ] order.configure_failed         colour=1C (Both) package=Normal paper=Gloss Art Paper 150gsm - Best Seller size=Others
07:42:56 [warning  ] order.configure_failed         colour=1C (Front) package=Normal paper=Matte Art Paper 130gsm - Best Seller size=Others
07:43:21 [warning  ] order.configure_failed         colour=1C (Both) package=Normal paper=Matte Art Paper 130gsm - Best Seller size=Others
07:43:44 [warning  ] order.configure_failed         colour=1C (Front) package=2in1 paper=Simili 80gsm - Best Seller size=A1 (594mm x 840mm)
07:43:44 [info     ] order.recycle_browser          processed=81
07:43:45 [info     ] browser.launched               channel=msedge headless=True
07:44:14 [warning  ] order.configure_failed         colour=1C (Both) package=2in1 paper=Simili 80gsm - Best Seller size=A1 (594mm x 840mm)
07:44:38 [warning  ] order.configure_failed         colour=1C (Front) package=3in1 paper=Simili 80gsm - Best Seller size=A1 (594mm x 840mm)
07:45:05 [warning  ] order.configure_failed         colour=1C (Both) package=3in1 paper=Simili 80gsm - Best Seller size=A1 (594mm x 840mm)
07:45:28 [warning  ] order.configure_failed         colour=1C (Front) package=4in1 paper=Simili 80gsm - Best Seller size=A1 (594mm x 840mm)
07:45:51 [warning  ] order.configure_failed         colour=1C (Both) package=4in1 paper=Simili 80gsm - Best Seller size=A1 (594mm x 840mm)
07:46:15 [warning  ] order.configure_failed         colour=1C (Front) package=5in1 paper=Simili 80gsm - Best Seller size=A1 (594mm x 840mm)
07:46:39 [warning  ] order.configure_failed         colour=1C (Both) package=5in1 paper=Simili 80gsm - Best Seller size=A1 (594mm x 840mm)
07:47:02 [warning  ] order.configure_failed         colour=1C (Front) package=6in1 paper=Simili 80gsm - Best Seller size=A1 (594mm x 840mm)
07:47:27 [warning  ] order.configure_failed         colour=1C (Both) package=6in1 paper=Simili 80gsm - Best Seller size=A1 (594mm x 840mm)
07:47:27 [info     ] order.recycle_browser          processed=90
07:47:27 [info     ] browser.launched               channel=msedge headless=True
07:47:55 [warning  ] order.configure_failed         colour=1C (Front) package=7in1 paper=Simili 80gsm - Best Seller size=A1 (594mm x 840mm)
07:48:22 [warning  ] order.configure_failed         colour=1C (Both) package=7in1 paper=Simili 80gsm - Best Seller size=A1 (594mm x 840mm)
07:48:45 [warning  ] order.configure_failed         colour=1C (Front) package=8in1 paper=Simili 80gsm - Best Seller size=A1 (594mm x 840mm)
07:49:09 [warning  ] order.configure_failed         colour=1C (Both) package=8in1 paper=Simili 80gsm - Best Seller size=A1 (594mm x 840mm)
07:49:31 [warning  ] order.configure_failed         colour=1C (Front) package=9in1 paper=Simili 80gsm - Best Seller size=A1 (594mm x 840mm)
07:49:52 [warning  ] order.configure_failed         colour=1C (Both) package=9in1 paper=Simili 80gsm - Best Seller size=A1 (594mm x 840mm)
07:50:17 [warning  ] order.configure_failed         colour=1C (Front) package=10in1 paper=Simili 80gsm - Best Seller size=A1 (594mm x 840mm)
07:50:41 [warning  ] order.configure_failed         colour=1C (Both) package=10in1 paper=Simili 80gsm - Best Seller size=A1 (594mm x 840mm)
07:51:05 [warning  ] order.configure_failed         colour=1C (Front) package=2in1 paper=Simili 100gsm - Best Seller size=A1 (594mm x 840mm)
07:51:05 [info     ] order.recycle_browser          processed=99
07:51:06 [info     ] browser.launched               channel=msedge headless=True
07:51:36 [warning  ] order.configure_failed         colour=1C (Both) package=2in1 paper=Simili 100gsm - Best Seller size=A1 (594mm x 840mm)
07:52:01 [warning  ] order.configure_failed         colour=1C (Front) package=3in1 paper=Simili 100gsm - Best Seller size=A1 (594mm x 840mm)
07:52:23 [warning  ] order.configure_failed         colour=1C (Both) package=3in1 paper=Simili 100gsm - Best Seller size=A1 (594mm x 840mm)
07:52:48 [warning  ] order.configure_failed         colour=1C (Front) package=4in1 paper=Simili 100gsm - Best Seller size=A1 (594mm x 840mm)
07:53:13 [warning  ] order.configure_failed         colour=1C (Both) package=4in1 paper=Simili 100gsm - Best Seller size=A1 (594mm x 840mm)
07:53:35 [warning  ] order.configure_failed         colour=1C (Front) package=5in1 paper=Simili 100gsm - Best Seller size=A1 (594mm x 840mm)
07:53:58 [warning  ] order.configure_failed         colour=1C (Both) package=5in1 paper=Simili 100gsm - Best Seller size=A1 (594mm x 840mm)
07:54:24 [warning  ] order.configure_failed         colour=1C (Front) package=6in1 paper=Simili 100gsm - Best Seller size=A1 (594mm x 840mm)
07:54:47 [warning  ] order.configure_failed         colour=1C (Both) package=6in1 paper=Simili 100gsm - Best Seller size=A1 (594mm x 840mm)
07:54:47 [info     ] order.recycle_browser          processed=108
07:54:47 [info     ] browser.launched               channel=msedge headless=True
07:55:17 [warning  ] order.configure_failed         colour=1C (Front) package=7in1 paper=Simili 100gsm - Best Seller size=A1 (594mm x 840mm)
07:55:41 [warning  ] order.configure_failed         colour=1C (Both) package=7in1 paper=Simili 100gsm - Best Seller size=A1 (594mm x 840mm)
07:56:04 [warning  ] order.configure_failed         colour=1C (Front) package=8in1 paper=Simili 100gsm - Best Seller size=A1 (594mm x 840mm)
07:56:27 [warning  ] order.configure_failed         colour=1C (Both) package=8in1 paper=Simili 100gsm - Best Seller size=A1 (594mm x 840mm)
07:56:53 [warning  ] order.configure_failed         colour=1C (Front) package=9in1 paper=Simili 100gsm - Best Seller size=A1 (594mm x 840mm)
07:57:16 [warning  ] order.configure_failed         colour=1C (Both) package=9in1 paper=Simili 100gsm - Best Seller size=A1 (594mm x 840mm)
07:57:41 [warning  ] order.configure_failed         colour=1C (Front) package=10in1 paper=Simili 100gsm - Best Seller size=A1 (594mm x 840mm)
07:58:07 [warning  ] order.configure_failed         colour=1C (Both) package=10in1 paper=Simili 100gsm - Best Seller size=A1 (594mm x 840mm)
07:58:32 [warning  ] order.configure_failed         colour=1C (Front) package=2in1 paper=Simili 140gsm - Best Seller size=A1 (594mm x 840mm)
07:58:32 [info     ] order.recycle_browser          processed=117
07:58:32 [info     ] browser.launched               channel=msedge headless=True
07:59:03 [warning  ] order.configure_failed         colour=1C (Both) package=2in1 paper=Simili 140gsm - Best Seller size=A1 (594mm x 840mm)
07:59:26 [warning  ] order.configure_failed         colour=1C (Front) package=3in1 paper=Simili 140gsm - Best Seller size=A1 (594mm x 840mm)
07:59:50 [warning  ] order.configure_failed         colour=1C (Both) package=3in1 paper=Simili 140gsm - Best Seller size=A1 (594mm x 840mm)
08:00:13 [warning  ] order.configure_failed         colour=1C (Front) package=4in1 paper=Simili 140gsm - Best Seller size=A1 (594mm x 840mm)
08:00:40 [warning  ] order.configure_failed         colour=1C (Both) package=4in1 paper=Simili 140gsm - Best Seller size=A1 (594mm x 840mm)
08:01:00 [warning  ] order.configure_failed         colour=1C (Front) package=5in1 paper=Simili 140gsm - Best Seller size=A1 (594mm x 840mm)
08:01:26 [warning  ] order.configure_failed         colour=1C (Both) package=5in1 paper=Simili 140gsm - Best Seller size=A1 (594mm x 840mm)
08:01:48 [warning  ] order.configure_failed         colour=1C (Front) package=6in1 paper=Simili 140gsm - Best Seller size=A1 (594mm x 840mm)
08:02:12 [warning  ] order.configure_failed         colour=1C (Both) package=6in1 paper=Simili 140gsm - Best Seller size=A1 (594mm x 840mm)
08:02:12 [info     ] order.recycle_browser          processed=126
08:02:12 [info     ] browser.launched               channel=msedge headless=True
08:02:42 [warning  ] order.configure_failed         colour=1C (Front) package=7in1 paper=Simili 140gsm - Best Seller size=A1 (594mm x 840mm)
08:03:07 [warning  ] order.configure_failed         colour=1C (Both) package=7in1 paper=Simili 140gsm - Best Seller size=A1 (594mm x 840mm)
08:03:28 [warning  ] order.configure_failed         colour=1C (Front) package=8in1 paper=Simili 140gsm - Best Seller size=A1 (594mm x 840mm)
08:03:52 [warning  ] order.configure_failed         colour=1C (Both) package=8in1 paper=Simili 140gsm - Best Seller size=A1 (594mm x 840mm)
08:04:14 [warning  ] order.configure_failed         colour=1C (Front) package=9in1 paper=Simili 140gsm - Best Seller size=A1 (594mm x 840mm)
08:04:40 [warning  ] order.configure_failed         colour=1C (Both) package=9in1 paper=Simili 140gsm - Best Seller size=A1 (594mm x 840mm)
08:05:03 [warning  ] order.configure_failed         colour=1C (Front) package=10in1 paper=Simili 140gsm - Best Seller size=A1 (594mm x 840mm)
08:05:24 [warning  ] order.configure_failed         colour=1C (Both) package=10in1 paper=Simili 140gsm - Best Seller size=A1 (594mm x 840mm)
08:05:48 [warning  ] order.configure_failed         colour=1C (Front) package=2in1 paper=Gloss Art Paper 100gsm - Best Seller size=A1 (594mm x 840mm)
08:05:48 [info     ] order.recycle_browser          processed=135
08:05:49 [info     ] browser.launched               channel=msedge headless=True
08:06:17 [warning  ] order.configure_failed         colour=1C (Both) package=2in1 paper=Gloss Art Paper 100gsm - Best Seller size=A1 (594mm x 840mm)
08:06:39 [warning  ] order.configure_failed         colour=1C (Front) package=3in1 paper=Gloss Art Paper 100gsm - Best Seller size=A1 (594mm x 840mm)
08:07:04 [warning  ] order.configure_failed         colour=1C (Both) package=3in1 paper=Gloss Art Paper 100gsm - Best Seller size=A1 (594mm x 840mm)
08:07:29 [warning  ] order.configure_failed         colour=1C (Front) package=4in1 paper=Gloss Art Paper 100gsm - Best Seller size=A1 (594mm x 840mm)
08:07:49 [warning  ] order.configure_failed         colour=1C (Both) package=4in1 paper=Gloss Art Paper 100gsm - Best Seller size=A1 (594mm x 840mm)
08:08:11 [warning  ] order.configure_failed         colour=1C (Front) package=5in1 paper=Gloss Art Paper 100gsm - Best Seller size=A1 (594mm x 840mm)
08:08:34 [warning  ] order.configure_failed         colour=1C (Both) package=5in1 paper=Gloss Art Paper 100gsm - Best Seller size=A1 (594mm x 840mm)
08:08:57 [warning  ] order.configure_failed         colour=1C (Front) package=6in1 paper=Gloss Art Paper 100gsm - Best Seller size=A1 (594mm x 840mm)
08:09:20 [warning  ] order.configure_failed         colour=1C (Both) package=6in1 paper=Gloss Art Paper 100gsm - Best Seller size=A1 (594mm x 840mm)
08:09:20 [info     ] order.recycle_browser          processed=144
08:09:21 [info     ] browser.launched               channel=msedge headless=True
08:09:49 [warning  ] order.configure_failed         colour=1C (Front) package=7in1 paper=Gloss Art Paper 100gsm - Best Seller size=A1 (594mm x 840mm)
08:10:12 [warning  ] order.configure_failed         colour=1C (Both) package=7in1 paper=Gloss Art Paper 100gsm - Best Seller size=A1 (594mm x 840mm)
08:10:35 [warning  ] order.configure_failed         colour=1C (Front) package=8in1 paper=Gloss Art Paper 100gsm - Best Seller size=A1 (594mm x 840mm)
08:10:56 [warning  ] order.configure_failed         colour=1C (Both) package=8in1 paper=Gloss Art Paper 100gsm - Best Seller size=A1 (594mm x 840mm)
08:11:22 [warning  ] order.configure_failed         colour=1C (Front) package=9in1 paper=Gloss Art Paper 100gsm - Best Seller size=A1 (594mm x 840mm)
08:11:45 [warning  ] order.configure_failed         colour=1C (Both) package=9in1 paper=Gloss Art Paper 100gsm - Best Seller size=A1 (594mm x 840mm)
08:12:07 [warning  ] order.configure_failed         colour=1C (Front) package=10in1 paper=Gloss Art Paper 100gsm - Best Seller size=A1 (594mm x 840mm)
08:12:30 [warning  ] order.configure_failed         colour=1C (Both) package=10in1 paper=Gloss Art Paper 100gsm - Best Seller size=A1 (594mm x 840mm)
08:12:54 [warning  ] order.configure_failed         colour=1C (Front) package=2in1 paper=Gloss Art Paper 128gsm - Best Seller size=A1 (594mm x 840mm)
08:12:54 [info     ] order.recycle_browser          processed=153
08:12:54 [info     ] browser.launched               channel=msedge headless=True
08:13:23 [warning  ] order.configure_failed         colour=1C (Both) package=2in1 paper=Gloss Art Paper 128gsm - Best Seller size=A1 (594mm x 840mm)
08:13:49 [warning  ] order.configure_failed         colour=1C (Front) package=3in1 paper=Gloss Art Paper 128gsm - Best Seller size=A1 (594mm x 840mm)
08:14:15 [warning  ] order.configure_failed         colour=1C (Both) package=3in1 paper=Gloss Art Paper 128gsm - Best Seller size=A1 (594mm x 840mm)
08:14:42 [warning  ] order.configure_failed         colour=1C (Front) package=4in1 paper=Gloss Art Paper 128gsm - Best Seller size=A1 (594mm x 840mm)
08:15:04 [warning  ] order.configure_failed         colour=1C (Both) package=4in1 paper=Gloss Art Paper 128gsm - Best Seller size=A1 (594mm x 840mm)
08:15:28 [warning  ] order.configure_failed         colour=1C (Front) package=5in1 paper=Gloss Art Paper 128gsm - Best Seller size=A1 (594mm x 840mm)
08:15:50 [warning  ] order.configure_failed         colour=1C (Both) package=5in1 paper=Gloss Art Paper 128gsm - Best Seller size=A1 (594mm x 840mm)
08:16:12 [warning  ] order.configure_failed         colour=1C (Front) package=6in1 paper=Gloss Art Paper 128gsm - Best Seller size=A1 (594mm x 840mm)
08:16:37 [warning  ] order.configure_failed         colour=1C (Both) package=6in1 paper=Gloss Art Paper 128gsm - Best Seller size=A1 (594mm x 840mm)
08:16:37 [info     ] order.recycle_browser          processed=162
08:16:37 [info     ] browser.launched               channel=msedge headless=True
08:17:07 [warning  ] order.configure_failed         colour=1C (Front) package=7in1 paper=Gloss Art Paper 128gsm - Best Seller size=A1 (594mm x 840mm)
08:17:30 [warning  ] order.configure_failed         colour=1C (Both) package=7in1 paper=Gloss Art Paper 128gsm - Best Seller size=A1 (594mm x 840mm)
08:17:52 [warning  ] order.configure_failed         colour=1C (Front) package=8in1 paper=Gloss Art Paper 128gsm - Best Seller size=A1 (594mm x 840mm)
08:18:14 [warning  ] order.configure_failed         colour=1C (Both) package=8in1 paper=Gloss Art Paper 128gsm - Best Seller size=A1 (594mm x 840mm)
08:18:37 [warning  ] order.configure_failed         colour=1C (Front) package=9in1 paper=Gloss Art Paper 128gsm - Best Seller size=A1 (594mm x 840mm)
08:19:00 [warning  ] order.configure_failed         colour=1C (Both) package=9in1 paper=Gloss Art Paper 128gsm - Best Seller size=A1 (594mm x 840mm)
08:19:23 [warning  ] order.configure_failed         colour=1C (Front) package=10in1 paper=Gloss Art Paper 128gsm - Best Seller size=A1 (594mm x 840mm)
08:19:46 [warning  ] order.configure_failed         colour=1C (Both) package=10in1 paper=Gloss Art Paper 128gsm - Best Seller size=A1 (594mm x 840mm)
08:20:11 [warning  ] order.configure_failed         colour=1C (Front) package=2in1 paper=Gloss Art Paper 150gsm - Best Seller size=A1 (594mm x 840mm)
08:20:11 [info     ] order.recycle_browser          processed=171
08:20:11 [info     ] browser.launched               channel=msedge headless=True
08:20:41 [warning  ] order.configure_failed         colour=1C (Both) package=2in1 paper=Gloss Art Paper 150gsm - Best Seller size=A1 (594mm x 840mm)
08:21:05 [warning  ] order.configure_failed         colour=1C (Front) package=3in1 paper=Gloss Art Paper 150gsm - Best Seller size=A1 (594mm x 840mm)
08:21:28 [warning  ] order.configure_failed         colour=1C (Both) package=3in1 paper=Gloss Art Paper 150gsm - Best Seller size=A1 (594mm x 840mm)
08:21:52 [warning  ] order.configure_failed         colour=1C (Front) package=4in1 paper=Gloss Art Paper 150gsm - Best Seller size=A1 (594mm x 840mm)
08:22:14 [warning  ] order.configure_failed         colour=1C (Both) package=4in1 paper=Gloss Art Paper 150gsm - Best Seller size=A1 (594mm x 840mm)
08:22:40 [warning  ] order.configure_failed         colour=1C (Front) package=5in1 paper=Gloss Art Paper 150gsm - Best Seller size=A1 (594mm x 840mm)
08:23:01 [warning  ] order.configure_failed         colour=1C (Both) package=5in1 paper=Gloss Art Paper 150gsm - Best Seller size=A1 (594mm x 840mm)
08:23:22 [warning  ] order.configure_failed         colour=1C (Front) package=6in1 paper=Gloss Art Paper 150gsm - Best Seller size=A1 (594mm x 840mm)
08:23:46 [warning  ] order.configure_failed         colour=1C (Both) package=6in1 paper=Gloss Art Paper 150gsm - Best Seller size=A1 (594mm x 840mm)
08:23:46 [info     ] order.recycle_browser          processed=180
08:23:46 [info     ] browser.launched               channel=msedge headless=True
08:24:17 [warning  ] order.configure_failed         colour=1C (Front) package=7in1 paper=Gloss Art Paper 150gsm - Best Seller size=A1 (594mm x 840mm)
08:24:42 [warning  ] order.configure_failed         colour=1C (Both) package=7in1 paper=Gloss Art Paper 150gsm - Best Seller size=A1 (594mm x 840mm)
08:25:05 [warning  ] order.configure_failed         colour=1C (Front) package=8in1 paper=Gloss Art Paper 150gsm - Best Seller size=A1 (594mm x 840mm)
08:25:29 [warning  ] order.configure_failed         colour=1C (Both) package=8in1 paper=Gloss Art Paper 150gsm - Best Seller size=A1 (594mm x 840mm)
08:25:52 [warning  ] order.configure_failed         colour=1C (Front) package=9in1 paper=Gloss Art Paper 150gsm - Best Seller size=A1 (594mm x 840mm)
08:26:15 [warning  ] order.configure_failed         colour=1C (Both) package=9in1 paper=Gloss Art Paper 150gsm - Best Seller size=A1 (594mm x 840mm)
08:26:36 [warning  ] order.configure_failed         colour=1C (Front) package=10in1 paper=Gloss Art Paper 150gsm - Best Seller size=A1 (594mm x 840mm)
08:26:58 [warning  ] order.configure_failed         colour=1C (Both) package=10in1 paper=Gloss Art Paper 150gsm - Best Seller size=A1 (594mm x 840mm)
08:27:22 [warning  ] order.configure_failed         colour=1C (Front) package=2in1 paper=Matte Art Paper 130gsm - Best Seller size=A1 (594mm x 840mm)
08:27:22 [info     ] order.recycle_browser          processed=189
08:27:22 [info     ] browser.launched               channel=msedge headless=True
08:27:53 [warning  ] order.configure_failed         colour=1C (Both) package=2in1 paper=Matte Art Paper 130gsm - Best Seller size=A1 (594mm x 840mm)
08:28:19 [warning  ] order.configure_failed         colour=1C (Front) package=3in1 paper=Matte Art Paper 130gsm - Best Seller size=A1 (594mm x 840mm)
08:28:43 [warning  ] order.configure_failed         colour=1C (Both) package=3in1 paper=Matte Art Paper 130gsm - Best Seller size=A1 (594mm x 840mm)
08:29:04 [warning  ] order.configure_failed         colour=1C (Front) package=4in1 paper=Matte Art Paper 130gsm - Best Seller size=A1 (594mm x 840mm)
08:29:29 [warning  ] order.configure_failed         colour=1C (Both) package=4in1 paper=Matte Art Paper 130gsm - Best Seller size=A1 (594mm x 840mm)
08:29:52 [warning  ] order.configure_failed         colour=1C (Front) package=5in1 paper=Matte Art Paper 130gsm - Best Seller size=A1 (594mm x 840mm)
08:30:16 [warning  ] order.configure_failed         colour=1C (Both) package=5in1 paper=Matte Art Paper 130gsm - Best Seller size=A1 (594mm x 840mm)
08:30:42 [warning  ] order.configure_failed         colour=1C (Front) package=6in1 paper=Matte Art Paper 130gsm - Best Seller size=A1 (594mm x 840mm)
08:31:06 [warning  ] order.configure_failed         colour=1C (Both) package=6in1 paper=Matte Art Paper 130gsm - Best Seller size=A1 (594mm x 840mm)
08:31:06 [info     ] order.recycle_browser          processed=198
08:31:06 [info     ] browser.launched               channel=msedge headless=True
08:31:36 [warning  ] order.configure_failed         colour=1C (Front) package=7in1 paper=Matte Art Paper 130gsm - Best Seller size=A1 (594mm x 840mm)
08:31:58 [warning  ] order.configure_failed         colour=1C (Both) package=7in1 paper=Matte Art Paper 130gsm - Best Seller size=A1 (594mm x 840mm)
08:32:23 [warning  ] order.configure_failed         colour=1C (Front) package=8in1 paper=Matte Art Paper 130gsm - Best Seller size=A1 (594mm x 840mm)
08:32:47 [warning  ] order.configure_failed         colour=1C (Both) package=8in1 paper=Matte Art Paper 130gsm - Best Seller size=A1 (594mm x 840mm)
08:36:10 [info     ] order.captured                 colour=4C (Front) delivery=98 package=9in1 paper=Matte Art Paper 130gsm - Best Seller quantities=27 size=A1 (594mm x 840mm)
08:39:33 [info     ] order.captured                 colour=4C (Both) delivery=98 package=9in1 paper=Matte Art Paper 130gsm - Best Seller quantities=27 size=A1 (594mm x 840mm)
08:40:01 [warning  ] order.configure_failed         colour=1C (Front) package=9in1 paper=Matte Art Paper 130gsm - Best Seller size=A1 (594mm x 840mm)
08:40:27 [warning  ] order.configure_failed         colour=1C (Both) package=9in1 paper=Matte Art Paper 130gsm - Best Seller size=A1 (594mm x 840mm)
08:43:53 [info     ] order.captured                 colour=4C (Front) delivery=98 package=10in1 paper=Matte Art Paper 130gsm - Best Seller quantities=27 size=A1 (594mm x 840mm)
08:43:53 [info     ] order.recycle_browser          processed=207
08:43:54 [info     ] browser.launched               channel=msedge headless=True
08:47:37 [info     ] order.captured                 colour=4C (Both) delivery=98 package=10in1 paper=Matte Art Paper 130gsm - Best Seller quantities=27 size=A1 (594mm x 840mm)
08:48:05 [warning  ] order.configure_failed         colour=1C (Front) package=10in1 paper=Matte Art Paper 130gsm - Best Seller size=A1 (594mm x 840mm)
08:48:27 [warning  ] order.configure_failed         colour=1C (Both) package=10in1 paper=Matte Art Paper 130gsm - Best Seller size=A1 (594mm x 840mm)
08:53:08 [info     ] order.captured                 colour=4C (Front) delivery=98 package=2in1 paper=Gloss Art Card 250gsm (2 sides coated) - Best Seller quantities=39 size=A1 (594mm x 840mm)
08:53:08 [info     ] order.progress                 done=5 empty=206 error=0
08:57:47 [info     ] order.captured                 colour=4C (Both) delivery=98 package=2in1 paper=Gloss Art Card 250gsm (2 sides coated) - Best Seller quantities=39 size=A1 (594mm x 840mm)
08:58:13 [warning  ] order.configure_failed         colour=1C (Front) package=2in1 paper=Gloss Art Card 250gsm (2 sides coated) - Best Seller size=A1 (594mm x 840mm)
08:58:36 [warning  ] order.configure_failed         colour=1C (Both) package=2in1 paper=Gloss Art Card 250gsm (2 sides coated) - Best Seller size=A1 (594mm x 840mm)
09:03:13 [info     ] order.captured                 colour=4C (Front) delivery=98 package=3in1 paper=Gloss Art Card 250gsm (2 sides coated) - Best Seller quantities=39 size=A1 (594mm x 840mm)
09:07:58 [info     ] order.captured                 colour=4C (Both) delivery=98 package=3in1 paper=Gloss Art Card 250gsm (2 sides coated) - Best Seller quantities=39 size=A1 (594mm x 840mm)
09:07:58 [info     ] order.recycle_browser          processed=216
09:07:58 [info     ] browser.launched               channel=msedge headless=True
09:08:32 [warning  ] order.configure_failed         colour=1C (Front) package=3in1 paper=Gloss Art Card 250gsm (2 sides coated) - Best Seller size=A1 (594mm x 840mm)
09:08:57 [warning  ] order.configure_failed         colour=1C (Both) package=3in1 paper=Gloss Art Card 250gsm (2 sides coated) - Best Seller size=A1 (594mm x 840mm)
09:13:38 [info     ] order.captured                 colour=4C (Front) delivery=98 package=4in1 paper=Gloss Art Card 250gsm (2 sides coated) - Best Seller quantities=39 size=A1 (594mm x 840mm)
09:18:20 [info     ] order.captured                 colour=4C (Both) delivery=98 package=4in1 paper=Gloss Art Card 250gsm (2 sides coated) - Best Seller quantities=39 size=A1 (594mm x 840mm)
09:18:20 [info     ] order.progress                 done=10 empty=210 error=0
09:18:45 [warning  ] order.configure_failed         colour=1C (Front) package=4in1 paper=Gloss Art Card 250gsm (2 sides coated) - Best Seller size=A1 (594mm x 840mm)
09:18:45 [info     ] order.progress                 done=10 empty=211 error=0
09:19:11 [warning  ] order.configure_failed         colour=1C (Both) package=4in1 paper=Gloss Art Card 250gsm (2 sides coated) - Best Seller size=A1 (594mm x 840mm)
09:19:11 [info     ] order.progress                 done=10 empty=212 error=0
09:24:01 [info     ] order.captured                 colour=4C (Front) delivery=98 package=5in1 paper=Gloss Art Card 250gsm (2 sides coated) - Best Seller quantities=39 size=A1 (594mm x 840mm)
09:27:05 [error    ] order.error                    error=TimeoutError('Locator.check: Timeout 30000ms exceeded.\nCall log:\n  - waiting for locator("input[name=\'ctl00$mainContent$order_spec_controller1$order_spec_sta
09:27:05 [info     ] browser.launched               channel=msedge headless=True
09:27:36 [warning  ] order.relaunch_retry           attempt=0 error=TimeoutError('Page.goto: Timeout 30000ms exceeded.\nCall log:\n  - navigating to "https://www.excard.com.my/spec/Litho/L retry_in_s=15
09:27:51 [info     ] browser.launched               channel=msedge headless=True
09:28:21 [warning  ] order.relaunch_retry           attempt=1 error=TimeoutError('Page.goto: Timeout 30000ms exceeded.\nCall log:\n  - navigating to "https://www.excard.com.my/spec/Litho/L retry_in_s=30
09:28:52 [info     ] browser.launched               channel=msedge headless=True
09:29:22 [warning  ] order.relaunch_retry           attempt=2 error=TimeoutError('Page.goto: Timeout 30000ms exceeded.\nCall log:\n  - navigating to "https://www.excard.com.my/spec/Litho/L retry_in_s=45
09:30:07 [info     ] browser.launched               channel=msedge headless=True
09:30:38 [warning  ] order.relaunch_retry           attempt=3 error=TimeoutError('Page.goto: Timeout 30000ms exceeded.\nCall log:\n  - navigating to "https://www.excard.com.my/spec/Litho/L retry_in_s=60
09:31:38 [info     ] browser.launched               channel=msedge headless=True
09:32:08 [warning  ] order.relaunch_retry           attempt=4 error=TimeoutError('Page.goto: Timeout 30000ms exceeded.\nCall log:\n  - navigating to "https://www.excard.com.my/spec/Litho/L retry_in_s=75
09:33:23 [info     ] browser.launched               channel=msedge headless=True
09:33:29 [info     ] order.relaunch_recovered       after_attempts=5
09:38:19 [info     ] order.captured                 colour=4C (Both) delivery=98 package=5in1 paper=Gloss Art Card 250gsm (2 sides coated) - Best Seller quantities=39 size=A1 (594mm x 840mm)
09:38:19 [info     ] order.recycle_browser          processed=225
09:38:20 [info     ] browser.launched               channel=msedge headless=True
09:38:54 [warning  ] order.configure_failed         colour=1C (Front) package=5in1 paper=Gloss Art Card 250gsm (2 sides coated) - Best Seller size=A1 (594mm x 840mm)
09:39:17 [warning  ] order.configure_failed         colour=1C (Both) package=5in1 paper=Gloss Art Card 250gsm (2 sides coated) - Best Seller size=A1 (594mm x 840mm)
09:44:04 [info     ] order.captured                 colour=4C (Front) delivery=98 package=6in1 paper=Gloss Art Card 250gsm (2 sides coated) - Best Seller quantities=39 size=A1 (594mm x 840mm)
09:44:31 [warning  ] order.configure_failed         colour=1C (Front) package=Normal paper=Gloss Art Paper 100gsm - Best Seller size=A1 (594mm x 840mm)
09:44:56 [warning  ] order.configure_failed         colour=1C (Both) package=Normal paper=Matte Art Paper 130gsm - Best Seller size=A2 (420mm x 594mm)
09:49:47 [info     ] order.captured                 colour=4C (Both) delivery=98 package=6in1 paper=Gloss Art Card 250gsm (2 sides coated) - Best Seller quantities=39 size=A1 (594mm x 840mm)
09:50:15 [warning  ] order.configure_failed         colour=1C (Front) package=6in1 paper=Gloss Art Card 250gsm (2 sides coated) - Best Seller size=A1 (594mm x 840mm)
09:50:36 [warning  ] order.configure_failed         colour=1C (Both) package=6in1 paper=Gloss Art Card 250gsm (2 sides coated) - Best Seller size=A1 (594mm x 840mm)
09:55:27 [info     ] order.captured                 colour=4C (Front) delivery=98 package=7in1 paper=Gloss Art Card 250gsm (2 sides coated) - Best Seller quantities=39 size=A1 (594mm x 840mm)
09:55:27 [info     ] order.progress                 done=15 empty=218 error=1
09:55:27 [info     ] order.recycle_browser          processed=234
09:55:27 [info     ] browser.launched               channel=msedge headless=True
10:00:21 [info     ] browser.launched               channel=msedge headless=True
10:00:23 [warning  ] order.session_unusable_reloging_in
10:00:23 [info     ] login.start                    url=https://www.excard.com.my/login
10:00:33 [info     ] order.captured                 colour=4C (Both) delivery=98 package=7in1 paper=Gloss Art Card 250gsm (2 sides coated) - Best Seller quantities=39 size=A1 (594mm x 840mm)
10:00:44 [info     ] login.result                   ok=True url=https://www.excard.com.my/home-member
10:00:44 [info     ] order.crawl_start              workers=1
10:01:05 [warning  ] order.configure_failed         colour=1C (Front) package=7in1 paper=Gloss Art Card 250gsm (2 sides coated) - Best Seller size=A1 (594mm x 840mm)
10:01:33 [warning  ] order.configure_failed         colour=1C (Both) package=7in1 paper=Gloss Art Card 250gsm (2 sides coated) - Best Seller size=A1 (594mm x 840mm)
10:03:14 [info     ] order.captured                 colour=4C (Front) delivery=98 package=2in1 paper=Simili 80gsm - Best Seller quantities=20 size=A2 (420mm x 594mm)
10:05:54 [info     ] order.captured                 colour=4C (Both) delivery=98 package=2in1 paper=Simili 80gsm - Best Seller quantities=20 size=A2 (420mm x 594mm)
10:06:43 [info     ] order.captured                 colour=4C (Front) delivery=98 package=8in1 paper=Gloss Art Card 250gsm (2 sides coated) - Best Seller quantities=39 size=A1 (594mm x 840mm)
10:08:48 [info     ] order.captured                 colour=1C (Front) delivery=98 package=2in1 paper=Simili 80gsm - Best Seller quantities=20 size=A2 (420mm x 594mm)
10:10:05 [info     ] browser.launched               channel=msedge headless=True
10:10:07 [warning  ] order.session_unusable_reloging_in
10:10:07 [info     ] login.start                    url=https://www.excard.com.my/login
10:10:21 [info     ] login.result                   ok=True url=https://www.excard.com.my/home-member
10:10:21 [info     ] order.crawl_start              workers=1
10:12:39 [info     ] order.captured                 colour=1C (Both) delivery=98 package=2in1 paper=Simili 80gsm - Best Seller quantities=21 size=A2 (420mm x 594mm)
10:15:03 [info     ] order.captured                 colour=4C (Front) delivery=98 package=3in1 paper=Simili 80gsm - Best Seller quantities=21 size=A2 (420mm x 594mm)
10:17:26 [info     ] order.captured                 colour=4C (Both) delivery=98 package=3in1 paper=Simili 80gsm - Best Seller quantities=20 size=A2 (420mm x 594mm)
10:20:32 [info     ] order.captured                 colour=1C (Front) delivery=98 package=3in1 paper=Simili 80gsm - Best Seller quantities=36 size=A2 (420mm x 594mm)
10:23:37 [info     ] order.captured                 colour=1C (Both) delivery=98 package=3in1 paper=Simili 80gsm - Best Seller quantities=36 size=A2 (420mm x 594mm)
10:23:37 [info     ] order.progress                 done=5 empty=0 error=0
10:26:41 [info     ] order.captured                 colour=4C (Front) delivery=98 package=4in1 paper=Simili 80gsm - Best Seller quantities=36 size=A2 (420mm x 594mm)
10:29:03 [info     ] order.captured                 colour=4C (Both) delivery=98 package=4in1 paper=Simili 80gsm - Best Seller quantities=20 size=A2 (420mm x 594mm)
10:32:09 [info     ] order.captured                 colour=1C (Front) delivery=98 package=4in1 paper=Simili 80gsm - Best Seller quantities=36 size=A2 (420mm x 594mm)
10:35:12 [info     ] order.captured                 colour=1C (Both) delivery=98 package=4in1 paper=Simili 80gsm - Best Seller quantities=36 size=A2 (420mm x 594mm)
10:35:12 [info     ] order.recycle_browser          processed=9
10:35:13 [info     ] browser.launched               channel=msedge headless=True
10:38:24 [info     ] order.captured                 colour=4C (Front) delivery=98 package=5in1 paper=Simili 80gsm - Best Seller quantities=36 size=A2 (420mm x 594mm)
10:38:24 [info     ] order.progress                 done=10 empty=0 error=0
10:41:09 [info     ] browser.launched               channel=msedge headless=True
10:41:16 [info     ] order.crawl_start              workers=1
10:41:23 [info     ] order.captured                 colour=4C (Both) delivery=98 package=5in1 paper=Simili 80gsm - Best Seller quantities=35 size=A2 (420mm x 594mm)
10:46:08 [info     ] order.captured                 colour=1C (Front) delivery=98 package=5in1 paper=Simili 80gsm - Best Seller quantities=36 size=A2 (420mm x 594mm)
10:47:00 [info     ] order.captured                 colour=1C (Both) delivery=98 package=5in1 paper=Simili 80gsm - Best Seller quantities=36 size=A2 (420mm x 594mm)
10:49:29 [info     ] order.captured                 colour=4C (Front) delivery=98 package=2in1 paper=Simili 100gsm - Best Seller quantities=21 size=A2 (420mm x 594mm)
10:52:51 [info     ] order.captured                 colour=4C (Both) delivery=98 package=2in1 paper=Simili 100gsm - Best Seller quantities=36 size=A2 (420mm x 594mm)
10:54:26 [info     ] order.captured                 colour=1C (Front) delivery=98 package=2in1 paper=Simili 100gsm - Best Seller quantities=36 size=A2 (420mm x 594mm)
10:57:19 [info     ] order.captured                 colour=4C (Front) delivery=98 package=3in1 paper=Simili 100gsm - Best Seller quantities=20 size=A2 (420mm x 594mm)
10:59:24 [info     ] order.captured                 colour=1C (Both) delivery=98 package=2in1 paper=Simili 100gsm - Best Seller quantities=36 size=A2 (420mm x 594mm)
11:02:20 [info     ] order.captured                 colour=4C (Both) delivery=98 package=3in1 paper=Simili 100gsm - Best Seller quantities=36 size=A2 (420mm x 594mm)
11:02:20 [info     ] order.progress                 done=5 empty=0 error=0
11:05:15 [info     ] order.captured                 colour=1C (Front) delivery=98 package=3in1 paper=Simili 100gsm - Best Seller quantities=36 size=A2 (420mm x 594mm)
11:05:15 [info     ] order.progress                 done=15 empty=0 error=0
11:06:50 [info     ] order.captured                 colour=1C (Both) delivery=98 package=3in1 paper=Simili 100gsm - Best Seller quantities=36 size=A2 (420mm x 594mm)
11:10:17 [info     ] order.captured                 colour=4C (Front) delivery=98 package=4in1 paper=Simili 100gsm - Best Seller quantities=20 size=A2 (420mm x 594mm)
11:12:47 [info     ] order.captured                 colour=4C (Both) delivery=98 package=4in1 paper=Simili 100gsm - Best Seller quantities=36 size=A2 (420mm x 594mm)
11:15:06 [error    ] order.error                    error=TimeoutError('Locator.check: Timeout 30000ms exceeded.\nCall log:\n  - waiting for locator("input[name=\'ctl00$mainContent$order_spec_controller1$order_spec_sta
11:15:06 [info     ] browser.launched               channel=msedge headless=True
11:15:07 [error    ] order.error                    error=TimeoutError('Locator.check: Timeout 30000ms exceeded.\nCall log:\n  - waiting for locator("input[name=\'ctl00$mainContent$order_spec_controller1$order_spec_sta
11:15:07 [info     ] browser.launched               channel=msedge headless=True
11:15:37 [warning  ] order.relaunch_retry           attempt=0 error=TimeoutError('Page.goto: Timeout 30000ms exceeded.\nCall log:\n  - navigating to "https://www.excard.com.my/spec/Litho/L retry_in_s=15
11:15:38 [warning  ] order.relaunch_retry           attempt=0 error=TimeoutError('Page.goto: Timeout 30000ms exceeded.\nCall log:\n  - navigating to "https://www.excard.com.my/spec/Litho/L retry_in_s=15
11:15:52 [info     ] browser.launched               channel=msedge headless=True
11:15:53 [info     ] browser.launched               channel=msedge headless=True
11:16:22 [warning  ] order.relaunch_retry           attempt=1 error=TimeoutError('Page.goto: Timeout 30000ms exceeded.\nCall log:\n  - navigating to "https://www.excard.com.my/spec/Litho/L retry_in_s=30
11:16:24 [warning  ] order.relaunch_retry           attempt=1 error=TimeoutError('Page.goto: Timeout 30000ms exceeded.\nCall log:\n  - navigating to "https://www.excard.com.my/spec/Litho/L retry_in_s=30
11:16:52 [info     ] browser.launched               channel=msedge headless=True
11:16:54 [info     ] browser.launched               channel=msedge headless=True
11:17:23 [warning  ] order.relaunch_retry           attempt=2 error=TimeoutError('Page.goto: Timeout 30000ms exceeded.\nCall log:\n  - navigating to "https://www.excard.com.my/spec/Litho/L retry_in_s=45
11:17:24 [warning  ] order.relaunch_retry           attempt=2 error=TimeoutError('Page.goto: Timeout 30000ms exceeded.\nCall log:\n  - navigating to "https://www.excard.com.my/spec/Litho/L retry_in_s=45
11:18:08 [info     ] browser.launched               channel=msedge headless=True
11:18:10 [info     ] browser.launched               channel=msedge headless=True
11:18:39 [warning  ] order.relaunch_retry           attempt=3 error=TimeoutError('Page.goto: Timeout 30000ms exceeded.\nCall log:\n  - navigating to "https://www.excard.com.my/spec/Litho/L retry_in_s=60
11:18:40 [warning  ] order.relaunch_retry           attempt=3 error=TimeoutError('Page.goto: Timeout 30000ms exceeded.\nCall log:\n  - navigating to "https://www.excard.com.my/spec/Litho/L retry_in_s=60
11:19:39 [info     ] browser.launched               channel=msedge headless=True
11:19:40 [info     ] browser.launched               channel=msedge headless=True
11:20:09 [warning  ] order.relaunch_retry           attempt=4 error=TimeoutError('Page.goto: Timeout 30000ms exceeded.\nCall log:\n  - navigating to "https://www.excard.com.my/spec/Litho/L retry_in_s=75
11:20:11 [warning  ] order.relaunch_retry           attempt=4 error=TimeoutError('Page.goto: Timeout 30000ms exceeded.\nCall log:\n  - navigating to "https://www.excard.com.my/spec/Litho/L retry_in_s=75
11:21:24 [info     ] browser.launched               channel=msedge headless=True
11:21:26 [info     ] browser.launched               channel=msedge headless=True
11:21:55 [warning  ] order.relaunch_retry           attempt=5 error=TimeoutError('Page.goto: Timeout 30000ms exceeded.\nCall log:\n  - navigating to "https://www.excard.com.my/spec/Litho/L retry_in_s=90
11:21:57 [warning  ] order.relaunch_retry           attempt=5 error=TimeoutError('Page.goto: Timeout 30000ms exceeded.\nCall log:\n  - navigating to "https://www.excard.com.my/spec/Litho/L retry_in_s=90
11:23:25 [info     ] browser.launched               channel=msedge headless=True
11:23:27 [info     ] browser.launched               channel=msedge headless=True
11:23:56 [warning  ] order.relaunch_retry           attempt=6 error=TimeoutError('Page.goto: Timeout 30000ms exceeded.\nCall log:\n  - navigating to "https://www.excard.com.my/spec/Litho/L retry_in_s=105
11:23:57 [warning  ] order.relaunch_retry           attempt=6 error=TimeoutError('Page.goto: Timeout 30000ms exceeded.\nCall log:\n  - navigating to "https://www.excard.com.my/spec/Litho/L retry_in_s=105
11:25:41 [info     ] browser.launched               channel=msedge headless=True
11:25:42 [info     ] browser.launched               channel=msedge headless=True
11:26:11 [warning  ] order.relaunch_retry           attempt=7 error=TimeoutError('Page.goto: Timeout 30000ms exceeded.\nCall log:\n  - navigating to "https://www.excard.com.my/spec/Litho/L retry_in_s=120
11:26:13 [warning  ] order.relaunch_retry           attempt=7 error=TimeoutError('Page.goto: Timeout 30000ms exceeded.\nCall log:\n  - navigating to "https://www.excard.com.my/spec/Litho/L retry_in_s=120
11:28:12 [info     ] browser.launched               channel=msedge headless=True
11:28:13 [info     ] browser.launched               channel=msedge headless=True
11:28:42 [warning  ] order.relaunch_retry           attempt=8 error=TimeoutError('Page.goto: Timeout 30000ms exceeded.\nCall log:\n  - navigating to "https://www.excard.com.my/spec/Litho/L retry_in_s=120
11:28:44 [warning  ] order.relaunch_retry           attempt=8 error=TimeoutError('Page.goto: Timeout 30000ms exceeded.\nCall log:\n  - navigating to "https://www.excard.com.my/spec/Litho/L retry_in_s=120
11:30:42 [info     ] browser.launched               channel=msedge headless=True
11:30:44 [info     ] browser.launched               channel=msedge headless=True
11:31:13 [warning  ] order.relaunch_retry           attempt=9 error=TimeoutError('Page.goto: Timeout 30000ms exceeded.\nCall log:\n  - navigating to "https://www.excard.com.my/spec/Litho/L retry_in_s=120
11:31:15 [warning  ] order.relaunch_retry           attempt=9 error=TimeoutError('Page.goto: Timeout 30000ms exceeded.\nCall log:\n  - navigating to "https://www.excard.com.my/spec/Litho/L retry_in_s=120
11:33:13 [info     ] browser.launched               channel=msedge headless=True
11:33:15 [info     ] browser.launched               channel=msedge headless=True
11:33:44 [warning  ] order.relaunch_retry           attempt=10 error=TimeoutError('Page.goto: Timeout 30000ms exceeded.\nCall log:\n  - navigating to "https://www.excard.com.my/spec/Litho/L retry_in_s=120
11:33:45 [warning  ] order.relaunch_retry           attempt=10 error=TimeoutError('Page.goto: Timeout 30000ms exceeded.\nCall log:\n  - navigating to "https://www.excard.com.my/spec/Litho/L retry_in_s=120
11:35:44 [info     ] browser.launched               channel=msedge headless=True
11:35:46 [info     ] browser.launched               channel=msedge headless=True
11:35:53 [info     ] order.relaunch_recovered       after_attempts=11
11:35:54 [info     ] order.relaunch_recovered       after_attempts=11
11:37:44 [info     ] browser.launched               channel=msedge headless=True
11:37:44 [info     ] login.start                    url=https://www.excard.com.my/login
11:37:59 [info     ] login.result                   ok=True url=https://www.excard.com.my/home-member
11:39:43 [info     ] browser.launched               channel=msedge headless=True
11:39:47 [warning  ] order.session_unusable_reloging_in
11:39:47 [info     ] login.start                    url=https://www.excard.com.my/login
11:40:04 [info     ] login.result                   ok=True url=https://www.excard.com.my/home-member
11:40:04 [info     ] order.crawl_start              workers=1
11:43:00 [info     ] order.captured                 colour=1C (Front) delivery=98 package=4in1 paper=Simili 100gsm - Best Seller quantities=20 size=A2 (420mm x 594mm)
11:44:15 [error    ] order.error                    error=TargetClosedError('Locator.count: Target page, context or browser has been closed')
11:44:17 [info     ] browser.launched               channel=msedge headless=True
11:44:24 [info     ] order.crawl_start              workers=1
11:47:23 [error    ] order.error                    error=TargetClosedError('Locator.check: Target page, context or browser has been closed\nCall log:\n  - waiting for locator("input[name=\'ctl00$mainContent$order_spec
11:50:58 [info     ] browser.launched               channel=msedge headless=True
11:51:03 [warning  ] order.session_unusable_reloging_in
11:51:03 [info     ] login.start                    url=https://www.excard.com.my/login
11:51:21 [info     ] login.result                   ok=True url=https://www.excard.com.my/home-member
11:51:22 [info     ] order.crawl_start              workers=1
11:54:24 [info     ] order.captured                 colour=1C (Both) delivery=98 package=4in1 paper=Simili 100gsm - Best Seller quantities=20 size=A2 (420mm x 594mm)
11:57:42 [info     ] order.captured                 colour=4C (Front) delivery=98 package=5in1 paper=Simili 100gsm - Best Seller quantities=20 size=A2 (420mm x 594mm)
12:00:07 [error    ] order.error                    error=TargetClosedError('Locator.check: Target page, context or browser has been closed\nCall log:\n  - waiting for locator("input[name=\'ctl00$mainContent$order_spec
12:21:37 [info     ] browser.launched               channel=msedge headless=True
12:21:45 [info     ] order.crawl_start              workers=1
12:24:10 [info     ] order.captured                 colour=4C (Both) delivery=98 package=5in1 paper=Simili 100gsm - Best Seller quantities=20 size=A2 (420mm x 594mm)
12:26:59 [info     ] order.captured                 colour=1C (Front) delivery=98 package=5in1 paper=Simili 100gsm - Best Seller quantities=20 size=A2 (420mm x 594mm)
12:29:49 [info     ] order.captured                 colour=1C (Both) delivery=98 package=5in1 paper=Simili 100gsm - Best Seller quantities=20 size=A2 (420mm x 594mm)
12:32:16 [info     ] order.captured                 colour=4C (Front) delivery=98 package=2in1 paper=Simili 140gsm - Best Seller quantities=20 size=A2 (420mm x 594mm)
12:34:42 [info     ] order.captured                 colour=4C (Both) delivery=98 package=2in1 paper=Simili 140gsm - Best Seller quantities=20 size=A2 (420mm x 594mm)
12:34:42 [info     ] order.progress                 done=5 empty=0 error=0
12:35:03 [warning  ] order.configure_failed         colour=1C (Front) package=2in1 paper=Simili 140gsm - Best Seller size=A2 (420mm x 594mm)
12:35:03 [info     ] order.progress                 done=5 empty=1 error=0
12:35:21 [warning  ] order.configure_failed         colour=1C (Both) package=2in1 paper=Simili 140gsm - Best Seller size=A2 (420mm x 594mm)
12:35:21 [info     ] order.progress                 done=5 empty=2 error=0
12:37:48 [info     ] order.captured                 colour=4C (Front) delivery=98 package=3in1 paper=Simili 140gsm - Best Seller quantities=20 size=A2 (420mm x 594mm)
12:40:16 [info     ] order.captured                 colour=4C (Both) delivery=98 package=3in1 paper=Simili 140gsm - Best Seller quantities=20 size=A2 (420mm x 594mm)
12:40:16 [info     ] order.recycle_browser          processed=9
12:40:17 [info     ] browser.launched               channel=msedge headless=True
12:40:44 [warning  ] order.configure_failed         colour=1C (Front) package=3in1 paper=Simili 140gsm - Best Seller size=A2 (420mm x 594mm)
12:41:00 [warning  ] order.configure_failed         colour=1C (Both) package=3in1 paper=Simili 140gsm - Best Seller size=A2 (420mm x 594mm)
12:43:24 [info     ] order.captured                 colour=4C (Front) delivery=98 package=4in1 paper=Simili 140gsm - Best Seller quantities=20 size=A2 (420mm x 594mm)
12:45:56 [info     ] order.captured                 colour=4C (Both) delivery=98 package=4in1 paper=Simili 140gsm - Best Seller quantities=20 size=A2 (420mm x 594mm)
12:46:13 [warning  ] order.configure_failed         colour=1C (Front) package=4in1 paper=Simili 140gsm - Best Seller size=A2 (420mm x 594mm)
12:46:30 [warning  ] order.configure_failed         colour=1C (Both) package=4in1 paper=Simili 140gsm - Best Seller size=A2 (420mm x 594mm)
12:49:01 [info     ] order.captured                 colour=4C (Front) delivery=98 package=5in1 paper=Simili 140gsm - Best Seller quantities=20 size=A2 (420mm x 594mm)
12:49:01 [info     ] order.progress                 done=10 empty=6 error=0
12:51:45 [info     ] order.captured                 colour=4C (Both) delivery=98 package=5in1 paper=Simili 140gsm - Best Seller quantities=20 size=A2 (420mm x 594mm)
12:52:05 [warning  ] order.configure_failed         colour=1C (Front) package=5in1 paper=Simili 140gsm - Best Seller size=A2 (420mm x 594mm)
12:52:05 [info     ] order.recycle_browser          processed=18
12:52:05 [info     ] browser.launched               channel=msedge headless=True
12:54:12 [info     ] order.captured                 colour=1C (Both) delivery=98 package=5in1 paper=Simili 140gsm - Best Seller quantities=20 size=A2 (420mm x 594mm)
12:56:46 [info     ] order.captured                 colour=4C (Front) delivery=98 package=2in1 paper=Gloss Art Paper 100gsm - Best Seller quantities=20 size=A2 (420mm x 594mm)
12:59:13 [info     ] order.captured                 colour=4C (Both) delivery=98 package=2in1 paper=Gloss Art Paper 100gsm - Best Seller quantities=20 size=A2 (420mm x 594mm)
12:59:33 [warning  ] order.configure_failed         colour=1C (Front) package=2in1 paper=Gloss Art Paper 100gsm - Best Seller size=A2 (420mm x 594mm)
12:59:50 [warning  ] order.configure_failed         colour=1C (Both) package=2in1 paper=Gloss Art Paper 100gsm - Best Seller size=A2 (420mm x 594mm)
13:02:14 [info     ] order.captured                 colour=4C (Front) delivery=98 package=3in1 paper=Gloss Art Paper 100gsm - Best Seller quantities=20 size=A2 (420mm x 594mm)
13:02:14 [info     ] order.progress                 done=15 empty=9 error=0
13:04:48 [info     ] order.captured                 colour=4C (Both) delivery=98 package=3in1 paper=Gloss Art Paper 100gsm - Best Seller quantities=20 size=A2 (420mm x 594mm)
13:05:09 [warning  ] order.configure_failed         colour=1C (Front) package=3in1 paper=Gloss Art Paper 100gsm - Best Seller size=A2 (420mm x 594mm)
13:05:26 [warning  ] order.configure_failed         colour=1C (Both) package=3in1 paper=Gloss Art Paper 100gsm - Best Seller size=A2 (420mm x 594mm)
13:05:26 [info     ] order.recycle_browser          processed=27
13:05:26 [info     ] browser.launched               channel=msedge headless=True
13:08:06 [info     ] order.captured                 colour=4C (Front) delivery=98 package=4in1 paper=Gloss Art Paper 100gsm - Best Seller quantities=20 size=A2 (420mm x 594mm)
13:10:37 [info     ] order.captured                 colour=4C (Both) delivery=98 package=4in1 paper=Gloss Art Paper 100gsm - Best Seller quantities=20 size=A2 (420mm x 594mm)
13:10:55 [warning  ] order.configure_failed         colour=1C (Front) package=4in1 paper=Gloss Art Paper 100gsm - Best Seller size=A2 (420mm x 594mm)
13:13:01 [info     ] order.captured                 colour=1C (Both) delivery=98 package=4in1 paper=Gloss Art Paper 100gsm - Best Seller quantities=20 size=A2 (420mm x 594mm)
13:15:38 [info     ] order.captured                 colour=4C (Front) delivery=98 package=5in1 paper=Gloss Art Paper 100gsm - Best Seller quantities=20 size=A2 (420mm x 594mm)
13:15:38 [info     ] order.progress                 done=20 empty=12 error=0
13:18:11 [info     ] order.captured                 colour=4C (Both) delivery=98 package=5in1 paper=Gloss Art Paper 100gsm - Best Seller quantities=20 size=A2 (420mm x 594mm)
13:18:29 [warning  ] order.configure_failed         colour=1C (Front) package=5in1 paper=Gloss Art Paper 100gsm - Best Seller size=A2 (420mm x 594mm)
13:18:45 [warning  ] order.configure_failed         colour=1C (Both) package=5in1 paper=Gloss Art Paper 100gsm - Best Seller size=A2 (420mm x 594mm)
13:21:12 [info     ] order.captured                 colour=4C (Front) delivery=98 package=2in1 paper=Gloss Art Paper 128gsm - Best Seller quantities=20 size=A2 (420mm x 594mm)
13:21:12 [info     ] order.recycle_browser          processed=36
13:21:12 [info     ] browser.launched               channel=msedge headless=True
13:23:55 [info     ] order.captured                 colour=4C (Both) delivery=98 package=2in1 paper=Gloss Art Paper 128gsm - Best Seller quantities=20 size=A2 (420mm x 594mm)
13:24:15 [warning  ] order.configure_failed         colour=1C (Front) package=2in1 paper=Gloss Art Paper 128gsm - Best Seller size=A2 (420mm x 594mm)
13:24:33 [warning  ] order.configure_failed         colour=1C (Both) package=2in1 paper=Gloss Art Paper 128gsm - Best Seller size=A2 (420mm x 594mm)
13:27:13 [info     ] order.captured                 colour=4C (Front) delivery=98 package=3in1 paper=Gloss Art Paper 128gsm - Best Seller quantities=20 size=A2 (420mm x 594mm)
13:29:56 [info     ] order.captured                 colour=4C (Both) delivery=98 package=3in1 paper=Gloss Art Paper 128gsm - Best Seller quantities=20 size=A2 (420mm x 594mm)
13:29:56 [info     ] order.progress                 done=25 empty=16 error=0
13:30:19 [warning  ] order.configure_failed         colour=1C (Front) package=3in1 paper=Gloss Art Paper 128gsm - Best Seller size=A2 (420mm x 594mm)
13:30:19 [info     ] order.progress                 done=25 empty=17 error=0
13:30:42 [warning  ] order.configure_failed         colour=1C (Both) package=3in1 paper=Gloss Art Paper 128gsm - Best Seller size=A2 (420mm x 594mm)
13:30:42 [info     ] order.progress                 done=25 empty=18 error=0
13:33:23 [info     ] order.captured                 colour=4C (Front) delivery=98 package=4in1 paper=Gloss Art Paper 128gsm - Best Seller quantities=20 size=A2 (420mm x 594mm)
13:36:10 [info     ] order.captured                 colour=4C (Both) delivery=98 package=4in1 paper=Gloss Art Paper 128gsm - Best Seller quantities=20 size=A2 (420mm x 594mm)
13:36:10 [info     ] order.recycle_browser          processed=45
13:36:11 [info     ] browser.launched               channel=msedge headless=True
13:36:41 [warning  ] order.configure_failed         colour=1C (Front) package=4in1 paper=Gloss Art Paper 128gsm - Best Seller size=A2 (420mm x 594mm)
13:37:02 [warning  ] order.configure_failed         colour=1C (Both) package=4in1 paper=Gloss Art Paper 128gsm - Best Seller size=A2 (420mm x 594mm)
13:39:43 [info     ] order.captured                 colour=4C (Front) delivery=98 package=5in1 paper=Gloss Art Paper 128gsm - Best Seller quantities=20 size=A2 (420mm x 594mm)
13:42:33 [info     ] order.captured                 colour=4C (Both) delivery=98 package=5in1 paper=Gloss Art Paper 128gsm - Best Seller quantities=20 size=A2 (420mm x 594mm)
13:42:58 [warning  ] order.configure_failed         colour=1C (Front) package=5in1 paper=Gloss Art Paper 128gsm - Best Seller size=A2 (420mm x 594mm)
13:43:19 [warning  ] order.configure_failed         colour=1C (Both) package=5in1 paper=Gloss Art Paper 128gsm - Best Seller size=A2 (420mm x 594mm)
13:45:56 [info     ] order.captured                 colour=4C (Front) delivery=98 package=2in1 paper=Gloss Art Paper 150gsm - Best Seller quantities=20 size=A2 (420mm x 594mm)
13:45:56 [info     ] order.progress                 done=30 empty=22 error=0
13:48:29 [info     ] order.captured                 colour=4C (Both) delivery=98 package=2in1 paper=Gloss Art Paper 150gsm - Best Seller quantities=20 size=A2 (420mm x 594mm)
13:48:53 [warning  ] order.configure_failed         colour=1C (Front) package=2in1 paper=Gloss Art Paper 150gsm - Best Seller size=A2 (420mm x 594mm)
13:48:53 [info     ] order.recycle_browser          processed=54
13:48:54 [info     ] browser.launched               channel=msedge headless=True
13:49:24 [warning  ] order.configure_failed         colour=1C (Both) package=2in1 paper=Gloss Art Paper 150gsm - Best Seller size=A2 (420mm x 594mm)
13:52:00 [info     ] order.captured                 colour=4C (Front) delivery=98 package=3in1 paper=Gloss Art Paper 150gsm - Best Seller quantities=20 size=A2 (420mm x 594mm)
13:54:43 [info     ] order.captured                 colour=4C (Both) delivery=98 package=3in1 paper=Gloss Art Paper 150gsm - Best Seller quantities=20 size=A2 (420mm x 594mm)
13:55:07 [warning  ] order.configure_failed         colour=1C (Front) package=3in1 paper=Gloss Art Paper 150gsm - Best Seller size=A2 (420mm x 594mm)
13:55:27 [warning  ] order.configure_failed         colour=1C (Both) package=3in1 paper=Gloss Art Paper 150gsm - Best Seller size=A2 (420mm x 594mm)
13:58:10 [info     ] order.captured                 colour=4C (Front) delivery=98 package=4in1 paper=Gloss Art Paper 150gsm - Best Seller quantities=20 size=A2 (420mm x 594mm)
14:00:52 [info     ] order.captured                 colour=4C (Both) delivery=98 package=4in1 paper=Gloss Art Paper 150gsm - Best Seller quantities=20 size=A2 (420mm x 594mm)
14:00:52 [info     ] order.progress                 done=35 empty=26 error=0
14:01:11 [warning  ] order.configure_failed         colour=1C (Front) package=4in1 paper=Gloss Art Paper 150gsm - Best Seller size=A2 (420mm x 594mm)
14:01:11 [info     ] order.progress                 done=35 empty=27 error=0
14:01:29 [warning  ] order.configure_failed         colour=1C (Both) package=4in1 paper=Gloss Art Paper 150gsm - Best Seller size=A2 (420mm x 594mm)
14:01:29 [info     ] order.progress                 done=35 empty=28 error=0
14:01:29 [info     ] order.recycle_browser          processed=63
14:01:29 [info     ] browser.launched               channel=msedge headless=True
14:04:11 [info     ] order.captured                 colour=4C (Front) delivery=98 package=5in1 paper=Gloss Art Paper 150gsm - Best Seller quantities=20 size=A2 (420mm x 594mm)
14:07:09 [info     ] order.captured                 colour=4C (Both) delivery=98 package=5in1 paper=Gloss Art Paper 150gsm - Best Seller quantities=20 size=A2 (420mm x 594mm)
14:07:34 [warning  ] order.configure_failed         colour=1C (Front) package=5in1 paper=Gloss Art Paper 150gsm - Best Seller size=A2 (420mm x 594mm)
14:07:58 [warning  ] order.configure_failed         colour=1C (Both) package=5in1 paper=Gloss Art Paper 150gsm - Best Seller size=A2 (420mm x 594mm)
14:10:41 [info     ] order.captured                 colour=4C (Front) delivery=98 package=2in1 paper=Matte Art Paper 130gsm - Best Seller quantities=20 size=A2 (420mm x 594mm)
14:13:29 [info     ] order.captured                 colour=4C (Both) delivery=98 package=2in1 paper=Matte Art Paper 130gsm - Best Seller quantities=20 size=A2 (420mm x 594mm)
14:13:56 [warning  ] order.configure_failed         colour=1C (Front) package=2in1 paper=Matte Art Paper 130gsm - Best Seller size=A2 (420mm x 594mm)
14:14:20 [warning  ] order.configure_failed         colour=1C (Both) package=2in1 paper=Matte Art Paper 130gsm - Best Seller size=A2 (420mm x 594mm)
14:17:08 [info     ] order.captured                 colour=4C (Front) delivery=98 package=3in1 paper=Matte Art Paper 130gsm - Best Seller quantities=20 size=A2 (420mm x 594mm)
14:17:08 [info     ] order.progress                 done=40 empty=32 error=0
14:17:08 [info     ] order.recycle_browser          processed=72
14:17:08 [info     ] browser.launched               channel=msedge headless=True
14:20:03 [info     ] order.captured                 colour=4C (Both) delivery=98 package=3in1 paper=Matte Art Paper 130gsm - Best Seller quantities=20 size=A2 (420mm x 594mm)
14:20:30 [warning  ] order.configure_failed         colour=1C (Front) package=3in1 paper=Matte Art Paper 130gsm - Best Seller size=A2 (420mm x 594mm)
14:21:00 [warning  ] order.configure_failed         colour=1C (Both) package=3in1 paper=Matte Art Paper 130gsm - Best Seller size=A2 (420mm x 594mm)
14:23:38 [info     ] order.captured                 colour=4C (Front) delivery=98 package=4in1 paper=Matte Art Paper 130gsm - Best Seller quantities=20 size=A2 (420mm x 594mm)
14:26:24 [info     ] order.captured                 colour=4C (Both) delivery=98 package=4in1 paper=Matte Art Paper 130gsm - Best Seller quantities=20 size=A2 (420mm x 594mm)
14:26:47 [warning  ] order.configure_failed         colour=1C (Front) package=4in1 paper=Matte Art Paper 130gsm - Best Seller size=A2 (420mm x 594mm)
14:27:10 [warning  ] order.configure_failed         colour=1C (Both) package=4in1 paper=Matte Art Paper 130gsm - Best Seller size=A2 (420mm x 594mm)
14:29:58 [info     ] order.captured                 colour=4C (Front) delivery=98 package=5in1 paper=Matte Art Paper 130gsm - Best Seller quantities=20 size=A2 (420mm x 594mm)
14:32:47 [info     ] order.captured                 colour=4C (Both) delivery=98 package=5in1 paper=Matte Art Paper 130gsm - Best Seller quantities=20 size=A2 (420mm x 594mm)
14:32:47 [info     ] order.progress                 done=45 empty=36 error=0
14:32:47 [info     ] order.recycle_browser          processed=81
14:32:48 [info     ] browser.launched               channel=msedge headless=True
14:33:21 [warning  ] order.configure_failed         colour=1C (Front) package=5in1 paper=Matte Art Paper 130gsm - Best Seller size=A2 (420mm x 594mm)
14:33:21 [info     ] order.progress                 done=45 empty=37 error=0
14:33:39 [warning  ] order.configure_failed         colour=1C (Both) package=5in1 paper=Matte Art Paper 130gsm - Best Seller size=A2 (420mm x 594mm)
14:33:39 [info     ] order.progress                 done=45 empty=38 error=0
14:36:35 [info     ] order.captured                 colour=4C (Front) delivery=98 package=2in1 paper=Gloss Art Card 230gsm (2 sides coated) quantities=22 size=A2 (420mm x 594mm)
14:39:40 [info     ] order.captured                 colour=4C (Both) delivery=98 package=2in1 paper=Gloss Art Card 230gsm (2 sides coated) quantities=22 size=A2 (420mm x 594mm)
14:40:01 [warning  ] order.configure_failed         colour=1C (Front) package=2in1 paper=Gloss Art Card 230gsm (2 sides coated) size=A2 (420mm x 594mm)
14:40:21 [warning  ] order.configure_failed         colour=1C (Both) package=2in1 paper=Gloss Art Card 230gsm (2 sides coated) size=A2 (420mm x 594mm)
14:43:31 [info     ] order.captured                 colour=4C (Front) delivery=98 package=3in1 paper=Gloss Art Card 230gsm (2 sides coated) quantities=22 size=A2 (420mm x 594mm)
14:46:33 [info     ] order.captured                 colour=4C (Both) delivery=98 package=3in1 paper=Gloss Art Card 230gsm (2 sides coated) quantities=22 size=A2 (420mm x 594mm)
14:46:55 [warning  ] order.configure_failed         colour=1C (Front) package=3in1 paper=Gloss Art Card 230gsm (2 sides coated) size=A2 (420mm x 594mm)
14:46:55 [info     ] order.recycle_browser          processed=90
14:46:56 [info     ] browser.launched               channel=msedge headless=True
14:47:25 [warning  ] order.configure_failed         colour=1C (Both) package=3in1 paper=Gloss Art Card 230gsm (2 sides coated) size=A2 (420mm x 594mm)
14:50:34 [info     ] order.captured                 colour=4C (Front) delivery=98 package=4in1 paper=Gloss Art Card 230gsm (2 sides coated) quantities=22 size=A2 (420mm x 594mm)
14:50:34 [info     ] order.progress                 done=50 empty=42 error=0
14:53:39 [info     ] order.captured                 colour=4C (Both) delivery=98 package=4in1 paper=Gloss Art Card 230gsm (2 sides coated) quantities=22 size=A2 (420mm x 594mm)
14:54:01 [warning  ] order.configure_failed         colour=1C (Front) package=4in1 paper=Gloss Art Card 230gsm (2 sides coated) size=A2 (420mm x 594mm)
14:54:21 [warning  ] order.configure_failed         colour=1C (Both) package=4in1 paper=Gloss Art Card 230gsm (2 sides coated) size=A2 (420mm x 594mm)
14:57:25 [info     ] order.captured                 colour=4C (Front) delivery=98 package=5in1 paper=Gloss Art Card 230gsm (2 sides coated) quantities=22 size=A2 (420mm x 594mm)
15:00:20 [info     ] order.captured                 colour=4C (Both) delivery=98 package=5in1 paper=Gloss Art Card 230gsm (2 sides coated) quantities=22 size=A2 (420mm x 594mm)
15:00:43 [warning  ] order.configure_failed         colour=1C (Front) package=5in1 paper=Gloss Art Card 230gsm (2 sides coated) size=A2 (420mm x 594mm)
15:01:03 [warning  ] order.configure_failed         colour=1C (Both) package=5in1 paper=Gloss Art Card 230gsm (2 sides coated) size=A2 (420mm x 594mm)
15:01:03 [info     ] order.recycle_browser          processed=99
15:01:04 [info     ] browser.launched               channel=msedge headless=True
15:05:37 [info     ] order.captured                 colour=4C (Front) delivery=98 package=2in1 paper=Gloss Art Card 250gsm (2 sides coated) - Best Seller quantities=35 size=A2 (420mm x 594mm)
15:09:53 [info     ] order.captured                 colour=4C (Both) delivery=98 package=2in1 paper=Gloss Art Card 250gsm (2 sides coated) - Best Seller quantities=35 size=A2 (420mm x 594mm)
15:09:53 [info     ] order.progress                 done=55 empty=46 error=0
15:10:15 [warning  ] order.configure_failed         colour=1C (Front) package=2in1 paper=Gloss Art Card 250gsm (2 sides coated) - Best Seller size=A2 (420mm x 594mm)
15:10:15 [info     ] order.progress                 done=55 empty=47 error=0
15:10:35 [warning  ] order.configure_failed         colour=1C (Both) package=2in1 paper=Gloss Art Card 250gsm (2 sides coated) - Best Seller size=A2 (420mm x 594mm)
15:10:35 [info     ] order.progress                 done=55 empty=48 error=0
15:14:57 [info     ] order.captured                 colour=4C (Front) delivery=98 package=3in1 paper=Gloss Art Card 250gsm (2 sides coated) - Best Seller quantities=35 size=A2 (420mm x 594mm)
15:18:49 [error    ] order.error                    error=TimeoutError('Locator.check: Timeout 30000ms exceeded.\nCall log:\n  - waiting for locator("input[name=\'ctl00$mainContent$order_spec_controller1$order_spec_sta
15:18:50 [info     ] browser.launched               channel=msedge headless=True
15:19:20 [warning  ] order.relaunch_retry           attempt=0 error=TimeoutError('Page.goto: Timeout 30000ms exceeded.\nCall log:\n  - navigating to "https://www.excard.com.my/spec/Litho/L retry_in_s=15
15:19:35 [info     ] browser.launched               channel=msedge headless=True
15:20:06 [warning  ] order.relaunch_retry           attempt=1 error=TimeoutError('Page.goto: Timeout 30000ms exceeded.\nCall log:\n  - navigating to "https://www.excard.com.my/spec/Litho/L retry_in_s=30
15:20:36 [info     ] browser.launched               channel=msedge headless=True
15:21:07 [warning  ] order.relaunch_retry           attempt=2 error=TimeoutError('Page.goto: Timeout 30000ms exceeded.\nCall log:\n  - navigating to "https://www.excard.com.my/spec/Litho/L retry_in_s=45
15:21:52 [info     ] browser.launched               channel=msedge headless=True
15:22:22 [warning  ] order.relaunch_retry           attempt=3 error=TimeoutError('Page.goto: Timeout 30000ms exceeded.\nCall log:\n  - navigating to "https://www.excard.com.my/spec/Litho/L retry_in_s=60
15:23:23 [info     ] browser.launched               channel=msedge headless=True
15:23:53 [warning  ] order.relaunch_retry           attempt=4 error=TimeoutError('Page.goto: Timeout 30000ms exceeded.\nCall log:\n  - navigating to "https://www.excard.com.my/spec/Litho/L retry_in_s=75
15:25:08 [info     ] browser.launched               channel=msedge headless=True
15:25:39 [warning  ] order.relaunch_retry           attempt=5 error=TimeoutError('Page.goto: Timeout 30000ms exceeded.\nCall log:\n  - navigating to "https://www.excard.com.my/spec/Litho/L retry_in_s=90
15:27:09 [info     ] browser.launched               channel=msedge headless=True
15:27:39 [warning  ] order.relaunch_retry           attempt=6 error=TimeoutError('Page.goto: Timeout 30000ms exceeded.\nCall log:\n  - navigating to "https://www.excard.com.my/spec/Litho/L retry_in_s=105
15:29:25 [info     ] browser.launched               channel=msedge headless=True
15:29:55 [warning  ] order.relaunch_retry           attempt=7 error=TimeoutError('Page.goto: Timeout 30000ms exceeded.\nCall log:\n  - navigating to "https://www.excard.com.my/spec/Litho/L retry_in_s=120
15:31:55 [info     ] browser.launched               channel=msedge headless=True
15:32:25 [warning  ] order.relaunch_retry           attempt=8 error=TimeoutError('Page.goto: Timeout 30000ms exceeded.\nCall log:\n  - navigating to "https://www.excard.com.my/spec/Litho/L retry_in_s=120
15:34:26 [info     ] browser.launched               channel=msedge headless=True
15:34:56 [warning  ] order.relaunch_retry           attempt=9 error=TimeoutError('Page.goto: Timeout 30000ms exceeded.\nCall log:\n  - navigating to "https://www.excard.com.my/spec/Litho/L retry_in_s=120
15:41:20 [info     ] browser.launched               channel=msedge headless=True
15:41:29 [info     ] order.crawl_start              workers=1
15:45:59 [info     ] order.captured                 colour=4C (Both) delivery=98 package=3in1 paper=Gloss Art Card 250gsm (2 sides coated) - Best Seller quantities=35 size=A2 (420mm x 594mm)
15:46:23 [warning  ] order.configure_failed         colour=1C (Front) package=3in1 paper=Gloss Art Card 250gsm (2 sides coated) - Best Seller size=A2 (420mm x 594mm)
15:46:46 [warning  ] order.configure_failed         colour=1C (Both) package=3in1 paper=Gloss Art Card 250gsm (2 sides coated) - Best Seller size=A2 (420mm x 594mm)
15:51:19 [info     ] order.captured                 colour=4C (Front) delivery=98 package=4in1 paper=Gloss Art Card 250gsm (2 sides coated) - Best Seller quantities=35 size=A2 (420mm x 594mm)
15:55:47 [info     ] order.captured                 colour=4C (Both) delivery=98 package=4in1 paper=Gloss Art Card 250gsm (2 sides coated) - Best Seller quantities=35 size=A2 (420mm x 594mm)
15:56:10 [warning  ] order.configure_failed         colour=1C (Front) package=4in1 paper=Gloss Art Card 250gsm (2 sides coated) - Best Seller size=A2 (420mm x 594mm)
15:56:32 [warning  ] order.configure_failed         colour=1C (Both) package=4in1 paper=Gloss Art Card 250gsm (2 sides coated) - Best Seller size=A2 (420mm x 594mm)
16:00:55 [info     ] order.captured                 colour=4C (Front) delivery=98 package=5in1 paper=Gloss Art Card 250gsm (2 sides coated) - Best Seller quantities=35 size=A2 (420mm x 594mm)
16:05:33 [info     ] order.captured                 colour=4C (Both) delivery=98 package=5in1 paper=Gloss Art Card 250gsm (2 sides coated) - Best Seller quantities=35 size=A2 (420mm x 594mm)
16:05:33 [info     ] order.progress                 done=5 empty=4 error=0
16:05:33 [info     ] order.recycle_browser          processed=9
16:05:33 [info     ] browser.launched               channel=msedge headless=True
16:06:06 [warning  ] order.configure_failed         colour=1C (Front) package=5in1 paper=Gloss Art Card 250gsm (2 sides coated) - Best Seller size=A2 (420mm x 594mm)
16:06:06 [info     ] order.progress                 done=5 empty=5 error=0
16:06:27 [warning  ] order.configure_failed         colour=1C (Both) package=5in1 paper=Gloss Art Card 250gsm (2 sides coated) - Best Seller size=A2 (420mm x 594mm)
16:06:27 [info     ] order.progress                 done=5 empty=6 error=0
16:09:19 [info     ] order.captured                 colour=4C (Front) delivery=98 package=2in1 paper=Gloss Art Card 310gsm (2 sides coated) quantities=22 size=A2 (420mm x 594mm)
16:12:23 [info     ] order.captured                 colour=4C (Both) delivery=98 package=2in1 paper=Gloss Art Card 310gsm (2 sides coated) quantities=22 size=A2 (420mm x 594mm)
16:12:48 [warning  ] order.configure_failed         colour=1C (Front) package=2in1 paper=Gloss Art Card 310gsm (2 sides coated) size=A2 (420mm x 594mm)
16:13:12 [warning  ] order.configure_failed         colour=1C (Both) package=2in1 paper=Gloss Art Card 310gsm (2 sides coated) size=A2 (420mm x 594mm)
16:13:46 [error    ] order.error                    error=Error('Locator.check: Clicking the checkbox did not change its state\nCall log:\n  - waiting for locator("input[name=\'ctl00$mainContent$order_spec_controller1$
16:13:46 [info     ] browser.launched               channel=msedge headless=True
16:17:03 [info     ] order.captured                 colour=4C (Front) delivery=98 package=3in1 paper=Gloss Art Card 310gsm (2 sides coated) quantities=22 size=A2 (420mm x 594mm)
16:20:04 [info     ] order.captured                 colour=4C (Both) delivery=98 package=3in1 paper=Gloss Art Card 310gsm (2 sides coated) quantities=22 size=A2 (420mm x 594mm)
16:20:04 [info     ] order.recycle_browser          processed=18
16:20:04 [info     ] browser.launched               channel=msedge headless=True
16:20:35 [warning  ] order.configure_failed         colour=1C (Front) package=3in1 paper=Gloss Art Card 310gsm (2 sides coated) size=A2 (420mm x 594mm)
16:20:57 [warning  ] order.configure_failed         colour=1C (Both) package=3in1 paper=Gloss Art Card 310gsm (2 sides coated) size=A2 (420mm x 594mm)
16:23:55 [info     ] order.captured                 colour=4C (Front) delivery=98 package=4in1 paper=Gloss Art Card 310gsm (2 sides coated) quantities=22 size=A2 (420mm x 594mm)
16:23:55 [info     ] order.progress                 done=10 empty=10 error=1
16:26:55 [info     ] order.captured                 colour=4C (Both) delivery=98 package=4in1 paper=Gloss Art Card 310gsm (2 sides coated) quantities=22 size=A2 (420mm x 594mm)
16:27:22 [warning  ] order.configure_failed         colour=1C (Front) package=4in1 paper=Gloss Art Card 310gsm (2 sides coated) size=A2 (420mm x 594mm)
16:27:42 [warning  ] order.configure_failed         colour=1C (Both) package=4in1 paper=Gloss Art Card 310gsm (2 sides coated) size=A2 (420mm x 594mm)
16:30:50 [info     ] order.captured                 colour=4C (Front) delivery=98 package=5in1 paper=Gloss Art Card 310gsm (2 sides coated) quantities=22 size=A2 (420mm x 594mm)
16:33:53 [info     ] order.captured                 colour=4C (Both) delivery=98 package=5in1 paper=Gloss Art Card 310gsm (2 sides coated) quantities=22 size=A2 (420mm x 594mm)
16:34:17 [warning  ] order.configure_failed         colour=1C (Front) package=5in1 paper=Gloss Art Card 310gsm (2 sides coated) size=A2 (420mm x 594mm)
16:34:17 [info     ] order.recycle_browser          processed=27
16:34:18 [info     ] browser.launched               channel=msedge headless=True
16:34:49 [warning  ] order.configure_failed         colour=1C (Both) package=5in1 paper=Gloss Art Card 310gsm (2 sides coated) size=A2 (420mm x 594mm)
16:37:49 [info     ] order.captured                 colour=4C (Front) delivery=98 package=2in1 paper=Gloss Art Card 360gsm (2 sides coated) quantities=22 size=A2 (420mm x 594mm)
16:40:53 [info     ] order.captured                 colour=4C (Both) delivery=98 package=2in1 paper=Gloss Art Card 360gsm (2 sides coated) quantities=22 size=A2 (420mm x 594mm)
16:40:53 [info     ] order.progress                 done=15 empty=14 error=1
16:41:20 [warning  ] order.configure_failed         colour=1C (Front) package=2in1 paper=Gloss Art Card 360gsm (2 sides coated) size=A2 (420mm x 594mm)
16:41:20 [info     ] order.progress                 done=15 empty=15 error=1
16:41:54 [warning  ] order.configure_failed         colour=1C (Both) package=2in1 paper=Gloss Art Card 360gsm (2 sides coated) size=A2 (420mm x 594mm)
16:41:54 [info     ] order.progress                 done=15 empty=16 error=1
16:44:54 [info     ] order.captured                 colour=4C (Front) delivery=98 package=3in1 paper=Gloss Art Card 360gsm (2 sides coated) quantities=22 size=A2 (420mm x 594mm)
16:47:54 [info     ] order.captured                 colour=4C (Both) delivery=98 package=3in1 paper=Gloss Art Card 360gsm (2 sides coated) quantities=22 size=A2 (420mm x 594mm)
16:48:18 [warning  ] order.configure_failed         colour=1C (Front) package=3in1 paper=Gloss Art Card 360gsm (2 sides coated) size=A2 (420mm x 594mm)
16:48:39 [warning  ] order.configure_failed         colour=1C (Both) package=3in1 paper=Gloss Art Card 360gsm (2 sides coated) size=A2 (420mm x 594mm)
16:48:39 [info     ] order.recycle_browser          processed=36
16:48:39 [info     ] browser.launched               channel=msedge headless=True
16:51:47 [info     ] order.captured                 colour=4C (Front) delivery=98 package=4in1 paper=Gloss Art Card 360gsm (2 sides coated) quantities=22 size=A2 (420mm x 594mm)
16:55:00 [info     ] order.captured                 colour=4C (Both) delivery=98 package=4in1 paper=Gloss Art Card 360gsm (2 sides coated) quantities=22 size=A2 (420mm x 594mm)
16:55:25 [warning  ] order.configure_failed         colour=1C (Front) package=4in1 paper=Gloss Art Card 360gsm (2 sides coated) size=A2 (420mm x 594mm)
16:55:44 [warning  ] order.configure_failed         colour=1C (Both) package=4in1 paper=Gloss Art Card 360gsm (2 sides coated) size=A2 (420mm x 594mm)
16:58:58 [info     ] order.captured                 colour=4C (Front) delivery=98 package=5in1 paper=Gloss Art Card 360gsm (2 sides coated) quantities=22 size=A2 (420mm x 594mm)
16:58:58 [info     ] order.progress                 done=20 empty=20 error=1
17:02:07 [info     ] order.captured                 colour=4C (Both) delivery=98 package=5in1 paper=Gloss Art Card 360gsm (2 sides coated) quantities=22 size=A2 (420mm x 594mm)
17:02:31 [warning  ] order.configure_failed         colour=1C (Front) package=5in1 paper=Gloss Art Card 360gsm (2 sides coated) size=A2 (420mm x 594mm)
17:02:53 [warning  ] order.configure_failed         colour=1C (Both) package=5in1 paper=Gloss Art Card 360gsm (2 sides coated) size=A2 (420mm x 594mm)
17:06:25 [info     ] order.captured                 colour=4C (Front) delivery=98 package=2in1 paper=Simili 80gsm - Best Seller quantities=25 size=A3 (297mm x 420mm)
17:06:25 [info     ] order.recycle_browser          processed=45
17:06:25 [info     ] browser.launched               channel=msedge headless=True
17:09:36 [info     ] order.captured                 colour=4C (Both) delivery=98 package=2in1 paper=Simili 80gsm - Best Seller quantities=25 size=A3 (297mm x 420mm)
17:13:00 [info     ] order.captured                 colour=1C (Front) delivery=98 package=2in1 paper=Simili 80gsm - Best Seller quantities=25 size=A3 (297mm x 420mm)
17:16:29 [info     ] order.captured                 colour=1C (Both) delivery=98 package=2in1 paper=Simili 80gsm - Best Seller quantities=25 size=A3 (297mm x 420mm)
17:16:29 [info     ] order.progress                 done=25 empty=22 error=1
17:19:35 [info     ] order.captured                 colour=4C (Front) delivery=98 package=3in1 paper=Simili 80gsm - Best Seller quantities=25 size=A3 (297mm x 420mm)
17:22:31 [info     ] order.captured                 colour=4C (Both) delivery=98 package=3in1 paper=Simili 80gsm - Best Seller quantities=25 size=A3 (297mm x 420mm)
17:26:04 [info     ] order.captured                 colour=1C (Front) delivery=98 package=3in1 paper=Simili 80gsm - Best Seller quantities=25 size=A3 (297mm x 420mm)
17:29:34 [info     ] order.captured                 colour=1C (Both) delivery=98 package=3in1 paper=Simili 80gsm - Best Seller quantities=25 size=A3 (297mm x 420mm)
17:32:34 [info     ] order.captured                 colour=4C (Front) delivery=98 package=4in1 paper=Simili 80gsm - Best Seller quantities=25 size=A3 (297mm x 420mm)
17:32:34 [info     ] order.progress                 done=30 empty=22 error=1
17:35:33 [info     ] order.captured                 colour=4C (Both) delivery=98 package=4in1 paper=Simili 80gsm - Best Seller quantities=25 size=A3 (297mm x 420mm)
17:35:33 [info     ] order.recycle_browser          processed=54
17:35:34 [info     ] browser.launched               channel=msedge headless=True
17:39:13 [info     ] order.captured                 colour=1C (Front) delivery=98 package=4in1 paper=Simili 80gsm - Best Seller quantities=25 size=A3 (297mm x 420mm)
17:42:43 [info     ] order.captured                 colour=1C (Both) delivery=98 package=4in1 paper=Simili 80gsm - Best Seller quantities=25 size=A3 (297mm x 420mm)
17:45:47 [info     ] order.captured                 colour=4C (Front) delivery=98 package=5in1 paper=Simili 80gsm - Best Seller quantities=25 size=A3 (297mm x 420mm)
17:48:53 [info     ] order.captured                 colour=4C (Both) delivery=98 package=5in1 paper=Simili 80gsm - Best Seller quantities=25 size=A3 (297mm x 420mm)
17:48:53 [info     ] order.progress                 done=35 empty=22 error=1
17:52:24 [info     ] order.captured                 colour=1C (Front) delivery=98 package=5in1 paper=Simili 80gsm - Best Seller quantities=25 size=A3 (297mm x 420mm)
17:56:05 [info     ] order.captured                 colour=1C (Both) delivery=98 package=5in1 paper=Simili 80gsm - Best Seller quantities=25 size=A3 (297mm x 420mm)
17:59:06 [info     ] order.captured                 colour=4C (Front) delivery=98 package=2in1 paper=Simili 100gsm - Best Seller quantities=25 size=A3 (297mm x 420mm)
18:02:05 [info     ] order.captured                 colour=4C (Both) delivery=98 package=2in1 paper=Simili 100gsm - Best Seller quantities=25 size=A3 (297mm x 420mm)
18:05:30 [info     ] order.captured                 colour=1C (Front) delivery=98 package=2in1 paper=Simili 100gsm - Best Seller quantities=25 size=A3 (297mm x 420mm)
18:05:30 [info     ] order.progress                 done=40 empty=22 error=1
18:05:30 [info     ] order.recycle_browser          processed=63
18:05:31 [info     ] browser.launched               channel=msedge headless=True
18:09:03 [info     ] order.captured                 colour=1C (Both) delivery=98 package=2in1 paper=Simili 100gsm - Best Seller quantities=25 size=A3 (297mm x 420mm)
18:12:03 [info     ] order.captured                 colour=4C (Front) delivery=98 package=3in1 paper=Simili 100gsm - Best Seller quantities=25 size=A3 (297mm x 420mm)
18:15:06 [info     ] order.captured                 colour=4C (Both) delivery=98 package=3in1 paper=Simili 100gsm - Best Seller quantities=25 size=A3 (297mm x 420mm)
18:18:39 [info     ] order.captured                 colour=1C (Front) delivery=98 package=3in1 paper=Simili 100gsm - Best Seller quantities=25 size=A3 (297mm x 420mm)
18:22:13 [info     ] order.captured                 colour=1C (Both) delivery=98 package=3in1 paper=Simili 100gsm - Best Seller quantities=25 size=A3 (297mm x 420mm)
18:22:13 [info     ] order.progress                 done=45 empty=22 error=1
18:25:17 [info     ] order.captured                 colour=4C (Front) delivery=98 package=4in1 paper=Simili 100gsm - Best Seller quantities=25 size=A3 (297mm x 420mm)
18:28:19 [info     ] order.captured                 colour=4C (Both) delivery=98 package=4in1 paper=Simili 100gsm - Best Seller quantities=25 size=A3 (297mm x 420mm)
18:31:49 [info     ] order.captured                 colour=1C (Front) delivery=98 package=4in1 paper=Simili 100gsm - Best Seller quantities=25 size=A3 (297mm x 420mm)
18:35:23 [info     ] order.captured                 colour=1C (Both) delivery=98 package=4in1 paper=Simili 100gsm - Best Seller quantities=25 size=A3 (297mm x 420mm)
18:35:23 [info     ] order.recycle_browser          processed=72
18:35:23 [info     ] browser.launched               channel=msedge headless=True
18:38:34 [info     ] order.captured                 colour=4C (Front) delivery=98 package=5in1 paper=Simili 100gsm - Best Seller quantities=25 size=A3 (297mm x 420mm)
18:38:34 [info     ] order.progress                 done=50 empty=22 error=1
18:41:34 [info     ] order.captured                 colour=4C (Both) delivery=98 package=5in1 paper=Simili 100gsm - Best Seller quantities=25 size=A3 (297mm x 420mm)
18:45:07 [info     ] order.captured                 colour=1C (Front) delivery=98 package=5in1 paper=Simili 100gsm - Best Seller quantities=25 size=A3 (297mm x 420mm)
18:48:40 [info     ] order.captured                 colour=1C (Both) delivery=98 package=5in1 paper=Simili 100gsm - Best Seller quantities=25 size=A3 (297mm x 420mm)
18:51:44 [info     ] order.captured                 colour=4C (Front) delivery=98 package=2in1 paper=Simili 140gsm - Best Seller quantities=25 size=A3 (297mm x 420mm)
18:54:46 [info     ] order.captured                 colour=4C (Both) delivery=98 package=2in1 paper=Simili 140gsm - Best Seller quantities=25 size=A3 (297mm x 420mm)
18:54:46 [info     ] order.progress                 done=55 empty=22 error=1
18:55:09 [warning  ] order.configure_failed         colour=1C (Front) package=2in1 paper=Simili 140gsm - Best Seller size=A3 (297mm x 420mm)
18:55:09 [info     ] order.progress                 done=55 empty=23 error=1
18:55:29 [warning  ] order.configure_failed         colour=1C (Both) package=2in1 paper=Simili 140gsm - Best Seller size=A3 (297mm x 420mm)
18:55:29 [info     ] order.progress                 done=55 empty=24 error=1
18:58:36 [info     ] order.captured                 colour=4C (Front) delivery=98 package=3in1 paper=Simili 140gsm - Best Seller quantities=25 size=A3 (297mm x 420mm)
18:58:36 [info     ] order.recycle_browser          processed=81
18:58:37 [info     ] browser.launched               channel=msedge headless=True
19:00:27 [error    ] order.error                    error=TimeoutError('Locator.check: Timeout 30000ms exceeded.\nCall log:\n  - waiting for locator("input[name=\'ctl00$mainContent$order_spec_controller1$order_spec_sta
19:00:27 [info     ] browser.launched               channel=msedge headless=True
19:00:28 [warning  ] order.relaunch_retry           attempt=0 error=Error('Page.goto: net::ERR_INTERNET_DISCONNECTED at https://www.excard.com.my/spec/Litho/Loose_Sheet\nCall log:\n  - nav retry_in_s=15
19:00:43 [info     ] browser.launched               channel=msedge headless=True
19:00:43 [warning  ] order.relaunch_retry           attempt=1 error=Error('Page.goto: net::ERR_INTERNET_DISCONNECTED at https://www.excard.com.my/spec/Litho/Loose_Sheet\nCall log:\n  - nav retry_in_s=30
19:01:13 [info     ] browser.launched               channel=msedge headless=True
19:01:14 [warning  ] order.relaunch_retry           attempt=2 error=Error('Page.goto: net::ERR_INTERNET_DISCONNECTED at https://www.excard.com.my/spec/Litho/Loose_Sheet\nCall log:\n  - nav retry_in_s=45
19:01:59 [info     ] browser.launched               channel=msedge headless=True
19:02:06 [info     ] order.relaunch_recovered       after_attempts=3
19:05:04 [info     ] order.captured                 colour=4C (Both) delivery=98 package=3in1 paper=Simili 140gsm - Best Seller quantities=25 size=A3 (297mm x 420mm)
19:05:27 [warning  ] order.configure_failed         colour=1C (Front) package=3in1 paper=Simili 140gsm - Best Seller size=A3 (297mm x 420mm)
19:05:47 [warning  ] order.configure_failed         colour=1C (Both) package=3in1 paper=Simili 140gsm - Best Seller size=A3 (297mm x 420mm)
19:08:42 [info     ] order.captured                 colour=4C (Front) delivery=98 package=4in1 paper=Simili 140gsm - Best Seller quantities=25 size=A3 (297mm x 420mm)
19:11:41 [info     ] order.captured                 colour=4C (Both) delivery=98 package=4in1 paper=Simili 140gsm - Best Seller quantities=25 size=A3 (297mm x 420mm)
19:12:03 [warning  ] order.configure_failed         colour=1C (Front) package=4in1 paper=Simili 140gsm - Best Seller size=A3 (297mm x 420mm)
19:12:22 [warning  ] order.configure_failed         colour=1C (Both) package=4in1 paper=Simili 140gsm - Best Seller size=A3 (297mm x 420mm)
19:15:24 [info     ] order.captured                 colour=4C (Front) delivery=98 package=5in1 paper=Simili 140gsm - Best Seller quantities=25 size=A3 (297mm x 420mm)
19:15:24 [info     ] order.progress                 done=60 empty=28 error=2
19:15:24 [info     ] order.recycle_browser          processed=90
19:15:24 [info     ] browser.launched               channel=msedge headless=True
19:18:36 [info     ] order.captured                 colour=4C (Both) delivery=98 package=5in1 paper=Simili 140gsm - Best Seller quantities=25 size=A3 (297mm x 420mm)
19:18:59 [warning  ] order.configure_failed         colour=1C (Front) package=5in1 paper=Simili 140gsm - Best Seller size=A3 (297mm x 420mm)
19:19:18 [warning  ] order.configure_failed         colour=1C (Both) package=5in1 paper=Simili 140gsm - Best Seller size=A3 (297mm x 420mm)
19:22:05 [info     ] order.captured                 colour=4C (Front) delivery=98 package=2in1 paper=Gloss Art Paper 100gsm - Best Seller quantities=25 size=A3 (297mm x 420mm)
19:24:51 [info     ] order.captured                 colour=4C (Both) delivery=98 package=2in1 paper=Gloss Art Paper 100gsm - Best Seller quantities=25 size=A3 (297mm x 420mm)
19:25:14 [warning  ] order.configure_failed         colour=1C (Front) package=2in1 paper=Gloss Art Paper 100gsm - Best Seller size=A3 (297mm x 420mm)
19:25:34 [warning  ] order.configure_failed         colour=1C (Both) package=2in1 paper=Gloss Art Paper 100gsm - Best Seller size=A3 (297mm x 420mm)
19:28:21 [info     ] order.captured                 colour=4C (Front) delivery=98 package=3in1 paper=Gloss Art Paper 100gsm - Best Seller quantities=25 size=A3 (297mm x 420mm)
19:31:12 [info     ] order.captured                 colour=4C (Both) delivery=98 package=3in1 paper=Gloss Art Paper 100gsm - Best Seller quantities=25 size=A3 (297mm x 420mm)
19:31:12 [info     ] order.progress                 done=65 empty=32 error=2
19:31:12 [info     ] order.recycle_browser          processed=99
19:31:13 [info     ] browser.launched               channel=msedge headless=True
19:31:42 [warning  ] order.configure_failed         colour=1C (Front) package=3in1 paper=Gloss Art Paper 100gsm - Best Seller size=A3 (297mm x 420mm)
19:31:42 [info     ] order.progress                 done=65 empty=33 error=2
19:32:02 [warning  ] order.configure_failed         colour=1C (Both) package=3in1 paper=Gloss Art Paper 100gsm - Best Seller size=A3 (297mm x 420mm)
19:32:02 [info     ] order.progress                 done=65 empty=34 error=2
19:34:52 [info     ] order.captured                 colour=4C (Front) delivery=98 package=4in1 paper=Gloss Art Paper 100gsm - Best Seller quantities=25 size=A3 (297mm x 420mm)
19:37:45 [info     ] order.captured                 colour=4C (Both) delivery=98 package=4in1 paper=Gloss Art Paper 100gsm - Best Seller quantities=25 size=A3 (297mm x 420mm)
19:38:06 [warning  ] order.configure_failed         colour=1C (Front) package=4in1 paper=Gloss Art Paper 100gsm - Best Seller size=A3 (297mm x 420mm)
19:38:26 [warning  ] order.configure_failed         colour=1C (Both) package=4in1 paper=Gloss Art Paper 100gsm - Best Seller size=A3 (297mm x 420mm)
19:41:19 [info     ] order.captured                 colour=4C (Front) delivery=98 package=5in1 paper=Gloss Art Paper 100gsm - Best Seller quantities=25 size=A3 (297mm x 420mm)
19:44:14 [info     ] order.captured                 colour=4C (Both) delivery=98 package=5in1 paper=Gloss Art Paper 100gsm - Best Seller quantities=25 size=A3 (297mm x 420mm)
19:44:36 [warning  ] order.configure_failed         colour=1C (Front) package=5in1 paper=Gloss Art Paper 100gsm - Best Seller size=A3 (297mm x 420mm)
19:44:36 [info     ] order.recycle_browser          processed=108
19:44:36 [info     ] browser.launched               channel=msedge headless=True
19:45:06 [warning  ] order.configure_failed         colour=1C (Both) package=5in1 paper=Gloss Art Paper 100gsm - Best Seller size=A3 (297mm x 420mm)
19:47:56 [info     ] order.captured                 colour=4C (Front) delivery=98 package=2in1 paper=Gloss Art Paper 128gsm - Best Seller quantities=25 size=A3 (297mm x 420mm)
19:47:56 [info     ] order.progress                 done=70 empty=38 error=2
19:50:47 [info     ] order.captured                 colour=4C (Both) delivery=98 package=2in1 paper=Gloss Art Paper 128gsm - Best Seller quantities=25 size=A3 (297mm x 420mm)
19:51:11 [warning  ] order.configure_failed         colour=1C (Front) package=2in1 paper=Gloss Art Paper 128gsm - Best Seller size=A3 (297mm x 420mm)
19:51:32 [warning  ] order.configure_failed         colour=1C (Both) package=2in1 paper=Gloss Art Paper 128gsm - Best Seller size=A3 (297mm x 420mm)
19:54:24 [info     ] order.captured                 colour=4C (Front) delivery=98 package=3in1 paper=Gloss Art Paper 128gsm - Best Seller quantities=25 size=A3 (297mm x 420mm)
19:57:18 [info     ] order.captured                 colour=4C (Both) delivery=98 package=3in1 paper=Gloss Art Paper 128gsm - Best Seller quantities=25 size=A3 (297mm x 420mm)
19:57:39 [warning  ] order.configure_failed         colour=1C (Front) package=3in1 paper=Gloss Art Paper 128gsm - Best Seller size=A3 (297mm x 420mm)
19:57:58 [warning  ] order.configure_failed         colour=1C (Both) package=3in1 paper=Gloss Art Paper 128gsm - Best Seller size=A3 (297mm x 420mm)
19:57:58 [info     ] order.recycle_browser          processed=117
19:57:58 [info     ] browser.launched               channel=msedge headless=True
20:00:58 [info     ] order.captured                 colour=4C (Front) delivery=98 package=4in1 paper=Gloss Art Paper 128gsm - Best Seller quantities=25 size=A3 (297mm x 420mm)
20:03:51 [info     ] order.captured                 colour=4C (Both) delivery=98 package=4in1 paper=Gloss Art Paper 128gsm - Best Seller quantities=25 size=A3 (297mm x 420mm)
20:03:51 [info     ] order.progress                 done=75 empty=42 error=2
20:04:13 [warning  ] order.configure_failed         colour=1C (Front) package=4in1 paper=Gloss Art Paper 128gsm - Best Seller size=A3 (297mm x 420mm)
20:04:13 [info     ] order.progress                 done=75 empty=43 error=2
20:04:33 [warning  ] order.configure_failed         colour=1C (Both) package=4in1 paper=Gloss Art Paper 128gsm - Best Seller size=A3 (297mm x 420mm)
20:04:33 [info     ] order.progress                 done=75 empty=44 error=2
20:07:28 [info     ] order.captured                 colour=4C (Front) delivery=98 package=5in1 paper=Gloss Art Paper 128gsm - Best Seller quantities=25 size=A3 (297mm x 420mm)
20:10:30 [info     ] order.captured                 colour=4C (Both) delivery=98 package=5in1 paper=Gloss Art Paper 128gsm - Best Seller quantities=25 size=A3 (297mm x 420mm)
20:10:53 [warning  ] order.configure_failed         colour=1C (Front) package=5in1 paper=Gloss Art Paper 128gsm - Best Seller size=A3 (297mm x 420mm)
20:11:13 [warning  ] order.configure_failed         colour=1C (Both) package=5in1 paper=Gloss Art Paper 128gsm - Best Seller size=A3 (297mm x 420mm)
20:14:00 [info     ] order.captured                 colour=4C (Front) delivery=98 package=2in1 paper=Gloss Art Paper 150gsm - Best Seller quantities=25 size=A3 (297mm x 420mm)
20:14:00 [info     ] order.recycle_browser          processed=126
20:14:00 [info     ] browser.launched               channel=msedge headless=True
20:16:57 [info     ] order.captured                 colour=4C (Both) delivery=98 package=2in1 paper=Gloss Art Paper 150gsm - Best Seller quantities=25 size=A3 (297mm x 420mm)
20:17:18 [warning  ] order.configure_failed         colour=1C (Front) package=2in1 paper=Gloss Art Paper 150gsm - Best Seller size=A3 (297mm x 420mm)
20:17:38 [warning  ] order.configure_failed         colour=1C (Both) package=2in1 paper=Gloss Art Paper 150gsm - Best Seller size=A3 (297mm x 420mm)
20:20:31 [info     ] order.captured                 colour=4C (Front) delivery=98 package=3in1 paper=Gloss Art Paper 150gsm - Best Seller quantities=25 size=A3 (297mm x 420mm)
20:20:31 [info     ] order.progress                 done=80 empty=48 error=2
20:23:28 [info     ] order.captured                 colour=4C (Both) delivery=98 package=3in1 paper=Gloss Art Paper 150gsm - Best Seller quantities=25 size=A3 (297mm x 420mm)
20:23:50 [warning  ] order.configure_failed         colour=1C (Front) package=3in1 paper=Gloss Art Paper 150gsm - Best Seller size=A3 (297mm x 420mm)
20:24:10 [warning  ] order.configure_failed         colour=1C (Both) package=3in1 paper=Gloss Art Paper 150gsm - Best Seller size=A3 (297mm x 420mm)
20:27:07 [info     ] order.captured                 colour=4C (Front) delivery=98 package=4in1 paper=Gloss Art Paper 150gsm - Best Seller quantities=25 size=A3 (297mm x 420mm)
20:30:05 [info     ] order.captured                 colour=4C (Both) delivery=98 package=4in1 paper=Gloss Art Paper 150gsm - Best Seller quantities=25 size=A3 (297mm x 420mm)
20:30:05 [info     ] order.recycle_browser          processed=135
20:30:06 [info     ] browser.launched               channel=msedge headless=True
20:30:35 [warning  ] order.configure_failed         colour=1C (Front) package=4in1 paper=Gloss Art Paper 150gsm - Best Seller size=A3 (297mm x 420mm)
20:30:54 [warning  ] order.configure_failed         colour=1C (Both) package=4in1 paper=Gloss Art Paper 150gsm - Best Seller size=A3 (297mm x 420mm)
20:33:51 [info     ] order.captured                 colour=4C (Front) delivery=98 package=5in1 paper=Gloss Art Paper 150gsm - Best Seller quantities=25 size=A3 (297mm x 420mm)
20:36:49 [info     ] order.captured                 colour=4C (Both) delivery=98 package=5in1 paper=Gloss Art Paper 150gsm - Best Seller quantities=25 size=A3 (297mm x 420mm)
20:36:49 [info     ] order.progress                 done=85 empty=52 error=2
20:37:11 [warning  ] order.configure_failed         colour=1C (Front) package=5in1 paper=Gloss Art Paper 150gsm - Best Seller size=A3 (297mm x 420mm)
20:37:11 [info     ] order.progress                 done=85 empty=53 error=2
20:37:32 [warning  ] order.configure_failed         colour=1C (Both) package=5in1 paper=Gloss Art Paper 150gsm - Best Seller size=A3 (297mm x 420mm)
20:37:32 [info     ] order.progress                 done=85 empty=54 error=2
20:40:23 [info     ] order.captured                 colour=4C (Front) delivery=98 package=2in1 paper=Matte Art Paper 130gsm - Best Seller quantities=25 size=A3 (297mm x 420mm)
20:43:17 [info     ] order.captured                 colour=4C (Both) delivery=98 package=2in1 paper=Matte Art Paper 130gsm - Best Seller quantities=25 size=A3 (297mm x 420mm)
20:43:40 [warning  ] order.configure_failed         colour=1C (Front) package=2in1 paper=Matte Art Paper 130gsm - Best Seller size=A3 (297mm x 420mm)
20:43:40 [info     ] order.recycle_browser          processed=144
20:43:40 [info     ] browser.launched               channel=msedge headless=True
20:44:07 [warning  ] order.configure_failed         colour=1C (Both) package=2in1 paper=Matte Art Paper 130gsm - Best Seller size=A3 (297mm x 420mm)
20:47:01 [info     ] order.captured                 colour=4C (Front) delivery=98 package=3in1 paper=Matte Art Paper 130gsm - Best Seller quantities=25 size=A3 (297mm x 420mm)
20:49:58 [info     ] order.captured                 colour=4C (Both) delivery=98 package=3in1 paper=Matte Art Paper 130gsm - Best Seller quantities=25 size=A3 (297mm x 420mm)
20:50:20 [warning  ] order.configure_failed         colour=1C (Front) package=3in1 paper=Matte Art Paper 130gsm - Best Seller size=A3 (297mm x 420mm)
20:50:40 [warning  ] order.configure_failed         colour=1C (Both) package=3in1 paper=Matte Art Paper 130gsm - Best Seller size=A3 (297mm x 420mm)
20:53:36 [info     ] order.captured                 colour=4C (Front) delivery=98 package=4in1 paper=Matte Art Paper 130gsm - Best Seller quantities=25 size=A3 (297mm x 420mm)
20:53:36 [info     ] order.progress                 done=90 empty=58 error=2
20:56:41 [info     ] order.captured                 colour=4C (Both) delivery=98 package=4in1 paper=Matte Art Paper 130gsm - Best Seller quantities=25 size=A3 (297mm x 420mm)
20:57:03 [warning  ] order.configure_failed         colour=1C (Front) package=4in1 paper=Matte Art Paper 130gsm - Best Seller size=A3 (297mm x 420mm)
20:57:22 [warning  ] order.configure_failed         colour=1C (Both) package=4in1 paper=Matte Art Paper 130gsm - Best Seller size=A3 (297mm x 420mm)
20:57:22 [info     ] order.recycle_browser          processed=153
20:57:22 [info     ] browser.launched               channel=msedge headless=True
21:00:27 [info     ] order.captured                 colour=4C (Front) delivery=98 package=5in1 paper=Matte Art Paper 130gsm - Best Seller quantities=25 size=A3 (297mm x 420mm)
21:03:25 [info     ] order.captured                 colour=4C (Both) delivery=98 package=5in1 paper=Matte Art Paper 130gsm - Best Seller quantities=25 size=A3 (297mm x 420mm)
21:03:48 [warning  ] order.configure_failed         colour=1C (Front) package=5in1 paper=Matte Art Paper 130gsm - Best Seller size=A3 (297mm x 420mm)
21:04:09 [warning  ] order.configure_failed         colour=1C (Both) package=5in1 paper=Matte Art Paper 130gsm - Best Seller size=A3 (297mm x 420mm)
21:06:41 [info     ] order.captured                 colour=4C (Front) delivery=98 package=2in1 paper=Gloss Art Card 230gsm (2 sides coated) quantities=22 size=A3 (297mm x 420mm)
21:09:12 [info     ] order.captured                 colour=4C (Both) delivery=98 package=2in1 paper=Gloss Art Card 230gsm (2 sides coated) quantities=22 size=A3 (297mm x 420mm)
21:09:12 [info     ] order.progress                 done=95 empty=62 error=2
21:09:35 [warning  ] order.configure_failed         colour=1C (Front) package=2in1 paper=Gloss Art Card 230gsm (2 sides coated) size=A3 (297mm x 420mm)
21:09:35 [info     ] order.progress                 done=95 empty=63 error=2
21:09:54 [warning  ] order.configure_failed         colour=1C (Both) package=2in1 paper=Gloss Art Card 230gsm (2 sides coated) size=A3 (297mm x 420mm)
21:09:54 [info     ] order.progress                 done=95 empty=64 error=2
21:12:33 [info     ] order.captured                 colour=4C (Front) delivery=98 package=3in1 paper=Gloss Art Card 230gsm (2 sides coated) quantities=22 size=A3 (297mm x 420mm)
21:12:33 [info     ] order.recycle_browser          processed=162
21:12:33 [info     ] browser.launched               channel=msedge headless=True
21:15:22 [info     ] order.captured                 colour=4C (Both) delivery=98 package=3in1 paper=Gloss Art Card 230gsm (2 sides coated) quantities=22 size=A3 (297mm x 420mm)
21:15:44 [warning  ] order.configure_failed         colour=1C (Front) package=3in1 paper=Gloss Art Card 230gsm (2 sides coated) size=A3 (297mm x 420mm)
21:16:04 [warning  ] order.configure_failed         colour=1C (Both) package=3in1 paper=Gloss Art Card 230gsm (2 sides coated) size=A3 (297mm x 420mm)
21:18:46 [info     ] order.captured                 colour=4C (Front) delivery=98 package=4in1 paper=Gloss Art Card 230gsm (2 sides coated) quantities=22 size=A3 (297mm x 420mm)
21:21:27 [info     ] order.captured                 colour=4C (Both) delivery=98 package=4in1 paper=Gloss Art Card 230gsm (2 sides coated) quantities=22 size=A3 (297mm x 420mm)
21:21:50 [warning  ] order.configure_failed         colour=1C (Front) package=4in1 paper=Gloss Art Card 230gsm (2 sides coated) size=A3 (297mm x 420mm)
21:22:10 [warning  ] order.configure_failed         colour=1C (Both) package=4in1 paper=Gloss Art Card 230gsm (2 sides coated) size=A3 (297mm x 420mm)
21:24:52 [info     ] order.captured                 colour=4C (Front) delivery=98 package=5in1 paper=Gloss Art Card 230gsm (2 sides coated) quantities=22 size=A3 (297mm x 420mm)
21:24:52 [info     ] order.progress                 done=100 empty=68 error=2
21:27:36 [info     ] order.captured                 colour=4C (Both) delivery=98 package=5in1 paper=Gloss Art Card 230gsm (2 sides coated) quantities=22 size=A3 (297mm x 420mm)
21:27:37 [info     ] order.recycle_browser          processed=171
21:27:37 [info     ] browser.launched               channel=msedge headless=True
21:28:06 [warning  ] order.configure_failed         colour=1C (Front) package=5in1 paper=Gloss Art Card 230gsm (2 sides coated) size=A3 (297mm x 420mm)
21:28:27 [warning  ] order.configure_failed         colour=1C (Both) package=5in1 paper=Gloss Art Card 230gsm (2 sides coated) size=A3 (297mm x 420mm)
21:32:33 [info     ] order.captured                 colour=4C (Front) delivery=98 package=2in1 paper=Gloss Art Card 250gsm (2 sides coated) - Best Seller quantities=35 size=A3 (297mm x 420mm)
21:36:36 [info     ] order.captured                 colour=4C (Both) delivery=98 package=2in1 paper=Gloss Art Card 250gsm (2 sides coated) - Best Seller quantities=35 size=A3 (297mm x 420mm)
21:36:57 [warning  ] order.configure_failed         colour=1C (Front) package=2in1 paper=Gloss Art Card 250gsm (2 sides coated) - Best Seller size=A3 (297mm x 420mm)
21:37:17 [warning  ] order.configure_failed         colour=1C (Both) package=2in1 paper=Gloss Art Card 250gsm (2 sides coated) - Best Seller size=A3 (297mm x 420mm)
21:41:20 [info     ] order.captured                 colour=4C (Front) delivery=98 package=3in1 paper=Gloss Art Card 250gsm (2 sides coated) - Best Seller quantities=35 size=A3 (297mm x 420mm)
21:45:29 [info     ] order.captured                 colour=4C (Both) delivery=98 package=3in1 paper=Gloss Art Card 250gsm (2 sides coated) - Best Seller quantities=35 size=A3 (297mm x 420mm)
21:45:29 [info     ] order.progress                 done=105 empty=72 error=2
21:45:52 [warning  ] order.configure_failed         colour=1C (Front) package=3in1 paper=Gloss Art Card 250gsm (2 sides coated) - Best Seller size=A3 (297mm x 420mm)
21:45:52 [info     ] order.progress                 done=105 empty=73 error=2
21:45:52 [info     ] order.recycle_browser          processed=180
21:45:53 [info     ] browser.launched               channel=msedge headless=True
21:46:23 [warning  ] order.configure_failed         colour=1C (Both) package=3in1 paper=Gloss Art Card 250gsm (2 sides coated) - Best Seller size=A3 (297mm x 420mm)
21:46:23 [info     ] order.progress                 done=105 empty=74 error=2
21:50:30 [info     ] order.captured                 colour=4C (Front) delivery=98 package=4in1 paper=Gloss Art Card 250gsm (2 sides coated) - Best Seller quantities=35 size=A3 (297mm x 420mm)
21:54:41 [info     ] order.captured                 colour=4C (Both) delivery=98 package=4in1 paper=Gloss Art Card 250gsm (2 sides coated) - Best Seller quantities=35 size=A3 (297mm x 420mm)
21:55:02 [warning  ] order.configure_failed         colour=1C (Front) package=4in1 paper=Gloss Art Card 250gsm (2 sides coated) - Best Seller size=A3 (297mm x 420mm)
21:55:24 [warning  ] order.configure_failed         colour=1C (Both) package=4in1 paper=Gloss Art Card 250gsm (2 sides coated) - Best Seller size=A3 (297mm x 420mm)
21:59:33 [info     ] order.captured                 colour=4C (Front) delivery=98 package=5in1 paper=Gloss Art Card 250gsm (2 sides coated) - Best Seller quantities=35 size=A3 (297mm x 420mm)
22:03:45 [info     ] order.captured                 colour=4C (Both) delivery=98 package=5in1 paper=Gloss Art Card 250gsm (2 sides coated) - Best Seller quantities=35 size=A3 (297mm x 420mm)
22:04:07 [warning  ] order.configure_failed         colour=1C (Front) package=5in1 paper=Gloss Art Card 250gsm (2 sides coated) - Best Seller size=A3 (297mm x 420mm)
22:04:29 [warning  ] order.configure_failed         colour=1C (Both) package=5in1 paper=Gloss Art Card 250gsm (2 sides coated) - Best Seller size=A3 (297mm x 420mm)
22:04:29 [info     ] order.recycle_browser          processed=189
22:04:30 [info     ] browser.launched               channel=msedge headless=True
22:07:14 [info     ] order.captured                 colour=4C (Front) delivery=98 package=2in1 paper=Gloss Art Card 310gsm (2 sides coated) quantities=22 size=A3 (297mm x 420mm)
22:07:14 [info     ] order.progress                 done=110 empty=78 error=2
22:09:53 [info     ] order.captured                 colour=4C (Both) delivery=98 package=2in1 paper=Gloss Art Card 310gsm (2 sides coated) quantities=22 size=A3 (297mm x 420mm)
22:10:15 [warning  ] order.configure_failed         colour=1C (Front) package=2in1 paper=Gloss Art Card 310gsm (2 sides coated) size=A3 (297mm x 420mm)
22:10:35 [warning  ] order.configure_failed         colour=1C (Both) package=2in1 paper=Gloss Art Card 310gsm (2 sides coated) size=A3 (297mm x 420mm)
22:13:14 [info     ] order.captured                 colour=4C (Front) delivery=98 package=3in1 paper=Gloss Art Card 310gsm (2 sides coated) quantities=22 size=A3 (297mm x 420mm)
22:15:58 [info     ] order.captured                 colour=4C (Both) delivery=98 package=3in1 paper=Gloss Art Card 310gsm (2 sides coated) quantities=22 size=A3 (297mm x 420mm)
22:16:20 [warning  ] order.configure_failed         colour=1C (Front) package=3in1 paper=Gloss Art Card 310gsm (2 sides coated) size=A3 (297mm x 420mm)
22:16:41 [warning  ] order.configure_failed         colour=1C (Both) package=3in1 paper=Gloss Art Card 310gsm (2 sides coated) size=A3 (297mm x 420mm)
22:19:26 [info     ] order.captured                 colour=4C (Front) delivery=98 package=4in1 paper=Gloss Art Card 310gsm (2 sides coated) quantities=22 size=A3 (297mm x 420mm)
22:19:26 [info     ] order.recycle_browser          processed=198
22:19:27 [info     ] browser.launched               channel=msedge headless=True
22:22:20 [info     ] order.captured                 colour=4C (Both) delivery=98 package=4in1 paper=Gloss Art Card 310gsm (2 sides coated) quantities=22 size=A3 (297mm x 420mm)
22:22:20 [info     ] order.progress                 done=115 empty=82 error=2
22:22:42 [warning  ] order.configure_failed         colour=1C (Front) package=4in1 paper=Gloss Art Card 310gsm (2 sides coated) size=A3 (297mm x 420mm)
22:22:42 [info     ] order.progress                 done=115 empty=83 error=2
22:23:01 [warning  ] order.configure_failed         colour=1C (Both) package=4in1 paper=Gloss Art Card 310gsm (2 sides coated) size=A3 (297mm x 420mm)
22:23:01 [info     ] order.progress                 done=115 empty=84 error=2
22:25:42 [info     ] order.captured                 colour=4C (Front) delivery=98 package=5in1 paper=Gloss Art Card 310gsm (2 sides coated) quantities=22 size=A3 (297mm x 420mm)
22:28:27 [info     ] order.captured                 colour=4C (Both) delivery=98 package=5in1 paper=Gloss Art Card 310gsm (2 sides coated) quantities=22 size=A3 (297mm x 420mm)
22:28:50 [warning  ] order.configure_failed         colour=1C (Front) package=5in1 paper=Gloss Art Card 310gsm (2 sides coated) size=A3 (297mm x 420mm)
22:29:12 [warning  ] order.configure_failed         colour=1C (Both) package=5in1 paper=Gloss Art Card 310gsm (2 sides coated) size=A3 (297mm x 420mm)
22:31:50 [info     ] order.captured                 colour=4C (Front) delivery=98 package=2in1 paper=Gloss Art Card 360gsm (2 sides coated) quantities=22 size=A3 (297mm x 420mm)
22:34:31 [info     ] order.captured                 colour=4C (Both) delivery=98 package=2in1 paper=Gloss Art Card 360gsm (2 sides coated) quantities=22 size=A3 (297mm x 420mm)
22:34:31 [info     ] order.recycle_browser          processed=207
22:34:32 [info     ] browser.launched               channel=msedge headless=True
22:35:01 [warning  ] order.configure_failed         colour=1C (Front) package=2in1 paper=Gloss Art Card 360gsm (2 sides coated) size=A3 (297mm x 420mm)
22:35:21 [warning  ] order.configure_failed         colour=1C (Both) package=2in1 paper=Gloss Art Card 360gsm (2 sides coated) size=A3 (297mm x 420mm)
22:37:59 [info     ] order.captured                 colour=4C (Front) delivery=98 package=3in1 paper=Gloss Art Card 360gsm (2 sides coated) quantities=22 size=A3 (297mm x 420mm)
22:37:59 [info     ] order.progress                 done=120 empty=88 error=2
22:40:41 [info     ] order.captured                 colour=4C (Both) delivery=98 package=3in1 paper=Gloss Art Card 360gsm (2 sides coated) quantities=22 size=A3 (297mm x 420mm)
22:41:04 [warning  ] order.configure_failed         colour=1C (Front) package=3in1 paper=Gloss Art Card 360gsm (2 sides coated) size=A3 (297mm x 420mm)
22:41:24 [warning  ] order.configure_failed         colour=1C (Both) package=3in1 paper=Gloss Art Card 360gsm (2 sides coated) size=A3 (297mm x 420mm)
22:44:04 [info     ] order.captured                 colour=4C (Front) delivery=98 package=4in1 paper=Gloss Art Card 360gsm (2 sides coated) quantities=22 size=A3 (297mm x 420mm)
22:46:51 [info     ] order.captured                 colour=4C (Both) delivery=98 package=4in1 paper=Gloss Art Card 360gsm (2 sides coated) quantities=22 size=A3 (297mm x 420mm)
22:47:16 [warning  ] order.configure_failed         colour=1C (Front) package=4in1 paper=Gloss Art Card 360gsm (2 sides coated) size=A3 (297mm x 420mm)
22:47:16 [info     ] order.recycle_browser          processed=216
22:47:16 [info     ] browser.launched               channel=msedge headless=True
22:47:44 [warning  ] order.configure_failed         colour=1C (Both) package=4in1 paper=Gloss Art Card 360gsm (2 sides coated) size=A3 (297mm x 420mm)
22:50:29 [info     ] order.captured                 colour=4C (Front) delivery=98 package=5in1 paper=Gloss Art Card 360gsm (2 sides coated) quantities=22 size=A3 (297mm x 420mm)
22:53:16 [info     ] order.captured                 colour=4C (Both) delivery=98 package=5in1 paper=Gloss Art Card 360gsm (2 sides coated) quantities=22 size=A3 (297mm x 420mm)
22:53:16 [info     ] order.progress                 done=125 empty=92 error=2
22:53:38 [warning  ] order.configure_failed         colour=1C (Front) package=5in1 paper=Gloss Art Card 360gsm (2 sides coated) size=A3 (297mm x 420mm)
22:53:38 [info     ] order.progress                 done=125 empty=93 error=2
22:53:56 [warning  ] order.configure_failed         colour=1C (Both) package=5in1 paper=Gloss Art Card 360gsm (2 sides coated) size=A3 (297mm x 420mm)
22:53:56 [info     ] order.progress                 done=125 empty=94 error=2
22:56:28 [info     ] order.captured                 colour=4C (Front) delivery=98 package=2in1 paper=Simili 80gsm - Best Seller quantities=25 size=A4 (210mm x 297mm)
22:59:01 [info     ] order.captured                 colour=4C (Both) delivery=98 package=2in1 paper=Simili 80gsm - Best Seller quantities=25 size=A4 (210mm x 297mm)
23:02:07 [info     ] order.captured                 colour=1C (Front) delivery=98 package=2in1 paper=Simili 80gsm - Best Seller quantities=25 size=A4 (210mm x 297mm)
23:05:10 [info     ] order.captured                 colour=1C (Both) delivery=98 package=2in1 paper=Simili 80gsm - Best Seller quantities=25 size=A4 (210mm x 297mm)
23:05:10 [info     ] order.recycle_browser          processed=225
23:05:11 [info     ] browser.launched               channel=msedge headless=True
23:08:01 [info     ] order.captured                 colour=4C (Front) delivery=98 package=3in1 paper=Simili 80gsm - Best Seller quantities=25 size=A4 (210mm x 297mm)
23:08:01 [info     ] order.progress                 done=130 empty=94 error=2
23:10:42 [info     ] order.captured                 colour=4C (Both) delivery=98 package=3in1 paper=Simili 80gsm - Best Seller quantities=25 size=A4 (210mm x 297mm)
23:13:49 [info     ] order.captured                 colour=1C (Front) delivery=98 package=3in1 paper=Simili 80gsm - Best Seller quantities=25 size=A4 (210mm x 297mm)
23:16:59 [info     ] order.captured                 colour=1C (Both) delivery=98 package=3in1 paper=Simili 80gsm - Best Seller quantities=25 size=A4 (210mm x 297mm)
23:19:45 [info     ] order.captured                 colour=4C (Front) delivery=98 package=4in1 paper=Simili 80gsm - Best Seller quantities=25 size=A4 (210mm x 297mm)
23:22:30 [info     ] order.captured                 colour=4C (Both) delivery=98 package=4in1 paper=Simili 80gsm - Best Seller quantities=25 size=A4 (210mm x 297mm)
23:22:30 [info     ] order.progress                 done=135 empty=94 error=2
23:25:50 [info     ] order.captured                 colour=1C (Front) delivery=98 package=4in1 paper=Simili 80gsm - Best Seller quantities=25 size=A4 (210mm x 297mm)
23:29:11 [info     ] order.captured                 colour=1C (Both) delivery=98 package=4in1 paper=Simili 80gsm - Best Seller quantities=25 size=A4 (210mm x 297mm)
23:32:00 [info     ] order.captured                 colour=4C (Front) delivery=98 package=5in1 paper=Simili 80gsm - Best Seller quantities=25 size=A4 (210mm x 297mm)
23:32:00 [info     ] order.recycle_browser          processed=234
23:32:01 [info     ] browser.launched               channel=msedge headless=True
23:34:56 [info     ] order.captured                 colour=4C (Both) delivery=98 package=5in1 paper=Simili 80gsm - Best Seller quantities=25 size=A4 (210mm x 297mm)
23:38:18 [info     ] order.captured                 colour=1C (Front) delivery=98 package=5in1 paper=Simili 80gsm - Best Seller quantities=25 size=A4 (210mm x 297mm)
23:38:18 [info     ] order.progress                 done=140 empty=94 error=2
23:41:40 [info     ] order.captured                 colour=1C (Both) delivery=98 package=5in1 paper=Simili 80gsm - Best Seller quantities=25 size=A4 (210mm x 297mm)
23:44:19 [info     ] order.captured                 colour=4C (Front) delivery=98 package=2in1 paper=Simili 100gsm - Best Seller quantities=25 size=A4 (210mm x 297mm)
23:46:57 [info     ] order.captured                 colour=4C (Both) delivery=98 package=2in1 paper=Simili 100gsm - Best Seller quantities=25 size=A4 (210mm x 297mm)
23:50:09 [info     ] order.captured                 colour=1C (Front) delivery=98 package=2in1 paper=Simili 100gsm - Best Seller quantities=25 size=A4 (210mm x 297mm)
23:53:18 [info     ] order.captured                 colour=1C (Both) delivery=98 package=2in1 paper=Simili 100gsm - Best Seller quantities=25 size=A4 (210mm x 297mm)
23:53:18 [info     ] order.progress                 done=145 empty=94 error=2
23:56:04 [info     ] order.captured                 colour=4C (Front) delivery=98 package=3in1 paper=Simili 100gsm - Best Seller quantities=25 size=A4 (210mm x 297mm)
23:58:51 [info     ] order.captured                 colour=4C (Both) delivery=98 package=3in1 paper=Simili 100gsm - Best Seller quantities=25 size=A4 (210mm x 297mm)
23:58:51 [info     ] order.recycle_browser          processed=243
23:58:51 [info     ] browser.launched               channel=msedge headless=True
00:02:16 [info     ] order.captured                 colour=1C (Front) delivery=98 package=3in1 paper=Simili 100gsm - Best Seller quantities=25 size=A4 (210mm x 297mm)
00:05:35 [info     ] order.captured                 colour=1C (Both) delivery=98 package=3in1 paper=Simili 100gsm - Best Seller quantities=25 size=A4 (210mm x 297mm)
00:08:22 [info     ] order.captured                 colour=4C (Front) delivery=98 package=4in1 paper=Simili 100gsm - Best Seller quantities=25 size=A4 (210mm x 297mm)
00:08:22 [info     ] order.progress                 done=150 empty=94 error=2
00:11:09 [info     ] order.captured                 colour=4C (Both) delivery=98 package=4in1 paper=Simili 100gsm - Best Seller quantities=25 size=A4 (210mm x 297mm)
00:14:28 [info     ] order.captured                 colour=1C (Front) delivery=98 package=4in1 paper=Simili 100gsm - Best Seller quantities=25 size=A4 (210mm x 297mm)
00:17:45 [info     ] order.captured                 colour=1C (Both) delivery=98 package=4in1 paper=Simili 100gsm - Best Seller quantities=25 size=A4 (210mm x 297mm)
00:20:38 [info     ] order.captured                 colour=4C (Front) delivery=98 package=5in1 paper=Simili 100gsm - Best Seller quantities=25 size=A4 (210mm x 297mm)
00:23:30 [info     ] order.captured                 colour=4C (Both) delivery=98 package=5in1 paper=Simili 100gsm - Best Seller quantities=25 size=A4 (210mm x 297mm)
00:23:30 [info     ] order.progress                 done=155 empty=94 error=2
00:26:53 [info     ] order.captured                 colour=1C (Front) delivery=98 package=5in1 paper=Simili 100gsm - Best Seller quantities=25 size=A4 (210mm x 297mm)
00:26:53 [info     ] order.recycle_browser          processed=252
00:26:53 [info     ] browser.launched               channel=msedge headless=True
00:30:25 [info     ] order.captured                 colour=1C (Both) delivery=98 package=5in1 paper=Simili 100gsm - Best Seller quantities=25 size=A4 (210mm x 297mm)
00:33:15 [info     ] order.captured                 colour=4C (Front) delivery=98 package=2in1 paper=Simili 140gsm - Best Seller quantities=25 size=A4 (210mm x 297mm)
00:36:02 [info     ] order.captured                 colour=4C (Both) delivery=98 package=2in1 paper=Simili 140gsm - Best Seller quantities=25 size=A4 (210mm x 297mm)
00:36:24 [warning  ] order.configure_failed         colour=1C (Front) package=2in1 paper=Simili 140gsm - Best Seller size=A4 (210mm x 297mm)
00:36:44 [warning  ] order.configure_failed         colour=1C (Both) package=2in1 paper=Simili 140gsm - Best Seller size=A4 (210mm x 297mm)
00:39:36 [info     ] order.captured                 colour=4C (Front) delivery=98 package=3in1 paper=Simili 140gsm - Best Seller quantities=25 size=A4 (210mm x 297mm)
00:39:36 [info     ] order.progress                 done=160 empty=96 error=2
00:42:30 [info     ] order.captured                 colour=4C (Both) delivery=98 package=3in1 paper=Simili 140gsm - Best Seller quantities=25 size=A4 (210mm x 297mm)
00:42:53 [warning  ] order.configure_failed         colour=1C (Front) package=3in1 paper=Simili 140gsm - Best Seller size=A4 (210mm x 297mm)
00:43:14 [warning  ] order.configure_failed         colour=1C (Both) package=3in1 paper=Simili 140gsm - Best Seller size=A4 (210mm x 297mm)
00:43:14 [info     ] order.recycle_browser          processed=261
00:43:14 [info     ] browser.launched               channel=msedge headless=True
00:46:13 [info     ] order.captured                 colour=4C (Front) delivery=98 package=4in1 paper=Simili 140gsm - Best Seller quantities=25 size=A4 (210mm x 297mm)
00:49:09 [info     ] order.captured                 colour=4C (Both) delivery=98 package=4in1 paper=Simili 140gsm - Best Seller quantities=25 size=A4 (210mm x 297mm)
00:49:31 [warning  ] order.configure_failed         colour=1C (Front) package=4in1 paper=Simili 140gsm - Best Seller size=A4 (210mm x 297mm)
00:49:53 [warning  ] order.configure_failed         colour=1C (Both) package=4in1 paper=Simili 140gsm - Best Seller size=A4 (210mm x 297mm)
00:52:47 [info     ] order.captured                 colour=4C (Front) delivery=98 package=5in1 paper=Simili 140gsm - Best Seller quantities=25 size=A4 (210mm x 297mm)
00:55:43 [info     ] order.captured                 colour=4C (Both) delivery=98 package=5in1 paper=Simili 140gsm - Best Seller quantities=25 size=A4 (210mm x 297mm)
00:55:43 [info     ] order.progress                 done=165 empty=100 error=2
00:56:05 [warning  ] order.configure_failed         colour=1C (Front) package=5in1 paper=Simili 140gsm - Best Seller size=A4 (210mm x 297mm)
00:56:05 [info     ] order.progress                 done=165 empty=101 error=2
00:56:25 [warning  ] order.configure_failed         colour=1C (Both) package=5in1 paper=Simili 140gsm - Best Seller size=A4 (210mm x 297mm)
00:56:25 [info     ] order.progress                 done=165 empty=102 error=2
00:59:02 [info     ] order.captured                 colour=4C (Front) delivery=98 package=2in1 paper=Gloss Art Paper 100gsm - Best Seller quantities=25 size=A4 (210mm x 297mm)
00:59:02 [info     ] order.recycle_browser          processed=270
00:59:03 [info     ] browser.launched               channel=msedge headless=True
01:01:50 [info     ] order.captured                 colour=4C (Both) delivery=98 package=2in1 paper=Gloss Art Paper 100gsm - Best Seller quantities=25 size=A4 (210mm x 297mm)
01:02:12 [warning  ] order.configure_failed         colour=1C (Front) package=2in1 paper=Gloss Art Paper 100gsm - Best Seller size=A4 (210mm x 297mm)
01:02:33 [warning  ] order.configure_failed         colour=1C (Both) package=2in1 paper=Gloss Art Paper 100gsm - Best Seller size=A4 (210mm x 297mm)
01:05:18 [info     ] order.captured                 colour=4C (Front) delivery=98 package=3in1 paper=Gloss Art Paper 100gsm - Best Seller quantities=25 size=A4 (210mm x 297mm)
01:08:03 [info     ] order.captured                 colour=4C (Both) delivery=98 package=3in1 paper=Gloss Art Paper 100gsm - Best Seller quantities=25 size=A4 (210mm x 297mm)
01:08:26 [warning  ] order.configure_failed         colour=1C (Front) package=3in1 paper=Gloss Art Paper 100gsm - Best Seller size=A4 (210mm x 297mm)
01:08:45 [warning  ] order.configure_failed         colour=1C (Both) package=3in1 paper=Gloss Art Paper 100gsm - Best Seller size=A4 (210mm x 297mm)
01:11:33 [info     ] order.captured                 colour=4C (Front) delivery=98 package=4in1 paper=Gloss Art Paper 100gsm - Best Seller quantities=25 size=A4 (210mm x 297mm)
01:11:33 [info     ] order.progress                 done=170 empty=106 error=2
01:14:21 [info     ] order.captured                 colour=4C (Both) delivery=98 package=4in1 paper=Gloss Art Paper 100gsm - Best Seller quantities=25 size=A4 (210mm x 297mm)
01:14:21 [info     ] order.recycle_browser          processed=279
01:14:22 [info     ] browser.launched               channel=msedge headless=True
01:14:51 [warning  ] order.configure_failed         colour=1C (Front) package=4in1 paper=Gloss Art Paper 100gsm - Best Seller size=A4 (210mm x 297mm)
01:15:13 [warning  ] order.configure_failed         colour=1C (Both) package=4in1 paper=Gloss Art Paper 100gsm - Best Seller size=A4 (210mm x 297mm)
01:18:03 [info     ] order.captured                 colour=4C (Front) delivery=98 package=5in1 paper=Gloss Art Paper 100gsm - Best Seller quantities=25 size=A4 (210mm x 297mm)
01:20:57 [info     ] order.captured                 colour=4C (Both) delivery=98 package=5in1 paper=Gloss Art Paper 100gsm - Best Seller quantities=25 size=A4 (210mm x 297mm)
01:21:19 [warning  ] order.configure_failed         colour=1C (Front) package=5in1 paper=Gloss Art Paper 100gsm - Best Seller size=A4 (210mm x 297mm)
01:21:38 [warning  ] order.configure_failed         colour=1C (Both) package=5in1 paper=Gloss Art Paper 100gsm - Best Seller size=A4 (210mm x 297mm)
01:24:17 [info     ] order.captured                 colour=4C (Front) delivery=98 package=2in1 paper=Gloss Art Paper 128gsm - Best Seller quantities=25 size=A4 (210mm x 297mm)
01:26:58 [info     ] order.captured                 colour=4C (Both) delivery=98 package=2in1 paper=Gloss Art Paper 128gsm - Best Seller quantities=25 size=A4 (210mm x 297mm)
01:26:58 [info     ] order.progress                 done=175 empty=110 error=2
01:27:21 [warning  ] order.configure_failed         colour=1C (Front) package=2in1 paper=Gloss Art Paper 128gsm - Best Seller size=A4 (210mm x 297mm)
01:27:21 [info     ] order.progress                 done=175 empty=111 error=2
01:27:21 [info     ] order.recycle_browser          processed=288
01:27:22 [info     ] browser.launched               channel=msedge headless=True
01:27:48 [warning  ] order.configure_failed         colour=1C (Both) package=2in1 paper=Gloss Art Paper 128gsm - Best Seller size=A4 (210mm x 297mm)
01:27:48 [info     ] order.progress                 done=175 empty=112 error=2
01:30:34 [info     ] order.captured                 colour=4C (Front) delivery=98 package=3in1 paper=Gloss Art Paper 128gsm - Best Seller quantities=25 size=A4 (210mm x 297mm)
01:33:21 [info     ] order.captured                 colour=4C (Both) delivery=98 package=3in1 paper=Gloss Art Paper 128gsm - Best Seller quantities=25 size=A4 (210mm x 297mm)
01:33:45 [warning  ] order.configure_failed         colour=1C (Front) package=3in1 paper=Gloss Art Paper 128gsm - Best Seller size=A4 (210mm x 297mm)
01:34:05 [warning  ] order.configure_failed         colour=1C (Both) package=3in1 paper=Gloss Art Paper 128gsm - Best Seller size=A4 (210mm x 297mm)
01:36:56 [info     ] order.captured                 colour=4C (Front) delivery=98 package=4in1 paper=Gloss Art Paper 128gsm - Best Seller quantities=25 size=A4 (210mm x 297mm)
01:39:46 [info     ] order.captured                 colour=4C (Both) delivery=98 package=4in1 paper=Gloss Art Paper 128gsm - Best Seller quantities=25 size=A4 (210mm x 297mm)
01:40:11 [warning  ] order.configure_failed         colour=1C (Front) package=4in1 paper=Gloss Art Paper 128gsm - Best Seller size=A4 (210mm x 297mm)
01:40:33 [warning  ] order.configure_failed         colour=1C (Both) package=4in1 paper=Gloss Art Paper 128gsm - Best Seller size=A4 (210mm x 297mm)
01:40:33 [info     ] order.recycle_browser          processed=297
01:40:33 [info     ] browser.launched               channel=msedge headless=True
01:43:30 [info     ] order.captured                 colour=4C (Front) delivery=98 package=5in1 paper=Gloss Art Paper 128gsm - Best Seller quantities=25 size=A4 (210mm x 297mm)
01:43:30 [info     ] order.progress                 done=180 empty=116 error=2
01:46:23 [info     ] order.captured                 colour=4C (Both) delivery=98 package=5in1 paper=Gloss Art Paper 128gsm - Best Seller quantities=25 size=A4 (210mm x 297mm)
01:46:46 [warning  ] order.configure_failed         colour=1C (Front) package=5in1 paper=Gloss Art Paper 128gsm - Best Seller size=A4 (210mm x 297mm)
01:47:08 [warning  ] order.configure_failed         colour=1C (Both) package=5in1 paper=Gloss Art Paper 128gsm - Best Seller size=A4 (210mm x 297mm)
01:49:53 [info     ] order.captured                 colour=4C (Front) delivery=98 package=2in1 paper=Gloss Art Paper 150gsm - Best Seller quantities=25 size=A4 (210mm x 297mm)
01:52:37 [info     ] order.captured                 colour=4C (Both) delivery=98 package=2in1 paper=Gloss Art Paper 150gsm - Best Seller quantities=25 size=A4 (210mm x 297mm)
01:53:00 [warning  ] order.configure_failed         colour=1C (Front) package=2in1 paper=Gloss Art Paper 150gsm - Best Seller size=A4 (210mm x 297mm)
01:53:20 [warning  ] order.configure_failed         colour=1C (Both) package=2in1 paper=Gloss Art Paper 150gsm - Best Seller size=A4 (210mm x 297mm)
01:56:12 [info     ] order.captured                 colour=4C (Front) delivery=98 package=3in1 paper=Gloss Art Paper 150gsm - Best Seller quantities=25 size=A4 (210mm x 297mm)
01:56:12 [info     ] order.recycle_browser          processed=306
01:56:13 [info     ] browser.launched               channel=msedge headless=True
01:59:11 [info     ] order.captured                 colour=4C (Both) delivery=98 package=3in1 paper=Gloss Art Paper 150gsm - Best Seller quantities=25 size=A4 (210mm x 297mm)
01:59:11 [info     ] order.progress                 done=185 empty=120 error=2
01:59:31 [warning  ] order.configure_failed         colour=1C (Front) package=3in1 paper=Gloss Art Paper 150gsm - Best Seller size=A4 (210mm x 297mm)
01:59:31 [info     ] order.progress                 done=185 empty=121 error=2
01:59:47 [warning  ] order.configure_failed         colour=1C (Both) package=3in1 paper=Gloss Art Paper 150gsm - Best Seller size=A4 (210mm x 297mm)
01:59:47 [info     ] order.progress                 done=185 empty=122 error=2
02:02:30 [info     ] order.captured                 colour=4C (Front) delivery=98 package=4in1 paper=Gloss Art Paper 150gsm - Best Seller quantities=25 size=A4 (210mm x 297mm)
02:05:14 [info     ] order.captured                 colour=4C (Both) delivery=98 package=4in1 paper=Gloss Art Paper 150gsm - Best Seller quantities=25 size=A4 (210mm x 297mm)
02:05:31 [warning  ] order.configure_failed         colour=1C (Front) package=4in1 paper=Gloss Art Paper 150gsm - Best Seller size=A4 (210mm x 297mm)
02:05:48 [warning  ] order.configure_failed         colour=1C (Both) package=4in1 paper=Gloss Art Paper 150gsm - Best Seller size=A4 (210mm x 297mm)
02:08:35 [info     ] order.captured                 colour=4C (Front) delivery=98 package=5in1 paper=Gloss Art Paper 150gsm - Best Seller quantities=25 size=A4 (210mm x 297mm)
02:11:24 [info     ] order.captured                 colour=4C (Both) delivery=98 package=5in1 paper=Gloss Art Paper 150gsm - Best Seller quantities=25 size=A4 (210mm x 297mm)
02:11:24 [info     ] order.recycle_browser          processed=315
02:11:24 [info     ] browser.launched               channel=msedge headless=True
02:11:49 [warning  ] order.configure_failed         colour=1C (Front) package=5in1 paper=Gloss Art Paper 150gsm - Best Seller size=A4 (210mm x 297mm)
02:12:06 [warning  ] order.configure_failed         colour=1C (Both) package=5in1 paper=Gloss Art Paper 150gsm - Best Seller size=A4 (210mm x 297mm)
02:14:52 [info     ] order.captured                 colour=4C (Front) delivery=98 package=2in1 paper=Matte Art Paper 130gsm - Best Seller quantities=25 size=A4 (210mm x 297mm)
02:14:52 [info     ] order.progress                 done=190 empty=126 error=2
02:17:38 [info     ] order.captured                 colour=4C (Both) delivery=98 package=2in1 paper=Matte Art Paper 130gsm - Best Seller quantities=25 size=A4 (210mm x 297mm)
02:17:56 [warning  ] order.configure_failed         colour=1C (Front) package=2in1 paper=Matte Art Paper 130gsm - Best Seller size=A4 (210mm x 297mm)
02:18:12 [warning  ] order.configure_failed         colour=1C (Both) package=2in1 paper=Matte Art Paper 130gsm - Best Seller size=A4 (210mm x 297mm)
02:21:03 [info     ] order.captured                 colour=4C (Front) delivery=98 package=3in1 paper=Matte Art Paper 130gsm - Best Seller quantities=25 size=A4 (210mm x 297mm)
02:23:54 [info     ] order.captured                 colour=4C (Both) delivery=98 package=3in1 paper=Matte Art Paper 130gsm - Best Seller quantities=25 size=A4 (210mm x 297mm)
02:24:12 [warning  ] order.configure_failed         colour=1C (Front) package=3in1 paper=Matte Art Paper 130gsm - Best Seller size=A4 (210mm x 297mm)
02:24:12 [info     ] order.recycle_browser          processed=324
02:24:13 [info     ] browser.launched               channel=msedge headless=True
02:24:38 [warning  ] order.configure_failed         colour=1C (Both) package=3in1 paper=Matte Art Paper 130gsm - Best Seller size=A4 (210mm x 297mm)
02:27:34 [info     ] order.captured                 colour=4C (Front) delivery=98 package=4in1 paper=Matte Art Paper 130gsm - Best Seller quantities=25 size=A4 (210mm x 297mm)
02:30:27 [info     ] order.captured                 colour=4C (Both) delivery=98 package=4in1 paper=Matte Art Paper 130gsm - Best Seller quantities=25 size=A4 (210mm x 297mm)
02:30:27 [info     ] order.progress                 done=195 empty=130 error=2
02:30:45 [warning  ] order.configure_failed         colour=1C (Front) package=4in1 paper=Matte Art Paper 130gsm - Best Seller size=A4 (210mm x 297mm)
02:30:45 [info     ] order.progress                 done=195 empty=131 error=2
02:31:03 [warning  ] order.configure_failed         colour=1C (Both) package=4in1 paper=Matte Art Paper 130gsm - Best Seller size=A4 (210mm x 297mm)
02:31:03 [info     ] order.progress                 done=195 empty=132 error=2
02:33:51 [info     ] order.captured                 colour=4C (Front) delivery=98 package=5in1 paper=Matte Art Paper 130gsm - Best Seller quantities=25 size=A4 (210mm x 297mm)
02:36:44 [info     ] order.captured                 colour=4C (Both) delivery=98 package=5in1 paper=Matte Art Paper 130gsm - Best Seller quantities=25 size=A4 (210mm x 297mm)
02:37:03 [warning  ] order.configure_failed         colour=1C (Front) package=5in1 paper=Matte Art Paper 130gsm - Best Seller size=A4 (210mm x 297mm)
02:37:20 [warning  ] order.configure_failed         colour=1C (Both) package=5in1 paper=Matte Art Paper 130gsm - Best Seller size=A4 (210mm x 297mm)
02:37:20 [info     ] order.recycle_browser          processed=333
02:37:21 [info     ] browser.launched               channel=msedge headless=True
02:39:39 [info     ] order.captured                 colour=4C (Front) delivery=98 package=2in1 paper=Gloss Art Card 230gsm (2 sides coated) quantities=22 size=A4 (210mm x 297mm)
02:41:52 [info     ] order.captured                 colour=4C (Both) delivery=98 package=2in1 paper=Gloss Art Card 230gsm (2 sides coated) quantities=22 size=A4 (210mm x 297mm)
02:42:13 [warning  ] order.configure_failed         colour=1C (Front) package=2in1 paper=Gloss Art Card 230gsm (2 sides coated) size=A4 (210mm x 297mm)
02:42:29 [warning  ] order.configure_failed         colour=1C (Both) package=2in1 paper=Gloss Art Card 230gsm (2 sides coated) size=A4 (210mm x 297mm)
02:44:51 [info     ] order.captured                 colour=4C (Front) delivery=98 package=3in1 paper=Gloss Art Card 230gsm (2 sides coated) quantities=22 size=A4 (210mm x 297mm)
02:44:51 [info     ] order.progress                 done=200 empty=136 error=2
02:47:14 [info     ] order.captured                 colour=4C (Both) delivery=98 package=3in1 paper=Gloss Art Card 230gsm (2 sides coated) quantities=22 size=A4 (210mm x 297mm)
02:47:32 [warning  ] order.configure_failed         colour=1C (Front) package=3in1 paper=Gloss Art Card 230gsm (2 sides coated) size=A4 (210mm x 297mm)
02:47:49 [warning  ] order.configure_failed         colour=1C (Both) package=3in1 paper=Gloss Art Card 230gsm (2 sides coated) size=A4 (210mm x 297mm)
02:50:14 [info     ] order.captured                 colour=4C (Front) delivery=98 package=4in1 paper=Gloss Art Card 230gsm (2 sides coated) quantities=22 size=A4 (210mm x 297mm)
02:50:14 [info     ] order.recycle_browser          processed=342
02:50:14 [info     ] browser.launched               channel=msedge headless=True
02:52:50 [info     ] order.captured                 colour=4C (Both) delivery=98 package=4in1 paper=Gloss Art Card 230gsm (2 sides coated) quantities=22 size=A4 (210mm x 297mm)
02:53:08 [warning  ] order.configure_failed         colour=1C (Front) package=4in1 paper=Gloss Art Card 230gsm (2 sides coated) size=A4 (210mm x 297mm)
02:53:25 [warning  ] order.configure_failed         colour=1C (Both) package=4in1 paper=Gloss Art Card 230gsm (2 sides coated) size=A4 (210mm x 297mm)
02:55:55 [info     ] order.captured                 colour=4C (Front) delivery=98 package=5in1 paper=Gloss Art Card 230gsm (2 sides coated) quantities=22 size=A4 (210mm x 297mm)
02:58:26 [info     ] order.captured                 colour=4C (Both) delivery=98 package=5in1 paper=Gloss Art Card 230gsm (2 sides coated) quantities=22 size=A4 (210mm x 297mm)
02:58:26 [info     ] order.progress                 done=205 empty=140 error=2
02:58:46 [warning  ] order.configure_failed         colour=1C (Front) package=5in1 paper=Gloss Art Card 230gsm (2 sides coated) size=A4 (210mm x 297mm)
02:58:46 [info     ] order.progress                 done=205 empty=141 error=2
02:59:03 [warning  ] order.configure_failed         colour=1C (Both) package=5in1 paper=Gloss Art Card 230gsm (2 sides coated) size=A4 (210mm x 297mm)
02:59:03 [info     ] order.progress                 done=205 empty=142 error=2
03:02:42 [info     ] order.captured                 colour=4C (Front) delivery=98 package=2in1 paper=Gloss Art Card 250gsm (2 sides coated) - Best Seller quantities=35 size=A4 (210mm x 297mm)
03:06:24 [info     ] order.captured                 colour=4C (Both) delivery=98 package=2in1 paper=Gloss Art Card 250gsm (2 sides coated) - Best Seller quantities=35 size=A4 (210mm x 297mm)
03:06:24 [info     ] order.recycle_browser          processed=351
03:06:25 [info     ] browser.launched               channel=msedge headless=True
03:06:49 [warning  ] order.configure_failed         colour=1C (Front) package=2in1 paper=Gloss Art Card 250gsm (2 sides coated) - Best Seller size=A4 (210mm x 297mm)
03:07:06 [warning  ] order.configure_failed         colour=1C (Both) package=2in1 paper=Gloss Art Card 250gsm (2 sides coated) - Best Seller size=A4 (210mm x 297mm)
03:10:59 [info     ] order.captured                 colour=4C (Front) delivery=98 package=3in1 paper=Gloss Art Card 250gsm (2 sides coated) - Best Seller quantities=35 size=A4 (210mm x 297mm)
03:14:51 [info     ] order.captured                 colour=4C (Both) delivery=98 package=3in1 paper=Gloss Art Card 250gsm (2 sides coated) - Best Seller quantities=35 size=A4 (210mm x 297mm)
03:15:10 [warning  ] order.configure_failed         colour=1C (Front) package=3in1 paper=Gloss Art Card 250gsm (2 sides coated) - Best Seller size=A4 (210mm x 297mm)
03:15:27 [warning  ] order.configure_failed         colour=1C (Both) package=3in1 paper=Gloss Art Card 250gsm (2 sides coated) - Best Seller size=A4 (210mm x 297mm)
03:19:22 [info     ] order.captured                 colour=4C (Front) delivery=98 package=4in1 paper=Gloss Art Card 250gsm (2 sides coated) - Best Seller quantities=35 size=A4 (210mm x 297mm)
03:19:22 [info     ] order.progress                 done=210 empty=146 error=2
03:23:17 [info     ] order.captured                 colour=4C (Both) delivery=98 package=4in1 paper=Gloss Art Card 250gsm (2 sides coated) - Best Seller quantities=35 size=A4 (210mm x 297mm)
03:23:37 [warning  ] order.configure_failed         colour=1C (Front) package=4in1 paper=Gloss Art Card 250gsm (2 sides coated) - Best Seller size=A4 (210mm x 297mm)
03:23:37 [info     ] order.recycle_browser          processed=360
03:23:38 [info     ] browser.launched               channel=msedge headless=True
03:24:00 [warning  ] order.configure_failed         colour=1C (Both) package=4in1 paper=Gloss Art Card 250gsm (2 sides coated) - Best Seller size=A4 (210mm x 297mm)
03:27:56 [info     ] order.captured                 colour=4C (Front) delivery=98 package=5in1 paper=Gloss Art Card 250gsm (2 sides coated) - Best Seller quantities=35 size=A4 (210mm x 297mm)
03:31:57 [info     ] order.captured                 colour=4C (Both) delivery=98 package=5in1 paper=Gloss Art Card 250gsm (2 sides coated) - Best Seller quantities=35 size=A4 (210mm x 297mm)
03:32:15 [warning  ] order.configure_failed         colour=1C (Front) package=5in1 paper=Gloss Art Card 250gsm (2 sides coated) - Best Seller size=A4 (210mm x 297mm)
03:32:33 [warning  ] order.configure_failed         colour=1C (Both) package=5in1 paper=Gloss Art Card 250gsm (2 sides coated) - Best Seller size=A4 (210mm x 297mm)
03:34:57 [info     ] order.captured                 colour=4C (Front) delivery=98 package=2in1 paper=Gloss Art Card 310gsm (2 sides coated) quantities=22 size=A4 (210mm x 297mm)
03:37:21 [info     ] order.captured                 colour=4C (Both) delivery=98 package=2in1 paper=Gloss Art Card 310gsm (2 sides coated) quantities=22 size=A4 (210mm x 297mm)
03:37:21 [info     ] order.progress                 done=215 empty=150 error=2
03:37:39 [warning  ] order.configure_failed         colour=1C (Front) package=2in1 paper=Gloss Art Card 310gsm (2 sides coated) size=A4 (210mm x 297mm)
03:37:39 [info     ] order.progress                 done=215 empty=151 error=2
03:37:56 [warning  ] order.configure_failed         colour=1C (Both) package=2in1 paper=Gloss Art Card 310gsm (2 sides coated) size=A4 (210mm x 297mm)
03:37:56 [info     ] order.progress                 done=215 empty=152 error=2
03:37:56 [info     ] order.recycle_browser          processed=369
03:37:57 [info     ] browser.launched               channel=msedge headless=True
03:40:33 [info     ] order.captured                 colour=4C (Front) delivery=98 package=3in1 paper=Gloss Art Card 310gsm (2 sides coated) quantities=22 size=A4 (210mm x 297mm)
03:43:06 [info     ] order.captured                 colour=4C (Both) delivery=98 package=3in1 paper=Gloss Art Card 310gsm (2 sides coated) quantities=22 size=A4 (210mm x 297mm)
03:43:24 [warning  ] order.configure_failed         colour=1C (Front) package=3in1 paper=Gloss Art Card 310gsm (2 sides coated) size=A4 (210mm x 297mm)
03:43:40 [warning  ] order.configure_failed         colour=1C (Both) package=3in1 paper=Gloss Art Card 310gsm (2 sides coated) size=A4 (210mm x 297mm)
03:46:14 [info     ] order.captured                 colour=4C (Front) delivery=98 package=4in1 paper=Gloss Art Card 310gsm (2 sides coated) quantities=22 size=A4 (210mm x 297mm)
03:48:43 [info     ] order.captured                 colour=4C (Both) delivery=98 package=4in1 paper=Gloss Art Card 310gsm (2 sides coated) quantities=22 size=A4 (210mm x 297mm)
03:49:03 [warning  ] order.configure_failed         colour=1C (Front) package=4in1 paper=Gloss Art Card 310gsm (2 sides coated) size=A4 (210mm x 297mm)
03:49:20 [warning  ] order.configure_failed         colour=1C (Both) package=4in1 paper=Gloss Art Card 310gsm (2 sides coated) size=A4 (210mm x 297mm)
03:51:52 [info     ] order.captured                 colour=4C (Front) delivery=98 package=5in1 paper=Gloss Art Card 310gsm (2 sides coated) quantities=22 size=A4 (210mm x 297mm)
03:51:52 [info     ] order.progress                 done=220 empty=156 error=2
03:51:52 [info     ] order.recycle_browser          processed=378
03:51:53 [info     ] browser.launched               channel=msedge headless=True
03:54:38 [info     ] order.captured                 colour=4C (Both) delivery=98 package=5in1 paper=Gloss Art Card 310gsm (2 sides coated) quantities=22 size=A4 (210mm x 297mm)
03:54:57 [warning  ] order.configure_failed         colour=1C (Front) package=5in1 paper=Gloss Art Card 310gsm (2 sides coated) size=A4 (210mm x 297mm)
03:55:13 [warning  ] order.configure_failed         colour=1C (Both) package=5in1 paper=Gloss Art Card 310gsm (2 sides coated) size=A4 (210mm x 297mm)
03:57:36 [info     ] order.captured                 colour=4C (Front) delivery=98 package=2in1 paper=Gloss Art Card 360gsm (2 sides coated) quantities=22 size=A4 (210mm x 297mm)
04:00:05 [info     ] order.captured                 colour=4C (Both) delivery=98 package=2in1 paper=Gloss Art Card 360gsm (2 sides coated) quantities=22 size=A4 (210mm x 297mm)
04:00:24 [warning  ] order.configure_failed         colour=1C (Front) package=2in1 paper=Gloss Art Card 360gsm (2 sides coated) size=A4 (210mm x 297mm)
04:00:40 [warning  ] order.configure_failed         colour=1C (Both) package=2in1 paper=Gloss Art Card 360gsm (2 sides coated) size=A4 (210mm x 297mm)
04:03:11 [info     ] order.captured                 colour=4C (Front) delivery=98 package=3in1 paper=Gloss Art Card 360gsm (2 sides coated) quantities=22 size=A4 (210mm x 297mm)
04:05:42 [info     ] order.captured                 colour=4C (Both) delivery=98 package=3in1 paper=Gloss Art Card 360gsm (2 sides coated) quantities=22 size=A4 (210mm x 297mm)
04:05:42 [info     ] order.progress                 done=225 empty=160 error=2
04:05:42 [info     ] order.recycle_browser          processed=387
04:05:43 [info     ] browser.launched               channel=msedge headless=True
04:06:06 [warning  ] order.configure_failed         colour=1C (Front) package=3in1 paper=Gloss Art Card 360gsm (2 sides coated) size=A4 (210mm x 297mm)
04:06:06 [info     ] order.progress                 done=225 empty=161 error=2
04:06:24 [warning  ] order.configure_failed         colour=1C (Both) package=3in1 paper=Gloss Art Card 360gsm (2 sides coated) size=A4 (210mm x 297mm)
04:06:24 [info     ] order.progress                 done=225 empty=162 error=2
04:09:00 [info     ] order.captured                 colour=4C (Front) delivery=98 package=4in1 paper=Gloss Art Card 360gsm (2 sides coated) quantities=22 size=A4 (210mm x 297mm)
04:11:38 [info     ] order.captured                 colour=4C (Both) delivery=98 package=4in1 paper=Gloss Art Card 360gsm (2 sides coated) quantities=22 size=A4 (210mm x 297mm)
04:11:55 [warning  ] order.configure_failed         colour=1C (Front) package=4in1 paper=Gloss Art Card 360gsm (2 sides coated) size=A4 (210mm x 297mm)
04:12:13 [warning  ] order.configure_failed         colour=1C (Both) package=4in1 paper=Gloss Art Card 360gsm (2 sides coated) size=A4 (210mm x 297mm)
04:14:50 [info     ] order.captured                 colour=4C (Front) delivery=98 package=5in1 paper=Gloss Art Card 360gsm (2 sides coated) quantities=22 size=A4 (210mm x 297mm)
04:17:30 [info     ] order.captured                 colour=4C (Both) delivery=98 package=5in1 paper=Gloss Art Card 360gsm (2 sides coated) quantities=22 size=A4 (210mm x 297mm)
04:17:50 [warning  ] order.configure_failed         colour=1C (Front) package=5in1 paper=Gloss Art Card 360gsm (2 sides coated) size=A4 (210mm x 297mm)
04:17:50 [info     ] order.recycle_browser          processed=396
04:17:50 [info     ] browser.launched               channel=msedge headless=True
04:18:14 [warning  ] order.configure_failed         colour=1C (Both) package=5in1 paper=Gloss Art Card 360gsm (2 sides coated) size=A4 (210mm x 297mm)
04:20:45 [info     ] order.captured                 colour=4C (Front) delivery=98 package=2in1 paper=Simili 80gsm - Best Seller quantities=25 size=A5 (148mm x 210mm)
04:20:45 [info     ] order.progress                 done=230 empty=166 error=2
04:23:17 [info     ] order.captured                 colour=4C (Both) delivery=98 package=2in1 paper=Simili 80gsm - Best Seller quantities=25 size=A5 (148mm x 210mm)
04:26:16 [info     ] order.captured                 colour=1C (Front) delivery=98 package=2in1 paper=Simili 80gsm - Best Seller quantities=25 size=A5 (148mm x 210mm)
04:29:21 [info     ] order.captured                 colour=1C (Both) delivery=98 package=2in1 paper=Simili 80gsm - Best Seller quantities=25 size=A5 (148mm x 210mm)
04:32:01 [info     ] order.captured                 colour=4C (Front) delivery=98 package=3in1 paper=Simili 80gsm - Best Seller quantities=25 size=A5 (148mm x 210mm)
04:34:40 [info     ] order.captured                 colour=4C (Both) delivery=98 package=3in1 paper=Simili 80gsm - Best Seller quantities=25 size=A5 (148mm x 210mm)
04:34:40 [info     ] order.progress                 done=235 empty=166 error=2
04:37:50 [info     ] order.captured                 colour=1C (Front) delivery=98 package=3in1 paper=Simili 80gsm - Best Seller quantities=25 size=A5 (148mm x 210mm)
04:41:01 [info     ] order.captured                 colour=1C (Both) delivery=98 package=3in1 paper=Simili 80gsm - Best Seller quantities=25 size=A5 (148mm x 210mm)
04:41:01 [info     ] order.recycle_browser          processed=405
04:41:02 [info     ] browser.launched               channel=msedge headless=True
04:43:45 [info     ] order.captured                 colour=4C (Front) delivery=98 package=4in1 paper=Simili 80gsm - Best Seller quantities=25 size=A5 (148mm x 210mm)
04:46:26 [info     ] order.captured                 colour=4C (Both) delivery=98 package=4in1 paper=Simili 80gsm - Best Seller quantities=25 size=A5 (148mm x 210mm)
04:49:40 [info     ] order.captured                 colour=1C (Front) delivery=98 package=4in1 paper=Simili 80gsm - Best Seller quantities=25 size=A5 (148mm x 210mm)
04:49:40 [info     ] order.progress                 done=240 empty=166 error=2
04:52:51 [info     ] order.captured                 colour=1C (Both) delivery=98 package=4in1 paper=Simili 80gsm - Best Seller quantities=25 size=A5 (148mm x 210mm)
04:55:32 [info     ] order.captured                 colour=4C (Front) delivery=98 package=5in1 paper=Simili 80gsm - Best Seller quantities=25 size=A5 (148mm x 210mm)
04:58:17 [info     ] order.captured                 colour=4C (Both) delivery=98 package=5in1 paper=Simili 80gsm - Best Seller quantities=25 size=A5 (148mm x 210mm)
05:01:34 [info     ] order.captured                 colour=1C (Front) delivery=98 package=5in1 paper=Simili 80gsm - Best Seller quantities=25 size=A5 (148mm x 210mm)
05:04:52 [info     ] order.captured                 colour=1C (Both) delivery=98 package=5in1 paper=Simili 80gsm - Best Seller quantities=25 size=A5 (148mm x 210mm)
05:04:52 [info     ] order.progress                 done=245 empty=166 error=2
05:07:33 [info     ] order.captured                 colour=4C (Front) delivery=98 package=2in1 paper=Simili 100gsm - Best Seller quantities=25 size=A5 (148mm x 210mm)
05:07:33 [info     ] order.recycle_browser          processed=414
05:07:33 [info     ] browser.launched               channel=msedge headless=True
05:10:23 [info     ] order.captured                 colour=4C (Both) delivery=98 package=2in1 paper=Simili 100gsm - Best Seller quantities=25 size=A5 (148mm x 210mm)
05:13:35 [info     ] order.captured                 colour=1C (Front) delivery=98 package=2in1 paper=Simili 100gsm - Best Seller quantities=25 size=A5 (148mm x 210mm)
05:16:43 [info     ] order.captured                 colour=1C (Both) delivery=98 package=2in1 paper=Simili 100gsm - Best Seller quantities=25 size=A5 (148mm x 210mm)
05:19:21 [info     ] order.captured                 colour=4C (Front) delivery=98 package=3in1 paper=Simili 100gsm - Best Seller quantities=25 size=A5 (148mm x 210mm)
05:19:21 [info     ] order.progress                 done=250 empty=166 error=2
05:22:06 [info     ] order.captured                 colour=4C (Both) delivery=98 package=3in1 paper=Simili 100gsm - Best Seller quantities=25 size=A5 (148mm x 210mm)
05:25:18 [info     ] order.captured                 colour=1C (Front) delivery=98 package=3in1 paper=Simili 100gsm - Best Seller quantities=25 size=A5 (148mm x 210mm)
05:28:33 [info     ] order.captured                 colour=1C (Both) delivery=98 package=3in1 paper=Simili 100gsm - Best Seller quantities=25 size=A5 (148mm x 210mm)
05:31:17 [info     ] order.captured                 colour=4C (Front) delivery=98 package=4in1 paper=Simili 100gsm - Best Seller quantities=25 size=A5 (148mm x 210mm)
05:34:09 [info     ] order.captured                 colour=4C (Both) delivery=98 package=4in1 paper=Simili 100gsm - Best Seller quantities=25 size=A5 (148mm x 210mm)
05:34:09 [info     ] order.progress                 done=255 empty=166 error=2
05:34:09 [info     ] order.recycle_browser          processed=423
05:34:09 [info     ] browser.launched               channel=msedge headless=True
05:37:30 [info     ] order.captured                 colour=1C (Front) delivery=98 package=4in1 paper=Simili 100gsm - Best Seller quantities=25 size=A5 (148mm x 210mm)
05:40:47 [info     ] order.captured                 colour=1C (Both) delivery=98 package=4in1 paper=Simili 100gsm - Best Seller quantities=25 size=A5 (148mm x 210mm)
05:43:37 [info     ] order.captured                 colour=4C (Front) delivery=98 package=5in1 paper=Simili 100gsm - Best Seller quantities=25 size=A5 (148mm x 210mm)
05:46:24 [info     ] order.captured                 colour=4C (Both) delivery=98 package=5in1 paper=Simili 100gsm - Best Seller quantities=25 size=A5 (148mm x 210mm)
05:49:44 [info     ] order.captured                 colour=1C (Front) delivery=98 package=5in1 paper=Simili 100gsm - Best Seller quantities=25 size=A5 (148mm x 210mm)
05:49:44 [info     ] order.progress                 done=260 empty=166 error=2
05:53:03 [info     ] order.captured                 colour=1C (Both) delivery=98 package=5in1 paper=Simili 100gsm - Best Seller quantities=25 size=A5 (148mm x 210mm)
05:56:01 [info     ] order.captured                 colour=4C (Front) delivery=98 package=2in1 paper=Simili 140gsm - Best Seller quantities=25 size=A5 (148mm x 210mm)
05:58:56 [info     ] order.captured                 colour=4C (Both) delivery=98 package=2in1 paper=Simili 140gsm - Best Seller quantities=25 size=A5 (148mm x 210mm)
05:59:14 [warning  ] order.configure_failed         colour=1C (Front) package=2in1 paper=Simili 140gsm - Best Seller size=A5 (148mm x 210mm)
05:59:14 [info     ] order.recycle_browser          processed=432
05:59:15 [info     ] browser.launched               channel=msedge headless=True
05:59:36 [warning  ] order.configure_failed         colour=1C (Both) package=2in1 paper=Simili 140gsm - Best Seller size=A5 (148mm x 210mm)
06:02:23 [info     ] order.captured                 colour=4C (Front) delivery=98 package=3in1 paper=Simili 140gsm - Best Seller quantities=25 size=A5 (148mm x 210mm)
06:05:14 [info     ] order.captured                 colour=4C (Both) delivery=98 package=3in1 paper=Simili 140gsm - Best Seller quantities=25 size=A5 (148mm x 210mm)
06:05:14 [info     ] order.progress                 done=265 empty=168 error=2
06:05:32 [warning  ] order.configure_failed         colour=1C (Front) package=3in1 paper=Simili 140gsm - Best Seller size=A5 (148mm x 210mm)
06:05:32 [info     ] order.progress                 done=265 empty=169 error=2
06:05:49 [warning  ] order.configure_failed         colour=1C (Both) package=3in1 paper=Simili 140gsm - Best Seller size=A5 (148mm x 210mm)
06:05:49 [info     ] order.progress                 done=265 empty=170 error=2
06:08:50 [info     ] order.captured                 colour=4C (Front) delivery=98 package=4in1 paper=Simili 140gsm - Best Seller quantities=25 size=A5 (148mm x 210mm)
06:11:53 [info     ] order.captured                 colour=4C (Both) delivery=98 package=4in1 paper=Simili 140gsm - Best Seller quantities=25 size=A5 (148mm x 210mm)
06:12:13 [warning  ] order.configure_failed         colour=1C (Front) package=4in1 paper=Simili 140gsm - Best Seller size=A5 (148mm x 210mm)
06:12:30 [warning  ] order.configure_failed         colour=1C (Both) package=4in1 paper=Simili 140gsm - Best Seller size=A5 (148mm x 210mm)
06:12:30 [info     ] order.recycle_browser          processed=441
06:12:31 [info     ] browser.launched               channel=msedge headless=True
06:15:38 [info     ] order.captured                 colour=4C (Front) delivery=98 package=5in1 paper=Simili 140gsm - Best Seller quantities=25 size=A5 (148mm x 210mm)
06:18:46 [info     ] order.captured                 colour=4C (Both) delivery=98 package=5in1 paper=Simili 140gsm - Best Seller quantities=25 size=A5 (148mm x 210mm)
06:19:06 [warning  ] order.configure_failed         colour=1C (Front) package=5in1 paper=Simili 140gsm - Best Seller size=A5 (148mm x 210mm)
06:19:23 [warning  ] order.configure_failed         colour=1C (Both) package=5in1 paper=Simili 140gsm - Best Seller size=A5 (148mm x 210mm)
06:22:04 [info     ] order.captured                 colour=4C (Front) delivery=98 package=2in1 paper=Gloss Art Paper 100gsm - Best Seller quantities=25 size=A5 (148mm x 210mm)
06:22:04 [info     ] order.progress                 done=270 empty=174 error=2
06:24:46 [info     ] order.captured                 colour=4C (Both) delivery=98 package=2in1 paper=Gloss Art Paper 100gsm - Best Seller quantities=25 size=A5 (148mm x 210mm)
06:25:05 [warning  ] order.configure_failed         colour=1C (Front) package=2in1 paper=Gloss Art Paper 100gsm - Best Seller size=A5 (148mm x 210mm)
06:25:22 [warning  ] order.configure_failed         colour=1C (Both) package=2in1 paper=Gloss Art Paper 100gsm - Best Seller size=A5 (148mm x 210mm)
06:28:08 [info     ] order.captured                 colour=4C (Front) delivery=98 package=3in1 paper=Gloss Art Paper 100gsm - Best Seller quantities=25 size=A5 (148mm x 210mm)
06:28:08 [info     ] order.recycle_browser          processed=450
06:28:08 [info     ] browser.launched               channel=msedge headless=True
06:31:06 [info     ] order.captured                 colour=4C (Both) delivery=98 package=3in1 paper=Gloss Art Paper 100gsm - Best Seller quantities=25 size=A5 (148mm x 210mm)
06:31:25 [warning  ] order.configure_failed         colour=1C (Front) package=3in1 paper=Gloss Art Paper 100gsm - Best Seller size=A5 (148mm x 210mm)
06:31:42 [warning  ] order.configure_failed         colour=1C (Both) package=3in1 paper=Gloss Art Paper 100gsm - Best Seller size=A5 (148mm x 210mm)
06:34:31 [info     ] order.captured                 colour=4C (Front) delivery=98 package=4in1 paper=Gloss Art Paper 100gsm - Best Seller quantities=25 size=A5 (148mm x 210mm)
06:37:16 [info     ] order.captured                 colour=4C (Both) delivery=98 package=4in1 paper=Gloss Art Paper 100gsm - Best Seller quantities=25 size=A5 (148mm x 210mm)
06:37:16 [info     ] order.progress                 done=275 empty=178 error=2
06:37:35 [warning  ] order.configure_failed         colour=1C (Front) package=4in1 paper=Gloss Art Paper 100gsm - Best Seller size=A5 (148mm x 210mm)
06:37:35 [info     ] order.progress                 done=275 empty=179 error=2
06:37:51 [warning  ] order.configure_failed         colour=1C (Both) package=4in1 paper=Gloss Art Paper 100gsm - Best Seller size=A5 (148mm x 210mm)
06:37:51 [info     ] order.progress                 done=275 empty=180 error=2
06:40:39 [info     ] order.captured                 colour=4C (Front) delivery=98 package=5in1 paper=Gloss Art Paper 100gsm - Best Seller quantities=25 size=A5 (148mm x 210mm)
06:43:30 [info     ] order.captured                 colour=4C (Both) delivery=98 package=5in1 paper=Gloss Art Paper 100gsm - Best Seller quantities=25 size=A5 (148mm x 210mm)
06:43:30 [info     ] order.recycle_browser          processed=459
06:43:30 [info     ] browser.launched               channel=msedge headless=True
06:43:53 [warning  ] order.configure_failed         colour=1C (Front) package=5in1 paper=Gloss Art Paper 100gsm - Best Seller size=A5 (148mm x 210mm)
06:44:11 [warning  ] order.configure_failed         colour=1C (Both) package=5in1 paper=Gloss Art Paper 100gsm - Best Seller size=A5 (148mm x 210mm)
06:46:53 [info     ] order.captured                 colour=4C (Front) delivery=98 package=2in1 paper=Gloss Art Paper 128gsm - Best Seller quantities=25 size=A5 (148mm x 210mm)
06:49:33 [info     ] order.captured                 colour=4C (Both) delivery=98 package=2in1 paper=Gloss Art Paper 128gsm - Best Seller quantities=25 size=A5 (148mm x 210mm)
06:49:52 [warning  ] order.configure_failed         colour=1C (Front) package=2in1 paper=Gloss Art Paper 128gsm - Best Seller size=A5 (148mm x 210mm)
06:50:10 [warning  ] order.configure_failed         colour=1C (Both) package=2in1 paper=Gloss Art Paper 128gsm - Best Seller size=A5 (148mm x 210mm)
06:52:54 [info     ] order.captured                 colour=4C (Front) delivery=98 package=3in1 paper=Gloss Art Paper 128gsm - Best Seller quantities=25 size=A5 (148mm x 210mm)
06:52:54 [info     ] order.progress                 done=280 empty=184 error=2
06:55:37 [info     ] order.captured                 colour=4C (Both) delivery=98 package=3in1 paper=Gloss Art Paper 128gsm - Best Seller quantities=25 size=A5 (148mm x 210mm)
06:55:58 [warning  ] order.configure_failed         colour=1C (Front) package=3in1 paper=Gloss Art Paper 128gsm - Best Seller size=A5 (148mm x 210mm)
06:55:58 [info     ] order.recycle_browser          processed=468
06:55:58 [info     ] browser.launched               channel=msedge headless=True
06:56:19 [warning  ] order.configure_failed         colour=1C (Both) package=3in1 paper=Gloss Art Paper 128gsm - Best Seller size=A5 (148mm x 210mm)
06:59:05 [info     ] order.captured                 colour=4C (Front) delivery=98 package=4in1 paper=Gloss Art Paper 128gsm - Best Seller quantities=25 size=A5 (148mm x 210mm)
07:01:53 [info     ] order.captured                 colour=4C (Both) delivery=98 package=4in1 paper=Gloss Art Paper 128gsm - Best Seller quantities=25 size=A5 (148mm x 210mm)
07:02:12 [warning  ] order.configure_failed         colour=1C (Front) package=4in1 paper=Gloss Art Paper 128gsm - Best Seller size=A5 (148mm x 210mm)
07:02:29 [warning  ] order.configure_failed         colour=1C (Both) package=4in1 paper=Gloss Art Paper 128gsm - Best Seller size=A5 (148mm x 210mm)
07:05:18 [info     ] order.captured                 colour=4C (Front) delivery=98 package=5in1 paper=Gloss Art Paper 128gsm - Best Seller quantities=25 size=A5 (148mm x 210mm)
07:08:12 [info     ] order.captured                 colour=4C (Both) delivery=98 package=5in1 paper=Gloss Art Paper 128gsm - Best Seller quantities=25 size=A5 (148mm x 210mm)
07:08:12 [info     ] order.progress                 done=285 empty=188 error=2
07:08:32 [warning  ] order.configure_failed         colour=1C (Front) package=5in1 paper=Gloss Art Paper 128gsm - Best Seller size=A5 (148mm x 210mm)
07:08:32 [info     ] order.progress                 done=285 empty=189 error=2
07:08:49 [warning  ] order.configure_failed         colour=1C (Both) package=5in1 paper=Gloss Art Paper 128gsm - Best Seller size=A5 (148mm x 210mm)
07:08:49 [info     ] order.progress                 done=285 empty=190 error=2
07:08:49 [info     ] order.recycle_browser          processed=477
07:08:49 [info     ] browser.launched               channel=msedge headless=True
07:11:40 [info     ] order.captured                 colour=4C (Front) delivery=98 package=2in1 paper=Gloss Art Paper 150gsm - Best Seller quantities=25 size=A5 (148mm x 210mm)
07:14:20 [info     ] order.captured                 colour=4C (Both) delivery=98 package=2in1 paper=Gloss Art Paper 150gsm - Best Seller quantities=25 size=A5 (148mm x 210mm)
07:14:40 [warning  ] order.configure_failed         colour=1C (Front) package=2in1 paper=Gloss Art Paper 150gsm - Best Seller size=A5 (148mm x 210mm)
07:14:56 [warning  ] order.configure_failed         colour=1C (Both) package=2in1 paper=Gloss Art Paper 150gsm - Best Seller size=A5 (148mm x 210mm)
07:17:41 [info     ] order.captured                 colour=4C (Front) delivery=98 package=3in1 paper=Gloss Art Paper 150gsm - Best Seller quantities=25 size=A5 (148mm x 210mm)
07:20:27 [info     ] order.captured                 colour=4C (Both) delivery=98 package=3in1 paper=Gloss Art Paper 150gsm - Best Seller quantities=25 size=A5 (148mm x 210mm)
07:20:47 [warning  ] order.configure_failed         colour=1C (Front) package=3in1 paper=Gloss Art Paper 150gsm - Best Seller size=A5 (148mm x 210mm)
07:21:04 [warning  ] order.configure_failed         colour=1C (Both) package=3in1 paper=Gloss Art Paper 150gsm - Best Seller size=A5 (148mm x 210mm)
07:23:48 [info     ] order.captured                 colour=4C (Front) delivery=98 package=4in1 paper=Gloss Art Paper 150gsm - Best Seller quantities=25 size=A5 (148mm x 210mm)
07:23:48 [info     ] order.progress                 done=290 empty=194 error=2
07:23:48 [info     ] order.recycle_browser          processed=486
07:23:49 [info     ] browser.launched               channel=msedge headless=True
07:26:41 [info     ] order.captured                 colour=4C (Both) delivery=98 package=4in1 paper=Gloss Art Paper 150gsm - Best Seller quantities=25 size=A5 (148mm x 210mm)
07:26:59 [warning  ] order.configure_failed         colour=1C (Front) package=4in1 paper=Gloss Art Paper 150gsm - Best Seller size=A5 (148mm x 210mm)
07:27:15 [warning  ] order.configure_failed         colour=1C (Both) package=4in1 paper=Gloss Art Paper 150gsm - Best Seller size=A5 (148mm x 210mm)
07:30:03 [info     ] order.captured                 colour=4C (Front) delivery=98 package=5in1 paper=Gloss Art Paper 150gsm - Best Seller quantities=25 size=A5 (148mm x 210mm)
07:32:57 [info     ] order.captured                 colour=4C (Both) delivery=98 package=5in1 paper=Gloss Art Paper 150gsm - Best Seller quantities=25 size=A5 (148mm x 210mm)
07:33:16 [warning  ] order.configure_failed         colour=1C (Front) package=5in1 paper=Gloss Art Paper 150gsm - Best Seller size=A5 (148mm x 210mm)
07:33:35 [warning  ] order.configure_failed         colour=1C (Both) package=5in1 paper=Gloss Art Paper 150gsm - Best Seller size=A5 (148mm x 210mm)
07:37:35 [info     ] order.captured                 colour=4C (Front) delivery=98 package=2in1 paper=Matte Art Paper 130gsm - Best Seller quantities=25 size=A5 (148mm x 210mm)
07:41:12 [info     ] order.captured                 colour=4C (Both) delivery=98 package=2in1 paper=Matte Art Paper 130gsm - Best Seller quantities=25 size=A5 (148mm x 210mm)
07:41:12 [info     ] order.progress                 done=295 empty=198 error=2
07:41:12 [info     ] order.recycle_browser          processed=495
07:41:13 [info     ] browser.launched               channel=msedge headless=True
07:41:38 [warning  ] order.configure_failed         colour=1C (Front) package=2in1 paper=Matte Art Paper 130gsm - Best Seller size=A5 (148mm x 210mm)
07:41:38 [info     ] order.progress                 done=295 empty=199 error=2
07:41:54 [warning  ] order.configure_failed         colour=1C (Both) package=2in1 paper=Matte Art Paper 130gsm - Best Seller size=A5 (148mm x 210mm)
07:41:54 [info     ] order.progress                 done=295 empty=200 error=2
07:45:14 [info     ] order.captured                 colour=4C (Front) delivery=98 package=3in1 paper=Matte Art Paper 130gsm - Best Seller quantities=25 size=A5 (148mm x 210mm)
07:48:23 [info     ] order.captured                 colour=4C (Both) delivery=98 package=3in1 paper=Matte Art Paper 130gsm - Best Seller quantities=25 size=A5 (148mm x 210mm)
07:48:44 [warning  ] order.configure_failed         colour=1C (Front) package=3in1 paper=Matte Art Paper 130gsm - Best Seller size=A5 (148mm x 210mm)
07:49:01 [warning  ] order.configure_failed         colour=1C (Both) package=3in1 paper=Matte Art Paper 130gsm - Best Seller size=A5 (148mm x 210mm)
07:52:08 [info     ] order.captured                 colour=4C (Front) delivery=98 package=4in1 paper=Matte Art Paper 130gsm - Best Seller quantities=25 size=A5 (148mm x 210mm)
07:55:17 [info     ] order.captured                 colour=4C (Both) delivery=98 package=4in1 paper=Matte Art Paper 130gsm - Best Seller quantities=25 size=A5 (148mm x 210mm)
07:55:36 [warning  ] order.configure_failed         colour=1C (Front) package=4in1 paper=Matte Art Paper 130gsm - Best Seller size=A5 (148mm x 210mm)
07:55:36 [info     ] order.recycle_browser          processed=504
07:55:37 [info     ] browser.launched               channel=msedge headless=True
07:55:59 [warning  ] order.configure_failed         colour=1C (Both) package=4in1 paper=Matte Art Paper 130gsm - Best Seller size=A5 (148mm x 210mm)
07:59:09 [info     ] order.captured                 colour=4C (Front) delivery=98 package=5in1 paper=Matte Art Paper 130gsm - Best Seller quantities=25 size=A5 (148mm x 210mm)
07:59:09 [info     ] order.progress                 done=300 empty=204 error=2
08:02:19 [info     ] order.captured                 colour=4C (Both) delivery=98 package=5in1 paper=Matte Art Paper 130gsm - Best Seller quantities=25 size=A5 (148mm x 210mm)
08:02:39 [warning  ] order.configure_failed         colour=1C (Front) package=5in1 paper=Matte Art Paper 130gsm - Best Seller size=A5 (148mm x 210mm)
08:02:57 [warning  ] order.configure_failed         colour=1C (Both) package=5in1 paper=Matte Art Paper 130gsm - Best Seller size=A5 (148mm x 210mm)
08:04:14 [error    ] order.error                    error=TimeoutError('Locator.check: Timeout 30000ms exceeded.\nCall log:\n  - waiting for locator("input[name=\'ctl00$mainContent$order_spec_controller1$order_spec_sta
08:04:14 [info     ] browser.launched               channel=msedge headless=True
08:04:45 [warning  ] order.relaunch_retry           attempt=0 error=TimeoutError('Page.goto: Timeout 30000ms exceeded.\nCall log:\n  - navigating to "https://www.excard.com.my/spec/Litho/L retry_in_s=15
08:05:00 [info     ] browser.launched               channel=msedge headless=True
08:05:30 [warning  ] order.relaunch_retry           attempt=1 error=TimeoutError('Page.goto: Timeout 30000ms exceeded.\nCall log:\n  - navigating to "https://www.excard.com.my/spec/Litho/L retry_in_s=30
08:06:00 [info     ] browser.launched               channel=msedge headless=True
08:06:31 [warning  ] order.relaunch_retry           attempt=2 error=TimeoutError('Page.goto: Timeout 30000ms exceeded.\nCall log:\n  - navigating to "https://www.excard.com.my/spec/Litho/L retry_in_s=45
08:07:16 [info     ] browser.launched               channel=msedge headless=True
08:07:46 [warning  ] order.relaunch_retry           attempt=3 error=TimeoutError('Page.goto: Timeout 30000ms exceeded.\nCall log:\n  - navigating to "https://www.excard.com.my/spec/Litho/L retry_in_s=60
08:08:47 [info     ] browser.launched               channel=msedge headless=True
08:09:17 [warning  ] order.relaunch_retry           attempt=4 error=TimeoutError('Page.goto: Timeout 30000ms exceeded.\nCall log:\n  - navigating to "https://www.excard.com.my/spec/Litho/L retry_in_s=75
08:10:32 [info     ] browser.launched               channel=msedge headless=True
08:11:02 [warning  ] order.relaunch_retry           attempt=5 error=TimeoutError('Page.goto: Timeout 30000ms exceeded.\nCall log:\n  - navigating to "https://www.excard.com.my/spec/Litho/L retry_in_s=90
08:12:33 [info     ] browser.launched               channel=msedge headless=True
08:13:03 [warning  ] order.relaunch_retry           attempt=6 error=TimeoutError('Page.goto: Timeout 30000ms exceeded.\nCall log:\n  - navigating to "https://www.excard.com.my/spec/Litho/L retry_in_s=105
08:14:48 [info     ] browser.launched               channel=msedge headless=True
08:15:01 [info     ] order.relaunch_recovered       after_attempts=7
08:17:22 [info     ] order.captured                 colour=4C (Front) delivery=98 package=2in1 paper=Gloss Art Card 230gsm (2 sides coated) quantities=22 size=A5 (148mm x 210mm)
08:19:42 [info     ] order.captured                 colour=4C (Both) delivery=98 package=2in1 paper=Gloss Art Card 230gsm (2 sides coated) quantities=22 size=A5 (148mm x 210mm)
08:20:01 [warning  ] order.configure_failed         colour=1C (Front) package=2in1 paper=Gloss Art Card 230gsm (2 sides coated) size=A5 (148mm x 210mm)
08:20:01 [info     ] order.recycle_browser          processed=513
08:20:01 [info     ] browser.launched               channel=msedge headless=True
08:20:26 [warning  ] order.configure_failed         colour=1C (Both) package=2in1 paper=Gloss Art Card 230gsm (2 sides coated) size=A5 (148mm x 210mm)
08:22:45 [info     ] order.captured                 colour=4C (Front) delivery=98 package=3in1 paper=Gloss Art Card 230gsm (2 sides coated) quantities=22 size=A5 (148mm x 210mm)
08:25:06 [info     ] order.captured                 colour=4C (Both) delivery=98 package=3in1 paper=Gloss Art Card 230gsm (2 sides coated) quantities=22 size=A5 (148mm x 210mm)
08:25:06 [info     ] order.progress                 done=305 empty=208 error=3
08:25:25 [warning  ] order.configure_failed         colour=1C (Front) package=3in1 paper=Gloss Art Card 230gsm (2 sides coated) size=A5 (148mm x 210mm)
08:25:25 [info     ] order.progress                 done=305 empty=209 error=3
08:25:43 [warning  ] order.configure_failed         colour=1C (Both) package=3in1 paper=Gloss Art Card 230gsm (2 sides coated) size=A5 (148mm x 210mm)
08:25:43 [info     ] order.progress                 done=305 empty=210 error=3
08:28:12 [info     ] order.captured                 colour=4C (Front) delivery=98 package=4in1 paper=Gloss Art Card 230gsm (2 sides coated) quantities=22 size=A5 (148mm x 210mm)
08:30:43 [info     ] order.captured                 colour=4C (Both) delivery=98 package=4in1 paper=Gloss Art Card 230gsm (2 sides coated) quantities=22 size=A5 (148mm x 210mm)
08:31:03 [warning  ] order.configure_failed         colour=1C (Front) package=4in1 paper=Gloss Art Card 230gsm (2 sides coated) size=A5 (148mm x 210mm)
08:31:20 [warning  ] order.configure_failed         colour=1C (Both) package=4in1 paper=Gloss Art Card 230gsm (2 sides coated) size=A5 (148mm x 210mm)
08:31:20 [info     ] order.recycle_browser          processed=522
08:31:20 [info     ] browser.launched               channel=msedge headless=True
08:34:06 [info     ] order.captured                 colour=4C (Front) delivery=98 package=5in1 paper=Gloss Art Card 230gsm (2 sides coated) quantities=22 size=A5 (148mm x 210mm)
08:36:41 [info     ] order.captured                 colour=4C (Both) delivery=98 package=5in1 paper=Gloss Art Card 230gsm (2 sides coated) quantities=22 size=A5 (148mm x 210mm)
08:36:59 [warning  ] order.configure_failed         colour=1C (Front) package=5in1 paper=Gloss Art Card 230gsm (2 sides coated) size=A5 (148mm x 210mm)
08:37:16 [warning  ] order.configure_failed         colour=1C (Both) package=5in1 paper=Gloss Art Card 230gsm (2 sides coated) size=A5 (148mm x 210mm)
08:43:34 [info     ] order.captured                 colour=4C (Front) delivery=98 package=2in1 paper=Gloss Art Card 250gsm (2 sides coated) - Best Seller quantities=55 size=A5 (148mm x 210mm)
08:43:34 [info     ] order.progress                 done=310 empty=214 error=3
08:49:51 [info     ] order.captured                 colour=4C (Both) delivery=98 package=2in1 paper=Gloss Art Card 250gsm (2 sides coated) - Best Seller quantities=55 size=A5 (148mm x 210mm)
08:50:11 [warning  ] order.configure_failed         colour=1C (Front) package=2in1 paper=Gloss Art Card 250gsm (2 sides coated) - Best Seller size=A5 (148mm x 210mm)
08:50:29 [warning  ] order.configure_failed         colour=1C (Both) package=2in1 paper=Gloss Art Card 250gsm (2 sides coated) - Best Seller size=A5 (148mm x 210mm)
08:56:58 [info     ] order.captured                 colour=4C (Front) delivery=98 package=3in1 paper=Gloss Art Card 250gsm (2 sides coated) - Best Seller quantities=55 size=A5 (148mm x 210mm)
08:56:59 [info     ] order.recycle_browser          processed=531
08:56:59 [info     ] browser.launched               channel=msedge headless=True
09:03:26 [info     ] order.captured                 colour=4C (Both) delivery=98 package=3in1 paper=Gloss Art Card 250gsm (2 sides coated) - Best Seller quantities=55 size=A5 (148mm x 210mm)
09:03:45 [warning  ] order.configure_failed         colour=1C (Front) package=3in1 paper=Gloss Art Card 250gsm (2 sides coated) - Best Seller size=A5 (148mm x 210mm)
09:04:00 [warning  ] order.configure_failed         colour=1C (Both) package=3in1 paper=Gloss Art Card 250gsm (2 sides coated) - Best Seller size=A5 (148mm x 210mm)
09:10:51 [info     ] order.captured                 colour=4C (Front) delivery=98 package=4in1 paper=Gloss Art Card 250gsm (2 sides coated) - Best Seller quantities=55 size=A5 (148mm x 210mm)
09:17:58 [info     ] order.captured                 colour=4C (Both) delivery=98 package=4in1 paper=Gloss Art Card 250gsm (2 sides coated) - Best Seller quantities=55 size=A5 (148mm x 210mm)
09:17:58 [info     ] order.progress                 done=315 empty=218 error=3
09:18:16 [warning  ] order.configure_failed         colour=1C (Front) package=4in1 paper=Gloss Art Card 250gsm (2 sides coated) - Best Seller size=A5 (148mm x 210mm)
09:18:16 [info     ] order.progress                 done=315 empty=219 error=3
09:18:32 [warning  ] order.configure_failed         colour=1C (Both) package=4in1 paper=Gloss Art Card 250gsm (2 sides coated) - Best Seller size=A5 (148mm x 210mm)
09:18:32 [info     ] order.progress                 done=315 empty=220 error=3
09:25:47 [info     ] order.captured                 colour=4C (Front) delivery=98 package=5in1 paper=Gloss Art Card 250gsm (2 sides coated) - Best Seller quantities=55 size=A5 (148mm x 210mm)
09:33:22 [info     ] order.captured                 colour=4C (Both) delivery=98 package=5in1 paper=Gloss Art Card 250gsm (2 sides coated) - Best Seller quantities=55 size=A5 (148mm x 210mm)
09:33:22 [info     ] order.recycle_browser          processed=540
09:33:22 [info     ] browser.launched               channel=msedge headless=True
09:33:48 [warning  ] order.configure_failed         colour=1C (Front) package=5in1 paper=Gloss Art Card 250gsm (2 sides coated) - Best Seller size=A5 (148mm x 210mm)
09:34:05 [warning  ] order.configure_failed         colour=1C (Both) package=5in1 paper=Gloss Art Card 250gsm (2 sides coated) - Best Seller size=A5 (148mm x 210mm)
09:36:37 [info     ] order.captured                 colour=4C (Front) delivery=98 package=2in1 paper=Gloss Art Card 310gsm (2 sides coated) quantities=22 size=A5 (148mm x 210mm)
09:39:08 [info     ] order.captured                 colour=4C (Both) delivery=98 package=2in1 paper=Gloss Art Card 310gsm (2 sides coated) quantities=22 size=A5 (148mm x 210mm)
09:39:27 [warning  ] order.configure_failed         colour=1C (Front) package=2in1 paper=Gloss Art Card 310gsm (2 sides coated) size=A5 (148mm x 210mm)
09:39:45 [warning  ] order.configure_failed         colour=1C (Both) package=2in1 paper=Gloss Art Card 310gsm (2 sides coated) size=A5 (148mm x 210mm)
09:42:23 [info     ] order.captured                 colour=4C (Front) delivery=98 package=3in1 paper=Gloss Art Card 310gsm (2 sides coated) quantities=22 size=A5 (148mm x 210mm)
09:42:23 [info     ] order.progress                 done=320 empty=224 error=3
09:45:06 [info     ] order.captured                 colour=4C (Both) delivery=98 package=3in1 paper=Gloss Art Card 310gsm (2 sides coated) quantities=22 size=A5 (148mm x 210mm)
09:45:24 [warning  ] order.configure_failed         colour=1C (Front) package=3in1 paper=Gloss Art Card 310gsm (2 sides coated) size=A5 (148mm x 210mm)
09:45:24 [info     ] order.recycle_browser          processed=549
09:45:24 [info     ] browser.launched               channel=msedge headless=True
09:45:46 [warning  ] order.configure_failed         colour=1C (Both) package=3in1 paper=Gloss Art Card 310gsm (2 sides coated) size=A5 (148mm x 210mm)
09:48:30 [info     ] order.captured                 colour=4C (Front) delivery=98 package=4in1 paper=Gloss Art Card 310gsm (2 sides coated) quantities=22 size=A5 (148mm x 210mm)
09:51:21 [info     ] order.captured                 colour=4C (Both) delivery=98 package=4in1 paper=Gloss Art Card 310gsm (2 sides coated) quantities=22 size=A5 (148mm x 210mm)
09:51:41 [warning  ] order.configure_failed         colour=1C (Front) package=4in1 paper=Gloss Art Card 310gsm (2 sides coated) size=A5 (148mm x 210mm)
09:51:57 [warning  ] order.configure_failed         colour=1C (Both) package=4in1 paper=Gloss Art Card 310gsm (2 sides coated) size=A5 (148mm x 210mm)
09:54:45 [info     ] order.captured                 colour=4C (Front) delivery=98 package=5in1 paper=Gloss Art Card 310gsm (2 sides coated) quantities=22 size=A5 (148mm x 210mm)
09:57:34 [info     ] order.captured                 colour=4C (Both) delivery=98 package=5in1 paper=Gloss Art Card 310gsm (2 sides coated) quantities=22 size=A5 (148mm x 210mm)
09:57:34 [info     ] order.progress                 done=325 empty=228 error=3
09:57:54 [warning  ] order.configure_failed         colour=1C (Front) package=5in1 paper=Gloss Art Card 310gsm (2 sides coated) size=A5 (148mm x 210mm)
09:57:54 [info     ] order.progress                 done=325 empty=229 error=3
09:58:11 [warning  ] order.configure_failed         colour=1C (Both) package=5in1 paper=Gloss Art Card 310gsm (2 sides coated) size=A5 (148mm x 210mm)
09:58:11 [info     ] order.progress                 done=325 empty=230 error=3
09:58:11 [info     ] order.recycle_browser          processed=558
09:58:11 [info     ] browser.launched               channel=msedge headless=True
10:00:44 [info     ] order.captured                 colour=4C (Front) delivery=98 package=2in1 paper=Gloss Art Card 360gsm (2 sides coated) quantities=22 size=A5 (148mm x 210mm)
10:03:14 [info     ] order.captured                 colour=4C (Both) delivery=98 package=2in1 paper=Gloss Art Card 360gsm (2 sides coated) quantities=22 size=A5 (148mm x 210mm)
10:03:32 [warning  ] order.configure_failed         colour=1C (Front) package=2in1 paper=Gloss Art Card 360gsm (2 sides coated) size=A5 (148mm x 210mm)
10:03:48 [warning  ] order.configure_failed         colour=1C (Both) package=2in1 paper=Gloss Art Card 360gsm (2 sides coated) size=A5 (148mm x 210mm)
10:06:37 [info     ] order.captured                 colour=4C (Front) delivery=98 package=3in1 paper=Gloss Art Card 360gsm (2 sides coated) quantities=22 size=A5 (148mm x 210mm)
10:09:23 [info     ] order.captured                 colour=4C (Both) delivery=98 package=3in1 paper=Gloss Art Card 360gsm (2 sides coated) quantities=22 size=A5 (148mm x 210mm)
10:09:43 [warning  ] order.configure_failed         colour=1C (Front) package=3in1 paper=Gloss Art Card 360gsm (2 sides coated) size=A5 (148mm x 210mm)
10:10:01 [warning  ] order.configure_failed         colour=1C (Both) package=3in1 paper=Gloss Art Card 360gsm (2 sides coated) size=A5 (148mm x 210mm)
10:12:57 [info     ] order.captured                 colour=4C (Front) delivery=98 package=4in1 paper=Gloss Art Card 360gsm (2 sides coated) quantities=22 size=A5 (148mm x 210mm)
10:12:57 [info     ] order.progress                 done=330 empty=234 error=3
10:12:57 [info     ] order.recycle_browser          processed=567
10:12:58 [info     ] browser.launched               channel=msedge headless=True
10:15:59 [info     ] order.captured                 colour=4C (Both) delivery=98 package=4in1 paper=Gloss Art Card 360gsm (2 sides coated) quantities=22 size=A5 (148mm x 210mm)
10:16:20 [warning  ] order.configure_failed         colour=1C (Front) package=4in1 paper=Gloss Art Card 360gsm (2 sides coated) size=A5 (148mm x 210mm)
10:16:36 [warning  ] order.configure_failed         colour=1C (Both) package=4in1 paper=Gloss Art Card 360gsm (2 sides coated) size=A5 (148mm x 210mm)
10:19:41 [info     ] order.captured                 colour=4C (Front) delivery=98 package=5in1 paper=Gloss Art Card 360gsm (2 sides coated) quantities=22 size=A5 (148mm x 210mm)
10:22:50 [info     ] order.captured                 colour=4C (Both) delivery=98 package=5in1 paper=Gloss Art Card 360gsm (2 sides coated) quantities=22 size=A5 (148mm x 210mm)
10:23:09 [warning  ] order.configure_failed         colour=1C (Front) package=5in1 paper=Gloss Art Card 360gsm (2 sides coated) size=A5 (148mm x 210mm)
10:23:26 [warning  ] order.configure_failed         colour=1C (Both) package=5in1 paper=Gloss Art Card 360gsm (2 sides coated) size=A5 (148mm x 210mm)
10:25:41 [info     ] order.captured                 colour=4C (Front) delivery=98 package=2in1 paper=Simili 80gsm - Best Seller quantities=20 size=A6 (148mm x 105mm)
10:27:52 [info     ] order.captured                 colour=4C (Both) delivery=98 package=2in1 paper=Simili 80gsm - Best Seller quantities=20 size=A6 (148mm x 105mm)
10:27:53 [info     ] order.progress                 done=335 empty=238 error=3
10:27:53 [info     ] order.recycle_browser          processed=576
10:27:53 [info     ] browser.launched               channel=msedge headless=True
10:28:20 [warning  ] order.configure_failed         colour=1C (Front) package=2in1 paper=Simili 80gsm - Best Seller size=A6 (148mm x 105mm)
10:28:20 [info     ] order.progress                 done=335 empty=239 error=3
10:28:35 [warning  ] order.configure_failed         colour=1C (Both) package=2in1 paper=Simili 80gsm - Best Seller size=A6 (148mm x 105mm)
10:28:35 [info     ] order.progress                 done=335 empty=240 error=3
10:30:46 [info     ] order.captured                 colour=4C (Front) delivery=98 package=3in1 paper=Simili 80gsm - Best Seller quantities=20 size=A6 (148mm x 105mm)
10:32:56 [info     ] order.captured                 colour=4C (Both) delivery=98 package=3in1 paper=Simili 80gsm - Best Seller quantities=20 size=A6 (148mm x 105mm)
10:33:16 [warning  ] order.configure_failed         colour=1C (Front) package=3in1 paper=Simili 80gsm - Best Seller size=A6 (148mm x 105mm)
10:33:34 [warning  ] order.configure_failed         colour=1C (Both) package=3in1 paper=Simili 80gsm - Best Seller size=A6 (148mm x 105mm)
10:35:46 [info     ] order.captured                 colour=4C (Front) delivery=98 package=4in1 paper=Simili 80gsm - Best Seller quantities=20 size=A6 (148mm x 105mm)
10:38:02 [info     ] order.captured                 colour=4C (Both) delivery=98 package=4in1 paper=Simili 80gsm - Best Seller quantities=20 size=A6 (148mm x 105mm)
10:38:21 [warning  ] order.configure_failed         colour=1C (Front) package=4in1 paper=Simili 80gsm - Best Seller size=A6 (148mm x 105mm)
10:38:21 [info     ] order.recycle_browser          processed=585
10:38:21 [info     ] browser.launched               channel=msedge headless=True
10:38:44 [warning  ] order.configure_failed         colour=1C (Both) package=4in1 paper=Simili 80gsm - Best Seller size=A6 (148mm x 105mm)
10:41:02 [info     ] order.captured                 colour=4C (Front) delivery=98 package=5in1 paper=Simili 80gsm - Best Seller quantities=20 size=A6 (148mm x 105mm)
10:41:02 [info     ] order.progress                 done=340 empty=244 error=3
10:43:26 [info     ] order.captured                 colour=4C (Both) delivery=98 package=5in1 paper=Simili 80gsm - Best Seller quantities=20 size=A6 (148mm x 105mm)
10:43:45 [warning  ] order.configure_failed         colour=1C (Front) package=5in1 paper=Simili 80gsm - Best Seller size=A6 (148mm x 105mm)
10:44:03 [warning  ] order.configure_failed         colour=1C (Both) package=5in1 paper=Simili 80gsm - Best Seller size=A6 (148mm x 105mm)
10:46:16 [info     ] order.captured                 colour=4C (Front) delivery=98 package=2in1 paper=Simili 100gsm - Best Seller quantities=20 size=A6 (148mm x 105mm)
10:48:41 [info     ] order.captured                 colour=4C (Both) delivery=98 package=2in1 paper=Simili 100gsm - Best Seller quantities=20 size=A6 (148mm x 105mm)
10:49:00 [warning  ] order.configure_failed         colour=1C (Front) package=2in1 paper=Simili 100gsm - Best Seller size=A6 (148mm x 105mm)
10:49:18 [warning  ] order.configure_failed         colour=1C (Both) package=2in1 paper=Simili 100gsm - Best Seller size=A6 (148mm x 105mm)
10:49:18 [info     ] order.recycle_browser          processed=594
10:49:18 [info     ] browser.launched               channel=msedge headless=True
10:51:56 [info     ] order.captured                 colour=4C (Front) delivery=98 package=3in1 paper=Simili 100gsm - Best Seller quantities=20 size=A6 (148mm x 105mm)
10:54:32 [info     ] order.captured                 colour=4C (Both) delivery=98 package=3in1 paper=Simili 100gsm - Best Seller quantities=20 size=A6 (148mm x 105mm)
10:54:32 [info     ] order.progress                 done=345 empty=248 error=3
10:54:52 [warning  ] order.configure_failed         colour=1C (Front) package=3in1 paper=Simili 100gsm - Best Seller size=A6 (148mm x 105mm)
10:54:52 [info     ] order.progress                 done=345 empty=249 error=3
10:55:10 [warning  ] order.configure_failed         colour=1C (Both) package=3in1 paper=Simili 100gsm - Best Seller size=A6 (148mm x 105mm)
10:55:10 [info     ] order.progress                 done=345 empty=250 error=3
10:57:47 [info     ] order.captured                 colour=4C (Front) delivery=98 package=4in1 paper=Simili 100gsm - Best Seller quantities=20 size=A6 (148mm x 105mm)
11:00:26 [info     ] order.captured                 colour=4C (Both) delivery=98 package=4in1 paper=Simili 100gsm - Best Seller quantities=20 size=A6 (148mm x 105mm)
11:00:46 [warning  ] order.configure_failed         colour=1C (Front) package=4in1 paper=Simili 100gsm - Best Seller size=A6 (148mm x 105mm)
11:01:03 [warning  ] order.configure_failed         colour=1C (Both) package=4in1 paper=Simili 100gsm - Best Seller size=A6 (148mm x 105mm)
11:03:33 [info     ] order.captured                 colour=4C (Front) delivery=98 package=5in1 paper=Simili 100gsm - Best Seller quantities=20 size=A6 (148mm x 105mm)
11:03:33 [info     ] order.recycle_browser          processed=603
11:03:34 [info     ] browser.launched               channel=msedge headless=True
11:06:15 [info     ] order.captured                 colour=4C (Both) delivery=98 package=5in1 paper=Simili 100gsm - Best Seller quantities=20 size=A6 (148mm x 105mm)
11:06:35 [warning  ] order.configure_failed         colour=1C (Front) package=5in1 paper=Simili 100gsm - Best Seller size=A6 (148mm x 105mm)
11:06:53 [warning  ] order.configure_failed         colour=1C (Both) package=5in1 paper=Simili 100gsm - Best Seller size=A6 (148mm x 105mm)
11:09:12 [info     ] order.captured                 colour=4C (Front) delivery=98 package=2in1 paper=Simili 140gsm - Best Seller quantities=20 size=A6 (148mm x 105mm)
11:09:12 [info     ] order.progress                 done=350 empty=254 error=3
11:11:39 [info     ] order.captured                 colour=4C (Both) delivery=98 package=2in1 paper=Simili 140gsm - Best Seller quantities=20 size=A6 (148mm x 105mm)
11:11:58 [warning  ] order.configure_failed         colour=1C (Front) package=2in1 paper=Simili 140gsm - Best Seller size=A6 (148mm x 105mm)
11:12:16 [warning  ] order.configure_failed         colour=1C (Both) package=2in1 paper=Simili 140gsm - Best Seller size=A6 (148mm x 105mm)
11:14:35 [info     ] order.captured                 colour=4C (Front) delivery=98 package=3in1 paper=Simili 140gsm - Best Seller quantities=20 size=A6 (148mm x 105mm)
11:16:53 [info     ] order.captured                 colour=4C (Both) delivery=98 package=3in1 paper=Simili 140gsm - Best Seller quantities=20 size=A6 (148mm x 105mm)
11:16:53 [info     ] order.recycle_browser          processed=612
11:16:53 [info     ] browser.launched               channel=msedge headless=True
11:17:18 [warning  ] order.configure_failed         colour=1C (Front) package=3in1 paper=Simili 140gsm - Best Seller size=A6 (148mm x 105mm)
11:17:34 [warning  ] order.configure_failed         colour=1C (Both) package=3in1 paper=Simili 140gsm - Best Seller size=A6 (148mm x 105mm)
11:20:00 [info     ] order.captured                 colour=4C (Front) delivery=98 package=4in1 paper=Simili 140gsm - Best Seller quantities=20 size=A6 (148mm x 105mm)
11:22:30 [info     ] order.captured                 colour=4C (Both) delivery=98 package=4in1 paper=Simili 140gsm - Best Seller quantities=20 size=A6 (148mm x 105mm)
11:22:30 [info     ] order.progress                 done=355 empty=258 error=3
11:22:50 [warning  ] order.configure_failed         colour=1C (Front) package=4in1 paper=Simili 140gsm - Best Seller size=A6 (148mm x 105mm)
11:22:50 [info     ] order.progress                 done=355 empty=259 error=3
11:23:05 [warning  ] order.configure_failed         colour=1C (Both) package=4in1 paper=Simili 140gsm - Best Seller size=A6 (148mm x 105mm)
11:23:05 [info     ] order.progress                 done=355 empty=260 error=3
11:25:30 [info     ] order.captured                 colour=4C (Front) delivery=98 package=5in1 paper=Simili 140gsm - Best Seller quantities=20 size=A6 (148mm x 105mm)
11:28:02 [info     ] order.captured                 colour=4C (Both) delivery=98 package=5in1 paper=Simili 140gsm - Best Seller quantities=20 size=A6 (148mm x 105mm)
11:28:21 [warning  ] order.configure_failed         colour=1C (Front) package=5in1 paper=Simili 140gsm - Best Seller size=A6 (148mm x 105mm)
11:28:21 [info     ] order.recycle_browser          processed=621
11:28:22 [info     ] browser.launched               channel=msedge headless=True
11:28:46 [warning  ] order.configure_failed         colour=1C (Both) package=5in1 paper=Simili 140gsm - Best Seller size=A6 (148mm x 105mm)
11:31:02 [info     ] order.captured                 colour=4C (Front) delivery=98 package=2in1 paper=Gloss Art Paper 100gsm - Best Seller quantities=20 size=A6 (148mm x 105mm)
11:33:25 [info     ] order.captured                 colour=4C (Both) delivery=98 package=2in1 paper=Gloss Art Paper 100gsm - Best Seller quantities=20 size=A6 (148mm x 105mm)
11:33:46 [warning  ] order.configure_failed         colour=1C (Front) package=2in1 paper=Gloss Art Paper 100gsm - Best Seller size=A6 (148mm x 105mm)
11:34:03 [warning  ] order.configure_failed         colour=1C (Both) package=2in1 paper=Gloss Art Paper 100gsm - Best Seller size=A6 (148mm x 105mm)
11:36:31 [info     ] order.captured                 colour=4C (Front) delivery=98 package=3in1 paper=Gloss Art Paper 100gsm - Best Seller quantities=20 size=A6 (148mm x 105mm)
11:36:31 [info     ] order.progress                 done=360 empty=264 error=3
11:39:03 [info     ] order.captured                 colour=4C (Both) delivery=98 package=3in1 paper=Gloss Art Paper 100gsm - Best Seller quantities=20 size=A6 (148mm x 105mm)
11:39:23 [warning  ] order.configure_failed         colour=1C (Front) package=3in1 paper=Gloss Art Paper 100gsm - Best Seller size=A6 (148mm x 105mm)
11:39:41 [warning  ] order.configure_failed         colour=1C (Both) package=3in1 paper=Gloss Art Paper 100gsm - Best Seller size=A6 (148mm x 105mm)
11:39:41 [info     ] order.recycle_browser          processed=630
11:39:41 [info     ] browser.launched               channel=msedge headless=True
11:42:24 [info     ] order.captured                 colour=4C (Front) delivery=98 package=4in1 paper=Gloss Art Paper 100gsm - Best Seller quantities=20 size=A6 (148mm x 105mm)
11:45:03 [info     ] order.captured                 colour=4C (Both) delivery=98 package=4in1 paper=Gloss Art Paper 100gsm - Best Seller quantities=20 size=A6 (148mm x 105mm)
11:45:23 [warning  ] order.configure_failed         colour=1C (Front) package=4in1 paper=Gloss Art Paper 100gsm - Best Seller size=A6 (148mm x 105mm)
11:45:39 [warning  ] order.configure_failed         colour=1C (Both) package=4in1 paper=Gloss Art Paper 100gsm - Best Seller size=A6 (148mm x 105mm)
11:48:11 [info     ] order.captured                 colour=4C (Front) delivery=98 package=5in1 paper=Gloss Art Paper 100gsm - Best Seller quantities=20 size=A6 (148mm x 105mm)
11:50:48 [info     ] order.captured                 colour=4C (Both) delivery=98 package=5in1 paper=Gloss Art Paper 100gsm - Best Seller quantities=20 size=A6 (148mm x 105mm)
11:50:48 [info     ] order.progress                 done=365 empty=268 error=3
11:51:08 [warning  ] order.configure_failed         colour=1C (Front) package=5in1 paper=Gloss Art Paper 100gsm - Best Seller size=A6 (148mm x 105mm)
11:51:08 [info     ] order.progress                 done=365 empty=269 error=3
11:51:26 [warning  ] order.configure_failed         colour=1C (Both) package=5in1 paper=Gloss Art Paper 100gsm - Best Seller size=A6 (148mm x 105mm)
11:51:26 [info     ] order.progress                 done=365 empty=270 error=3
11:53:36 [info     ] order.captured                 colour=4C (Front) delivery=98 package=2in1 paper=Gloss Art Paper 128gsm - Best Seller quantities=20 size=A6 (148mm x 105mm)
11:53:36 [info     ] order.recycle_browser          processed=639
11:53:37 [info     ] browser.launched               channel=msedge headless=True
11:55:52 [info     ] order.captured                 colour=4C (Both) delivery=98 package=2in1 paper=Gloss Art Paper 128gsm - Best Seller quantities=20 size=A6 (148mm x 105mm)
11:56:12 [warning  ] order.configure_failed         colour=1C (Front) package=2in1 paper=Gloss Art Paper 128gsm - Best Seller size=A6 (148mm x 105mm)
11:56:29 [warning  ] order.configure_failed         colour=1C (Both) package=2in1 paper=Gloss Art Paper 128gsm - Best Seller size=A6 (148mm x 105mm)
11:58:44 [info     ] order.captured                 colour=4C (Front) delivery=98 package=3in1 paper=Gloss Art Paper 128gsm - Best Seller quantities=20 size=A6 (148mm x 105mm)
12:01:14 [info     ] order.captured                 colour=4C (Both) delivery=98 package=3in1 paper=Gloss Art Paper 128gsm - Best Seller quantities=20 size=A6 (148mm x 105mm)
12:01:44 [warning  ] order.configure_failed         colour=1C (Front) package=3in1 paper=Gloss Art Paper 128gsm - Best Seller size=A6 (148mm x 105mm)
12:02:06 [warning  ] order.configure_failed         colour=1C (Both) package=3in1 paper=Gloss Art Paper 128gsm - Best Seller size=A6 (148mm x 105mm)
12:04:34 [info     ] order.captured                 colour=4C (Front) delivery=98 package=4in1 paper=Gloss Art Paper 128gsm - Best Seller quantities=20 size=A6 (148mm x 105mm)
12:04:34 [info     ] order.progress                 done=370 empty=274 error=3
12:07:21 [info     ] order.captured                 colour=4C (Both) delivery=98 package=4in1 paper=Gloss Art Paper 128gsm - Best Seller quantities=20 size=A6 (148mm x 105mm)
12:07:21 [info     ] order.recycle_browser          processed=648
12:07:21 [info     ] browser.launched               channel=msedge headless=True
12:07:51 [warning  ] order.configure_failed         colour=1C (Front) package=4in1 paper=Gloss Art Paper 128gsm - Best Seller size=A6 (148mm x 105mm)
12:08:12 [warning  ] order.configure_failed         colour=1C (Both) package=4in1 paper=Gloss Art Paper 128gsm - Best Seller size=A6 (148mm x 105mm)
12:11:01 [info     ] order.captured                 colour=4C (Front) delivery=98 package=5in1 paper=Gloss Art Paper 128gsm - Best Seller quantities=20 size=A6 (148mm x 105mm)
12:13:54 [info     ] order.captured                 colour=4C (Both) delivery=98 package=5in1 paper=Gloss Art Paper 128gsm - Best Seller quantities=20 size=A6 (148mm x 105mm)
12:14:19 [warning  ] order.configure_failed         colour=1C (Front) package=5in1 paper=Gloss Art Paper 128gsm - Best Seller size=A6 (148mm x 105mm)
12:14:42 [warning  ] order.configure_failed         colour=1C (Both) package=5in1 paper=Gloss Art Paper 128gsm - Best Seller size=A6 (148mm x 105mm)
12:17:40 [info     ] order.captured                 colour=4C (Front) delivery=98 package=2in1 paper=Gloss Art Paper 150gsm - Best Seller quantities=20 size=A6 (148mm x 105mm)
12:20:39 [info     ] order.captured                 colour=4C (Both) delivery=98 package=2in1 paper=Gloss Art Paper 150gsm - Best Seller quantities=20 size=A6 (148mm x 105mm)
12:20:40 [info     ] order.progress                 done=375 empty=278 error=3
12:21:05 [warning  ] order.configure_failed         colour=1C (Front) package=2in1 paper=Gloss Art Paper 150gsm - Best Seller size=A6 (148mm x 105mm)
12:21:05 [info     ] order.progress                 done=375 empty=279 error=3
12:21:05 [info     ] order.recycle_browser          processed=657
12:21:05 [info     ] browser.launched               channel=msedge headless=True
12:21:33 [warning  ] order.configure_failed         colour=1C (Both) package=2in1 paper=Gloss Art Paper 150gsm - Best Seller size=A6 (148mm x 105mm)
12:21:33 [info     ] order.progress                 done=375 empty=280 error=3
12:24:33 [info     ] order.captured                 colour=4C (Front) delivery=98 package=3in1 paper=Gloss Art Paper 150gsm - Best Seller quantities=20 size=A6 (148mm x 105mm)
12:27:31 [info     ] order.captured                 colour=4C (Both) delivery=98 package=3in1 paper=Gloss Art Paper 150gsm - Best Seller quantities=20 size=A6 (148mm x 105mm)
12:27:57 [warning  ] order.configure_failed         colour=1C (Front) package=3in1 paper=Gloss Art Paper 150gsm - Best Seller size=A6 (148mm x 105mm)
12:28:16 [warning  ] order.configure_failed         colour=1C (Both) package=3in1 paper=Gloss Art Paper 150gsm - Best Seller size=A6 (148mm x 105mm)
12:31:15 [info     ] order.captured                 colour=4C (Front) delivery=98 package=4in1 paper=Gloss Art Paper 150gsm - Best Seller quantities=20 size=A6 (148mm x 105mm)
12:34:03 [info     ] order.captured                 colour=4C (Both) delivery=98 package=4in1 paper=Gloss Art Paper 150gsm - Best Seller quantities=20 size=A6 (148mm x 105mm)
12:34:27 [warning  ] order.configure_failed         colour=1C (Front) package=4in1 paper=Gloss Art Paper 150gsm - Best Seller size=A6 (148mm x 105mm)
12:34:47 [warning  ] order.configure_failed         colour=1C (Both) package=4in1 paper=Gloss Art Paper 150gsm - Best Seller size=A6 (148mm x 105mm)
12:34:47 [info     ] order.recycle_browser          processed=666
12:34:47 [info     ] browser.launched               channel=msedge headless=True
12:37:46 [info     ] order.captured                 colour=4C (Front) delivery=98 package=5in1 paper=Gloss Art Paper 150gsm - Best Seller quantities=20 size=A6 (148mm x 105mm)
12:37:46 [info     ] order.progress                 done=380 empty=284 error=3
12:40:43 [info     ] order.captured                 colour=4C (Both) delivery=98 package=5in1 paper=Gloss Art Paper 150gsm - Best Seller quantities=20 size=A6 (148mm x 105mm)
12:41:05 [warning  ] order.configure_failed         colour=1C (Front) package=5in1 paper=Gloss Art Paper 150gsm - Best Seller size=A6 (148mm x 105mm)
12:41:25 [warning  ] order.configure_failed         colour=1C (Both) package=5in1 paper=Gloss Art Paper 150gsm - Best Seller size=A6 (148mm x 105mm)
12:43:51 [info     ] order.captured                 colour=4C (Front) delivery=98 package=2in1 paper=Matte Art Paper 130gsm - Best Seller quantities=20 size=A6 (148mm x 105mm)
12:46:19 [info     ] order.captured                 colour=4C (Both) delivery=98 package=2in1 paper=Matte Art Paper 130gsm - Best Seller quantities=20 size=A6 (148mm x 105mm)
12:46:44 [warning  ] order.configure_failed         colour=1C (Front) package=2in1 paper=Matte Art Paper 130gsm - Best Seller size=A6 (148mm x 105mm)
12:47:07 [warning  ] order.configure_failed         colour=1C (Both) package=2in1 paper=Matte Art Paper 130gsm - Best Seller size=A6 (148mm x 105mm)
12:49:38 [info     ] order.captured                 colour=4C (Front) delivery=98 package=3in1 paper=Matte Art Paper 130gsm - Best Seller quantities=20 size=A6 (148mm x 105mm)
12:49:38 [info     ] order.recycle_browser          processed=675
12:49:38 [info     ] browser.launched               channel=msedge headless=True
12:52:25 [info     ] order.captured                 colour=4C (Both) delivery=98 package=3in1 paper=Matte Art Paper 130gsm - Best Seller quantities=20 size=A6 (148mm x 105mm)
12:52:25 [info     ] order.progress                 done=385 empty=288 error=3
12:52:52 [warning  ] order.configure_failed         colour=1C (Front) package=3in1 paper=Matte Art Paper 130gsm - Best Seller size=A6 (148mm x 105mm)
12:52:52 [info     ] order.progress                 done=385 empty=289 error=3
12:53:15 [warning  ] order.configure_failed         colour=1C (Both) package=3in1 paper=Matte Art Paper 130gsm - Best Seller size=A6 (148mm x 105mm)
12:53:15 [info     ] order.progress                 done=385 empty=290 error=3
12:55:39 [info     ] order.captured                 colour=4C (Front) delivery=98 package=4in1 paper=Matte Art Paper 130gsm - Best Seller quantities=20 size=A6 (148mm x 105mm)
12:58:08 [info     ] order.captured                 colour=4C (Both) delivery=98 package=4in1 paper=Matte Art Paper 130gsm - Best Seller quantities=20 size=A6 (148mm x 105mm)
12:58:40 [warning  ] order.configure_failed         colour=1C (Front) package=4in1 paper=Matte Art Paper 130gsm - Best Seller size=A6 (148mm x 105mm)
12:59:03 [warning  ] order.configure_failed         colour=1C (Both) package=4in1 paper=Matte Art Paper 130gsm - Best Seller size=A6 (148mm x 105mm)
13:01:30 [info     ] order.captured                 colour=4C (Front) delivery=98 package=5in1 paper=Matte Art Paper 130gsm - Best Seller quantities=20 size=A6 (148mm x 105mm)
13:04:12 [info     ] order.captured                 colour=4C (Both) delivery=98 package=5in1 paper=Matte Art Paper 130gsm - Best Seller quantities=20 size=A6 (148mm x 105mm)
13:04:12 [info     ] order.recycle_browser          processed=684
13:04:13 [info     ] browser.launched               channel=msedge headless=True
13:05:03 [warning  ] order.configure_failed         colour=1C (Front) package=5in1 paper=Matte Art Paper 130gsm - Best Seller size=A6 (148mm x 105mm)
13:05:30 [warning  ] order.configure_failed         colour=1C (Both) package=5in1 paper=Matte Art Paper 130gsm - Best Seller size=A6 (148mm x 105mm)
13:05:51 [warning  ] order.configure_failed         colour=4C (Front) package=2in1 paper=Gloss Art Card 230gsm (2 sides coated) size=A6 (148mm x 105mm)
13:06:10 [warning  ] order.configure_failed         colour=4C (Both) package=2in1 paper=Gloss Art Card 230gsm (2 sides coated) size=A6 (148mm x 105mm)
13:06:28 [warning  ] order.configure_failed         colour=1C (Front) package=2in1 paper=Gloss Art Card 230gsm (2 sides coated) size=A6 (148mm x 105mm)
13:06:46 [warning  ] order.configure_failed         colour=1C (Both) package=2in1 paper=Gloss Art Card 230gsm (2 sides coated) size=A6 (148mm x 105mm)
13:07:04 [warning  ] order.configure_failed         colour=4C (Front) package=3in1 paper=Gloss Art Card 230gsm (2 sides coated) size=A6 (148mm x 105mm)
13:07:21 [warning  ] order.configure_failed         colour=4C (Both) package=3in1 paper=Gloss Art Card 230gsm (2 sides coated) size=A6 (148mm x 105mm)
13:07:39 [warning  ] order.configure_failed         colour=1C (Front) package=3in1 paper=Gloss Art Card 230gsm (2 sides coated) size=A6 (148mm x 105mm)
13:07:39 [info     ] order.recycle_browser          processed=693
13:07:39 [info     ] browser.launched               channel=msedge headless=True
13:08:08 [warning  ] order.configure_failed         colour=1C (Both) package=3in1 paper=Gloss Art Card 230gsm (2 sides coated) size=A6 (148mm x 105mm)
13:08:27 [warning  ] order.configure_failed         colour=4C (Front) package=4in1 paper=Gloss Art Card 230gsm (2 sides coated) size=A6 (148mm x 105mm)
13:08:44 [warning  ] order.configure_failed         colour=4C (Both) package=4in1 paper=Gloss Art Card 230gsm (2 sides coated) size=A6 (148mm x 105mm)
13:09:03 [warning  ] order.configure_failed         colour=1C (Front) package=4in1 paper=Gloss Art Card 230gsm (2 sides coated) size=A6 (148mm x 105mm)
13:09:22 [warning  ] order.configure_failed         colour=1C (Both) package=4in1 paper=Gloss Art Card 230gsm (2 sides coated) size=A6 (148mm x 105mm)
13:09:40 [warning  ] order.configure_failed         colour=4C (Front) package=5in1 paper=Gloss Art Card 230gsm (2 sides coated) size=A6 (148mm x 105mm)
13:09:59 [warning  ] order.configure_failed         colour=4C (Both) package=5in1 paper=Gloss Art Card 230gsm (2 sides coated) size=A6 (148mm x 105mm)
13:10:16 [warning  ] order.configure_failed         colour=1C (Front) package=5in1 paper=Gloss Art Card 230gsm (2 sides coated) size=A6 (148mm x 105mm)
13:10:34 [warning  ] order.configure_failed         colour=1C (Both) package=5in1 paper=Gloss Art Card 230gsm (2 sides coated) size=A6 (148mm x 105mm)
13:10:34 [info     ] order.recycle_browser          processed=702
13:10:35 [info     ] browser.launched               channel=msedge headless=True
13:11:04 [warning  ] order.configure_failed         colour=4C (Front) package=2in1 paper=Gloss Art Card 250gsm (2 sides coated) - Best Seller size=A6 (148mm x 105mm)
13:11:22 [warning  ] order.configure_failed         colour=4C (Both) package=2in1 paper=Gloss Art Card 250gsm (2 sides coated) - Best Seller size=A6 (148mm x 105mm)
13:11:39 [warning  ] order.configure_failed         colour=1C (Front) package=2in1 paper=Gloss Art Card 250gsm (2 sides coated) - Best Seller size=A6 (148mm x 105mm)
13:11:57 [warning  ] order.configure_failed         colour=1C (Both) package=2in1 paper=Gloss Art Card 250gsm (2 sides coated) - Best Seller size=A6 (148mm x 105mm)
13:12:15 [warning  ] order.configure_failed         colour=4C (Front) package=3in1 paper=Gloss Art Card 250gsm (2 sides coated) - Best Seller size=A6 (148mm x 105mm)
13:12:33 [warning  ] order.configure_failed         colour=4C (Both) package=3in1 paper=Gloss Art Card 250gsm (2 sides coated) - Best Seller size=A6 (148mm x 105mm)
13:12:51 [warning  ] order.configure_failed         colour=1C (Front) package=3in1 paper=Gloss Art Card 250gsm (2 sides coated) - Best Seller size=A6 (148mm x 105mm)
13:13:09 [warning  ] order.configure_failed         colour=1C (Both) package=3in1 paper=Gloss Art Card 250gsm (2 sides coated) - Best Seller size=A6 (148mm x 105mm)
13:13:28 [warning  ] order.configure_failed         colour=4C (Front) package=4in1 paper=Gloss Art Card 250gsm (2 sides coated) - Best Seller size=A6 (148mm x 105mm)
13:13:28 [info     ] order.recycle_browser          processed=711
13:13:28 [info     ] browser.launched               channel=msedge headless=True
13:13:55 [warning  ] order.configure_failed         colour=4C (Both) package=4in1 paper=Gloss Art Card 250gsm (2 sides coated) - Best Seller size=A6 (148mm x 105mm)
13:14:12 [warning  ] order.configure_failed         colour=1C (Front) package=4in1 paper=Gloss Art Card 250gsm (2 sides coated) - Best Seller size=A6 (148mm x 105mm)
13:14:31 [warning  ] order.configure_failed         colour=1C (Both) package=4in1 paper=Gloss Art Card 250gsm (2 sides coated) - Best Seller size=A6 (148mm x 105mm)
13:14:48 [warning  ] order.configure_failed         colour=4C (Front) package=5in1 paper=Gloss Art Card 250gsm (2 sides coated) - Best Seller size=A6 (148mm x 105mm)
13:15:05 [warning  ] order.configure_failed         colour=4C (Both) package=5in1 paper=Gloss Art Card 250gsm (2 sides coated) - Best Seller size=A6 (148mm x 105mm)
13:15:22 [warning  ] order.configure_failed         colour=1C (Front) package=5in1 paper=Gloss Art Card 250gsm (2 sides coated) - Best Seller size=A6 (148mm x 105mm)
13:15:40 [warning  ] order.configure_failed         colour=1C (Both) package=5in1 paper=Gloss Art Card 250gsm (2 sides coated) - Best Seller size=A6 (148mm x 105mm)
13:15:57 [warning  ] order.configure_failed         colour=4C (Front) package=2in1 paper=Gloss Art Card 310gsm (2 sides coated) size=A6 (148mm x 105mm)
13:16:15 [warning  ] order.configure_failed         colour=4C (Both) package=2in1 paper=Gloss Art Card 310gsm (2 sides coated) size=A6 (148mm x 105mm)
13:16:15 [info     ] order.recycle_browser          processed=720
13:16:15 [info     ] browser.launched               channel=msedge headless=True
13:16:43 [warning  ] order.configure_failed         colour=1C (Front) package=2in1 paper=Gloss Art Card 310gsm (2 sides coated) size=A6 (148mm x 105mm)
13:17:00 [warning  ] order.configure_failed         colour=1C (Both) package=2in1 paper=Gloss Art Card 310gsm (2 sides coated) size=A6 (148mm x 105mm)
13:17:20 [warning  ] order.configure_failed         colour=4C (Front) package=3in1 paper=Gloss Art Card 310gsm (2 sides coated) size=A6 (148mm x 105mm)
13:17:42 [warning  ] order.configure_failed         colour=4C (Both) package=3in1 paper=Gloss Art Card 310gsm (2 sides coated) size=A6 (148mm x 105mm)
13:18:03 [warning  ] order.configure_failed         colour=1C (Front) package=3in1 paper=Gloss Art Card 310gsm (2 sides coated) size=A6 (148mm x 105mm)
13:18:32 [warning  ] order.configure_failed         colour=1C (Both) package=3in1 paper=Gloss Art Card 310gsm (2 sides coated) size=A6 (148mm x 105mm)
13:19:02 [warning  ] order.configure_failed         colour=4C (Front) package=4in1 paper=Gloss Art Card 310gsm (2 sides coated) size=A6 (148mm x 105mm)
13:19:32 [warning  ] order.configure_failed         colour=4C (Both) package=4in1 paper=Gloss Art Card 310gsm (2 sides coated) size=A6 (148mm x 105mm)
13:20:01 [warning  ] order.configure_failed         colour=1C (Front) package=4in1 paper=Gloss Art Card 310gsm (2 sides coated) size=A6 (148mm x 105mm)
13:20:01 [info     ] order.recycle_browser          processed=729
13:20:02 [info     ] browser.launched               channel=msedge headless=True
13:20:47 [warning  ] order.configure_failed         colour=1C (Both) package=4in1 paper=Gloss Art Card 310gsm (2 sides coated) size=A6 (148mm x 105mm)
13:21:16 [warning  ] order.configure_failed         colour=4C (Front) package=5in1 paper=Gloss Art Card 310gsm (2 sides coated) size=A6 (148mm x 105mm)
13:21:38 [warning  ] order.configure_failed         colour=4C (Both) package=5in1 paper=Gloss Art Card 310gsm (2 sides coated) size=A6 (148mm x 105mm)
13:21:56 [warning  ] order.configure_failed         colour=1C (Front) package=5in1 paper=Gloss Art Card 310gsm (2 sides coated) size=A6 (148mm x 105mm)
13:22:17 [warning  ] order.configure_failed         colour=1C (Both) package=5in1 paper=Gloss Art Card 310gsm (2 sides coated) size=A6 (148mm x 105mm)
13:22:37 [warning  ] order.configure_failed         colour=4C (Front) package=2in1 paper=Gloss Art Card 360gsm (2 sides coated) size=A6 (148mm x 105mm)
13:22:58 [warning  ] order.configure_failed         colour=4C (Both) package=2in1 paper=Gloss Art Card 360gsm (2 sides coated) size=A6 (148mm x 105mm)
13:23:19 [warning  ] order.configure_failed         colour=1C (Front) package=2in1 paper=Gloss Art Card 360gsm (2 sides coated) size=A6 (148mm x 105mm)
13:23:40 [warning  ] order.configure_failed         colour=1C (Both) package=2in1 paper=Gloss Art Card 360gsm (2 sides coated) size=A6 (148mm x 105mm)
13:23:40 [info     ] order.recycle_browser          processed=738
13:23:41 [info     ] browser.launched               channel=msedge headless=True
13:24:14 [warning  ] order.configure_failed         colour=4C (Front) package=3in1 paper=Gloss Art Card 360gsm (2 sides coated) size=A6 (148mm x 105mm)
13:24:42 [warning  ] order.configure_failed         colour=4C (Both) package=3in1 paper=Gloss Art Card 360gsm (2 sides coated) size=A6 (148mm x 105mm)
13:25:08 [warning  ] order.configure_failed         colour=1C (Front) package=3in1 paper=Gloss Art Card 360gsm (2 sides coated) size=A6 (148mm x 105mm)
13:25:37 [warning  ] order.configure_failed         colour=1C (Both) package=3in1 paper=Gloss Art Card 360gsm (2 sides coated) size=A6 (148mm x 105mm)
13:26:07 [warning  ] order.configure_failed         colour=4C (Front) package=4in1 paper=Gloss Art Card 360gsm (2 sides coated) size=A6 (148mm x 105mm)
13:26:36 [warning  ] order.configure_failed         colour=4C (Both) package=4in1 paper=Gloss Art Card 360gsm (2 sides coated) size=A6 (148mm x 105mm)
13:27:04 [warning  ] order.configure_failed         colour=1C (Front) package=4in1 paper=Gloss Art Card 360gsm (2 sides coated) size=A6 (148mm x 105mm)
13:27:33 [warning  ] order.configure_failed         colour=1C (Both) package=4in1 paper=Gloss Art Card 360gsm (2 sides coated) size=A6 (148mm x 105mm)
13:28:02 [warning  ] order.configure_failed         colour=4C (Front) package=5in1 paper=Gloss Art Card 360gsm (2 sides coated) size=A6 (148mm x 105mm)
13:28:02 [info     ] order.recycle_browser          processed=747
13:28:02 [info     ] browser.launched               channel=msedge headless=True
13:28:42 [warning  ] order.configure_failed         colour=4C (Both) package=5in1 paper=Gloss Art Card 360gsm (2 sides coated) size=A6 (148mm x 105mm)
13:29:01 [warning  ] order.configure_failed         colour=1C (Front) package=5in1 paper=Gloss Art Card 360gsm (2 sides coated) size=A6 (148mm x 105mm)
13:29:26 [warning  ] order.configure_failed         colour=1C (Both) package=5in1 paper=Gloss Art Card 360gsm (2 sides coated) size=A6 (148mm x 105mm)
13:29:58 [warning  ] order.configure_failed         colour=4C (Front) package=2in1 paper=Simili 80gsm - Best Seller size=3xA4 (297mm x 630mm)
13:31:54 [info     ] order.captured                 colour=4C (Both) delivery=98 package=2in1 paper=Simili 80gsm - Best Seller quantities=13 size=3xA4 (297mm x 630mm)
13:31:54 [info     ] order.progress                 done=390 empty=359 error=3
13:32:26 [warning  ] order.configure_failed         colour=1C (Front) package=2in1 paper=Simili 80gsm - Best Seller size=3xA4 (297mm x 630mm)
13:32:26 [info     ] order.progress                 done=390 empty=360 error=3
13:32:32 [info     ] browser.launched               channel=msedge headless=True
13:32:33 [info     ] login.start                    url=https://www.excard.com.my/login user=tkp***
13:32:42 [info     ] login.result                   ok=False url=https://www.excard.com.my/login
13:33:24 [info     ] browser.launched               channel=msedge headless=True
13:34:26 [info     ] order.captured                 colour=1C (Both) delivery=98 package=2in1 paper=Simili 80gsm - Best Seller quantities=13 size=3xA4 (297mm x 630mm)
13:34:55 [warning  ] order.configure_failed         colour=4C (Front) package=3in1 paper=Simili 80gsm - Best Seller size=3xA4 (297mm x 630mm)
13:36:39 [info     ] order.captured                 colour=4C (Both) delivery=98 package=3in1 paper=Simili 80gsm - Best Seller quantities=13 size=3xA4 (297mm x 630mm)
13:36:39 [info     ] order.recycle_browser          processed=756
13:36:39 [info     ] browser.launched               channel=msedge headless=True
13:36:41 [info     ] browser.launched               channel=msedge headless=True
13:36:41 [info     ] login.start                    url=https://www.excard.com.my/login user=tkp***
13:37:00 [info     ] login.result                   ok=True url=https://www.excard.com.my/home-member
13:37:29 [warning  ] order.configure_failed         colour=1C (Front) package=3in1 paper=Simili 80gsm - Best Seller size=3xA4 (297mm x 630mm)
13:39:32 [info     ] order.captured                 colour=1C (Both) delivery=98 package=3in1 paper=Simili 80gsm - Best Seller quantities=13 size=3xA4 (297mm x 630mm)
13:39:57 [warning  ] order.configure_failed         colour=4C (Front) package=4in1 paper=Simili 80gsm - Best Seller size=3xA4 (297mm x 630mm)
13:40:38 [info     ] browser.launched               channel=msedge headless=True
13:40:38 [info     ] login.start                    url=https://www.excard.com.my/login user=tkp***
13:40:56 [info     ] login.result                   ok=True url=https://www.excard.com.my/home-member
13:41:50 [info     ] order.captured                 colour=4C (Both) delivery=98 package=4in1 paper=Simili 80gsm - Best Seller quantities=13 size=3xA4 (297mm x 630mm)
13:42:13 [warning  ] order.configure_failed         colour=1C (Front) package=4in1 paper=Simili 80gsm - Best Seller size=3xA4 (297mm x 630mm)
13:42:25 [info     ] browser.launched               channel=msedge headless=True
13:42:32 [warning  ] order.session_unusable_reloging_in account=2
13:42:32 [info     ] login.start                    url=https://www.excard.com.my/login user=tkp***
13:42:50 [info     ] login.result                   ok=True url=https://www.excard.com.my/home-member
13:42:50 [info     ] order.crawl_start              account=2 product=21
13:44:16 [info     ] order.captured                 colour=1C (Both) delivery=98 package=4in1 paper=Simili 80gsm - Best Seller quantities=13 size=3xA4 (297mm x 630mm)
13:44:16 [info     ] order.progress                 done=395 empty=364 error=3
13:44:51 [warning  ] order.configure_failed         colour=4C (Front) package=5in1 paper=Simili 80gsm - Best Seller size=3xA4 (297mm x 630mm)
13:44:51 [info     ] order.progress                 done=395 empty=365 error=3
13:46:50 [info     ] order.captured                 colour=4C (Both) delivery=98 package=5in1 paper=Simili 80gsm - Best Seller quantities=13 size=3xA4 (297mm x 630mm)
13:47:24 [warning  ] order.configure_failed         colour=1C (Front) package=5in1 paper=Simili 80gsm - Best Seller size=3xA4 (297mm x 630mm)
13:47:24 [info     ] order.recycle_browser          processed=765
13:47:25 [info     ] browser.launched               channel=msedge headless=True
13:47:57 [error    ] order.error                    error=TimeoutError('Locator.check: Timeout 30000ms exceeded.\nCall log:\n  - waiting for locator("input[name=\'ctl00$mainContent$order_spec_controller1$order_spec_sta
13:47:57 [info     ] browser.launched               channel=msedge headless=True
13:48:15 [error    ] order.error                    error=TimeoutError('Page.goto: Timeout 30000ms exceeded.\nCall log:\n  - navigating to "https://www.excard.com.my/spec/Litho/Loose_Sheet", waiting until "domcontentlo
13:48:15 [info     ] browser.launched               channel=msedge headless=True
13:48:27 [warning  ] order.relaunch_retry           attempt=0 error=TimeoutError('Page.goto: Timeout 30000ms exceeded.\nCall log:\n  - navigating to "https://www.excard.com.my/spec/Litho/L retry_in_s=15
13:48:43 [info     ] browser.launched               channel=msedge headless=True
13:48:46 [warning  ] order.relaunch_retry           attempt=0 error=TimeoutError('Page.goto: Timeout 30000ms exceeded.\nCall log:\n  - navigating to "https://www.excard.com.my/spec/Litho/L retry_in_s=15
13:49:01 [info     ] browser.launched               channel=msedge headless=True
13:49:13 [warning  ] order.relaunch_retry           attempt=1 error=TimeoutError('Page.goto: Timeout 30000ms exceeded.\nCall log:\n  - navigating to "https://www.excard.com.my/spec/Litho/L retry_in_s=30
13:49:32 [warning  ] order.relaunch_retry           attempt=1 error=TimeoutError('Page.goto: Timeout 30000ms exceeded.\nCall log:\n  - navigating to "https://www.excard.com.my/spec/Litho/L retry_in_s=30
13:50:02 [info     ] browser.launched               channel=msedge headless=True
13:50:33 [warning  ] order.relaunch_retry           attempt=2 error=TimeoutError('Page.goto: Timeout 30000ms exceeded.\nCall log:\n  - navigating to "https://www.excard.com.my/spec/Litho/L retry_in_s=45
13:51:18 [info     ] browser.launched               channel=msedge headless=True
13:51:49 [warning  ] order.relaunch_retry           attempt=3 error=TimeoutError('Page.goto: Timeout 30000ms exceeded.\nCall log:\n  - navigating to "https://www.excard.com.my/spec/Litho/L retry_in_s=60
13:52:49 [info     ] browser.launched               channel=msedge headless=True
13:53:04 [info     ] order.relaunch_recovered       after_attempts=4
13:53:40 [info     ] browser.launched               channel=msedge headless=True
13:53:40 [info     ] login.start                    url=https://www.excard.com.my/login user=yus***
13:53:58 [info     ] login.result                   ok=True url=https://www.excard.com.my/home-member
13:55:16 [info     ] order.captured                 colour=1C (Both) delivery=98 package=5in1 paper=Simili 80gsm - Best Seller quantities=13 size=3xA4 (297mm x 630mm)
13:55:49 [warning  ] order.configure_failed         colour=4C (Front) package=2in1 paper=Simili 100gsm - Best Seller size=3xA4 (297mm x 630mm)
13:57:42 [info     ] order.captured                 colour=4C (Both) delivery=98 package=2in1 paper=Simili 100gsm - Best Seller quantities=13 size=3xA4 (297mm x 630mm)
13:58:15 [warning  ] order.configure_failed         colour=1C (Front) package=2in1 paper=Simili 100gsm - Best Seller size=3xA4 (297mm x 630mm)
13:59:18 [info     ] browser.launched               channel=msedge headless=True
13:59:18 [info     ] login.start                    url=https://www.excard.com.my/login user=yus***
13:59:37 [info     ] login.result                   ok=True url=https://www.excard.com.my/home-member
14:00:22 [info     ] order.captured                 colour=1C (Both) delivery=98 package=2in1 paper=Simili 100gsm - Best Seller quantities=13 size=3xA4 (297mm x 630mm)
14:00:54 [warning  ] order.configure_failed         colour=4C (Front) package=3in1 paper=Simili 100gsm - Best Seller size=3xA4 (297mm x 630mm)
14:01:28 [info     ] browser.launched               channel=msedge headless=True
14:01:29 [info     ] login.start                    url=https://www.excard.com.my/login user=yus***
14:01:46 [info     ] login.result                   ok=True url=https://www.excard.com.my/home-member
14:02:54 [info     ] order.captured                 colour=4C (Both) delivery=98 package=3in1 paper=Simili 100gsm - Best Seller quantities=13 size=3xA4 (297mm x 630mm)
14:02:54 [info     ] order.progress                 done=400 empty=369 error=4
14:03:25 [warning  ] order.configure_failed         colour=1C (Front) package=3in1 paper=Simili 100gsm - Best Seller size=3xA4 (297mm x 630mm)
14:03:25 [info     ] order.progress                 done=400 empty=370 error=4
14:03:25 [info     ] order.recycle_browser          processed=774
14:03:26 [info     ] browser.launched               channel=msedge headless=True
14:05:56 [info     ] order.captured                 colour=1C (Both) delivery=98 package=3in1 paper=Simili 100gsm - Best Seller quantities=13 size=3xA4 (297mm x 630mm)
14:06:01 [info     ] browser.launched               channel=msedge headless=True
14:06:02 [info     ] login.start                    url=https://www.excard.com.my/login user=yus***
14:06:20 [info     ] login.result                   ok=True url=https://www.excard.com.my/home-member
14:06:28 [warning  ] order.configure_failed         colour=4C (Front) package=4in1 paper=Simili 100gsm - Best Seller size=3xA4 (297mm x 630mm)
14:08:21 [info     ] order.captured                 colour=4C (Both) delivery=98 package=4in1 paper=Simili 100gsm - Best Seller quantities=13 size=3xA4 (297mm x 630mm)
14:08:54 [warning  ] order.configure_failed         colour=1C (Front) package=4in1 paper=Simili 100gsm - Best Seller size=3xA4 (297mm x 630mm)
14:10:58 [info     ] order.captured                 colour=1C (Both) delivery=98 package=4in1 paper=Simili 100gsm - Best Seller quantities=13 size=3xA4 (297mm x 630mm)
14:11:31 [warning  ] order.configure_failed         colour=4C (Front) package=5in1 paper=Simili 100gsm - Best Seller size=3xA4 (297mm x 630mm)
14:13:18 [info     ] order.captured                 colour=4C (Both) delivery=98 package=5in1 paper=Simili 100gsm - Best Seller quantities=13 size=3xA4 (297mm x 630mm)
14:13:50 [warning  ] order.configure_failed         colour=1C (Front) package=5in1 paper=Simili 100gsm - Best Seller size=3xA4 (297mm x 630mm)
14:15:57 [info     ] order.captured                 colour=1C (Both) delivery=98 package=5in1 paper=Simili 100gsm - Best Seller quantities=13 size=3xA4 (297mm x 630mm)
14:15:57 [info     ] order.progress                 done=405 empty=374 error=4
14:15:58 [info     ] order.recycle_browser          processed=783
14:15:59 [info     ] browser.launched               channel=msedge headless=True
14:16:38 [warning  ] order.configure_failed         colour=4C (Front) package=2in1 paper=Simili 140gsm - Best Seller size=3xA4 (297mm x 630mm)
14:16:38 [info     ] order.progress                 done=405 empty=375 error=4
14:17:02 [warning  ] order.configure_failed         colour=4C (Both) package=2in1 paper=Simili 140gsm - Best Seller size=3xA4 (297mm x 630mm)
14:17:02 [info     ] order.progress                 done=405 empty=376 error=4
14:17:26 [warning  ] order.configure_failed         colour=1C (Front) package=2in1 paper=Simili 140gsm - Best Seller size=3xA4 (297mm x 630mm)
14:17:26 [info     ] order.progress                 done=405 empty=377 error=4
14:17:53 [warning  ] order.configure_failed         colour=1C (Both) package=2in1 paper=Simili 140gsm - Best Seller size=3xA4 (297mm x 630mm)
14:17:53 [info     ] order.progress                 done=405 empty=378 error=4
14:18:18 [warning  ] order.configure_failed         colour=4C (Front) package=3in1 paper=Simili 140gsm - Best Seller size=3xA4 (297mm x 630mm)
14:18:18 [info     ] order.progress                 done=405 empty=379 error=4
14:18:43 [warning  ] order.configure_failed         colour=4C (Both) package=3in1 paper=Simili 140gsm - Best Seller size=3xA4 (297mm x 630mm)
14:18:43 [info     ] order.progress                 done=405 empty=380 error=4
14:19:07 [warning  ] order.configure_failed         colour=1C (Front) package=3in1 paper=Simili 140gsm - Best Seller size=3xA4 (297mm x 630mm)
14:19:07 [info     ] order.progress                 done=405 empty=381 error=4
14:19:31 [warning  ] order.configure_failed         colour=1C (Both) package=3in1 paper=Simili 140gsm - Best Seller size=3xA4 (297mm x 630mm)
14:19:31 [info     ] order.progress                 done=405 empty=382 error=4
14:19:56 [warning  ] order.configure_failed         colour=4C (Front) package=4in1 paper=Simili 140gsm - Best Seller size=3xA4 (297mm x 630mm)
14:19:56 [info     ] order.progress                 done=405 empty=383 error=4
14:19:56 [info     ] order.recycle_browser          processed=792
14:19:56 [info     ] browser.launched               channel=msedge headless=True
14:20:34 [warning  ] order.configure_failed         colour=4C (Both) package=4in1 paper=Simili 140gsm - Best Seller size=3xA4 (297mm x 630mm)
14:20:34 [info     ] order.progress                 done=405 empty=384 error=4
14:20:58 [warning  ] order.configure_failed         colour=1C (Front) package=4in1 paper=Simili 140gsm - Best Seller size=3xA4 (297mm x 630mm)
14:20:58 [info     ] order.progress                 done=405 empty=385 error=4
14:21:24 [warning  ] order.configure_failed         colour=1C (Both) package=4in1 paper=Simili 140gsm - Best Seller size=3xA4 (297mm x 630mm)
14:21:25 [info     ] order.progress                 done=405 empty=386 error=4
14:21:50 [warning  ] order.configure_failed         colour=4C (Front) package=5in1 paper=Simili 140gsm - Best Seller size=3xA4 (297mm x 630mm)
14:21:50 [info     ] order.progress                 done=405 empty=387 error=4
14:22:15 [warning  ] order.configure_failed         colour=4C (Both) package=5in1 paper=Simili 140gsm - Best Seller size=3xA4 (297mm x 630mm)
14:22:15 [info     ] order.progress                 done=405 empty=388 error=4
14:22:40 [warning  ] order.configure_failed         colour=1C (Front) package=5in1 paper=Simili 140gsm - Best Seller size=3xA4 (297mm x 630mm)
14:22:40 [info     ] order.progress                 done=405 empty=389 error=4
14:23:05 [warning  ] order.configure_failed         colour=1C (Both) package=5in1 paper=Simili 140gsm - Best Seller size=3xA4 (297mm x 630mm)
14:23:05 [info     ] order.progress                 done=405 empty=390 error=4
14:23:28 [warning  ] order.configure_failed         colour=4C (Front) package=2in1 paper=Gloss Art Paper 100gsm - Best Seller size=3xA4 (297mm x 630mm)
14:23:28 [info     ] order.progress                 done=405 empty=391 error=4
14:23:53 [warning  ] order.configure_failed         colour=4C (Both) package=2in1 paper=Gloss Art Paper 100gsm - Best Seller size=3xA4 (297mm x 630mm)
14:23:53 [info     ] order.progress                 done=405 empty=392 error=4
14:23:53 [info     ] order.recycle_browser          processed=801
14:23:53 [info     ] browser.launched               channel=msedge headless=True
14:24:36 [warning  ] order.configure_failed         colour=1C (Front) package=2in1 paper=Gloss Art Paper 100gsm - Best Seller size=3xA4 (297mm x 630mm)
14:24:36 [info     ] order.progress                 done=405 empty=393 error=4
14:25:01 [warning  ] order.configure_failed         colour=1C (Both) package=2in1 paper=Gloss Art Paper 100gsm - Best Seller size=3xA4 (297mm x 630mm)
14:25:01 [info     ] order.progress                 done=405 empty=394 error=4
14:25:25 [warning  ] order.configure_failed         colour=4C (Front) package=3in1 paper=Gloss Art Paper 100gsm - Best Seller size=3xA4 (297mm x 630mm)
14:25:25 [info     ] order.progress                 done=405 empty=395 error=4
14:25:49 [warning  ] order.configure_failed         colour=4C (Both) package=3in1 paper=Gloss Art Paper 100gsm - Best Seller size=3xA4 (297mm x 630mm)
14:25:49 [info     ] order.progress                 done=405 empty=396 error=4
14:26:13 [warning  ] order.configure_failed         colour=1C (Front) package=3in1 paper=Gloss Art Paper 100gsm - Best Seller size=3xA4 (297mm x 630mm)
14:26:13 [info     ] order.progress                 done=405 empty=397 error=4
14:26:36 [warning  ] order.configure_failed         colour=1C (Both) package=3in1 paper=Gloss Art Paper 100gsm - Best Seller size=3xA4 (297mm x 630mm)
14:26:36 [info     ] order.progress                 done=405 empty=398 error=4
14:26:59 [warning  ] order.configure_failed         colour=4C (Front) package=4in1 paper=Gloss Art Paper 100gsm - Best Seller size=3xA4 (297mm x 630mm)
14:26:59 [info     ] order.progress                 done=405 empty=399 error=4
14:27:24 [warning  ] order.configure_failed         colour=4C (Both) package=4in1 paper=Gloss Art Paper 100gsm - Best Seller size=3xA4 (297mm x 630mm)
14:27:24 [info     ] order.progress                 done=405 empty=400 error=4
14:27:51 [warning  ] order.configure_failed         colour=1C (Front) package=4in1 paper=Gloss Art Paper 100gsm - Best Seller size=3xA4 (297mm x 630mm)
14:27:51 [info     ] order.progress                 done=405 empty=401 error=4
14:27:51 [info     ] order.recycle_browser          processed=810
14:27:51 [info     ] browser.launched               channel=msedge headless=True
14:28:27 [warning  ] order.configure_failed         colour=1C (Both) package=4in1 paper=Gloss Art Paper 100gsm - Best Seller size=3xA4 (297mm x 630mm)
14:28:27 [info     ] order.progress                 done=405 empty=402 error=4
14:28:50 [warning  ] order.configure_failed         colour=4C (Front) package=5in1 paper=Gloss Art Paper 100gsm - Best Seller size=3xA4 (297mm x 630mm)
14:28:50 [info     ] order.progress                 done=405 empty=403 error=4
14:29:13 [warning  ] order.configure_failed         colour=4C (Both) package=5in1 paper=Gloss Art Paper 100gsm - Best Seller size=3xA4 (297mm x 630mm)
14:29:13 [info     ] order.progress                 done=405 empty=404 error=4
14:29:35 [warning  ] order.configure_failed         colour=1C (Front) package=5in1 paper=Gloss Art Paper 100gsm - Best Seller size=3xA4 (297mm x 630mm)
14:29:35 [info     ] order.progress                 done=405 empty=405 error=4
14:29:55 [warning  ] order.configure_failed         colour=1C (Both) package=5in1 paper=Gloss Art Paper 100gsm - Best Seller size=3xA4 (297mm x 630mm)
14:29:55 [info     ] order.progress                 done=405 empty=406 error=4
14:30:15 [warning  ] order.configure_failed         colour=4C (Front) package=2in1 paper=Gloss Art Paper 128gsm - Best Seller size=3xA4 (297mm x 630mm)
14:30:15 [info     ] order.progress                 done=405 empty=407 error=4
14:30:38 [warning  ] order.configure_failed         colour=4C (Both) package=2in1 paper=Gloss Art Paper 128gsm - Best Seller size=3xA4 (297mm x 630mm)
14:30:38 [info     ] order.progress                 done=405 empty=408 error=4
14:31:01 [warning  ] order.configure_failed         colour=1C (Front) package=2in1 paper=Gloss Art Paper 128gsm - Best Seller size=3xA4 (297mm x 630mm)
14:31:01 [info     ] order.progress                 done=405 empty=409 error=4
14:31:23 [warning  ] order.configure_failed         colour=1C (Both) package=2in1 paper=Gloss Art Paper 128gsm - Best Seller size=3xA4 (297mm x 630mm)
14:31:23 [info     ] order.progress                 done=405 empty=410 error=4
14:31:23 [info     ] order.recycle_browser          processed=819
14:31:24 [info     ] browser.launched               channel=msedge headless=True
14:32:02 [warning  ] order.configure_failed         colour=4C (Front) package=3in1 paper=Gloss Art Paper 128gsm - Best Seller size=3xA4 (297mm x 630mm)
14:32:02 [info     ] order.progress                 done=405 empty=411 error=4
14:32:25 [warning  ] order.configure_failed         colour=4C (Both) package=3in1 paper=Gloss Art Paper 128gsm - Best Seller size=3xA4 (297mm x 630mm)
14:32:25 [info     ] order.progress                 done=405 empty=412 error=4
14:32:47 [warning  ] order.configure_failed         colour=1C (Front) package=3in1 paper=Gloss Art Paper 128gsm - Best Seller size=3xA4 (297mm x 630mm)
14:32:47 [info     ] order.progress                 done=405 empty=413 error=4
14:33:10 [warning  ] order.configure_failed         colour=1C (Both) package=3in1 paper=Gloss Art Paper 128gsm - Best Seller size=3xA4 (297mm x 630mm)
14:33:10 [info     ] order.progress                 done=405 empty=414 error=4
14:33:36 [warning  ] order.configure_failed         colour=4C (Front) package=4in1 paper=Gloss Art Paper 128gsm - Best Seller size=3xA4 (297mm x 630mm)
14:33:36 [info     ] order.progress                 done=405 empty=415 error=4
14:33:59 [warning  ] order.configure_failed         colour=4C (Both) package=4in1 paper=Gloss Art Paper 128gsm - Best Seller size=3xA4 (297mm x 630mm)
14:33:59 [info     ] order.progress                 done=405 empty=416 error=4
14:34:23 [warning  ] order.configure_failed         colour=1C (Front) package=4in1 paper=Gloss Art Paper 128gsm - Best Seller size=3xA4 (297mm x 630mm)
14:34:23 [info     ] order.progress                 done=405 empty=417 error=4
14:34:45 [warning  ] order.configure_failed         colour=1C (Both) package=4in1 paper=Gloss Art Paper 128gsm - Best Seller size=3xA4 (297mm x 630mm)
14:34:45 [info     ] order.progress                 done=405 empty=418 error=4
14:35:07 [warning  ] order.configure_failed         colour=4C (Front) package=5in1 paper=Gloss Art Paper 128gsm - Best Seller size=3xA4 (297mm x 630mm)
14:35:07 [info     ] order.progress                 done=405 empty=419 error=4
14:35:07 [info     ] order.recycle_browser          processed=828
14:35:08 [info     ] browser.launched               channel=msedge headless=True
14:35:45 [warning  ] order.configure_failed         colour=4C (Both) package=5in1 paper=Gloss Art Paper 128gsm - Best Seller size=3xA4 (297mm x 630mm)
14:35:45 [info     ] order.progress                 done=405 empty=420 error=4
14:36:07 [warning  ] order.configure_failed         colour=1C (Front) package=5in1 paper=Gloss Art Paper 128gsm - Best Seller size=3xA4 (297mm x 630mm)
14:36:07 [info     ] order.progress                 done=405 empty=421 error=4
14:36:31 [warning  ] order.configure_failed         colour=1C (Both) package=5in1 paper=Gloss Art Paper 128gsm - Best Seller size=3xA4 (297mm x 630mm)
14:36:31 [info     ] order.progress                 done=405 empty=422 error=4
14:36:54 [warning  ] order.configure_failed         colour=4C (Front) package=2in1 paper=Gloss Art Paper 150gsm - Best Seller size=3xA4 (297mm x 630mm)
14:36:54 [info     ] order.progress                 done=405 empty=423 error=4
14:37:15 [warning  ] order.configure_failed         colour=4C (Both) package=2in1 paper=Gloss Art Paper 150gsm - Best Seller size=3xA4 (297mm x 630mm)
14:37:15 [info     ] order.progress                 done=405 empty=424 error=4
14:37:39 [warning  ] order.configure_failed         colour=1C (Front) package=2in1 paper=Gloss Art Paper 150gsm - Best Seller size=3xA4 (297mm x 630mm)
14:37:39 [info     ] order.progress                 done=405 empty=425 error=4
14:38:02 [warning  ] order.configure_failed         colour=1C (Both) package=2in1 paper=Gloss Art Paper 150gsm - Best Seller size=3xA4 (297mm x 630mm)
14:38:02 [info     ] order.progress                 done=405 empty=426 error=4
14:38:27 [warning  ] order.configure_failed         colour=4C (Front) package=3in1 paper=Gloss Art Paper 150gsm - Best Seller size=3xA4 (297mm x 630mm)
14:38:27 [info     ] order.progress                 done=405 empty=427 error=4
14:38:49 [warning  ] order.configure_failed         colour=4C (Both) package=3in1 paper=Gloss Art Paper 150gsm - Best Seller size=3xA4 (297mm x 630mm)
14:38:49 [info     ] order.progress                 done=405 empty=428 error=4
14:38:49 [info     ] order.recycle_browser          processed=837
14:38:50 [info     ] browser.launched               channel=msedge headless=True
14:39:25 [warning  ] order.configure_failed         colour=1C (Front) package=3in1 paper=Gloss Art Paper 150gsm - Best Seller size=3xA4 (297mm x 630mm)
14:39:25 [info     ] order.progress                 done=405 empty=429 error=4
14:39:50 [warning  ] order.configure_failed         colour=1C (Both) package=3in1 paper=Gloss Art Paper 150gsm - Best Seller size=3xA4 (297mm x 630mm)
14:39:50 [info     ] order.progress                 done=405 empty=430 error=4
14:40:11 [warning  ] order.configure_failed         colour=4C (Front) package=4in1 paper=Gloss Art Paper 150gsm - Best Seller size=3xA4 (297mm x 630mm)
14:40:11 [info     ] order.progress                 done=405 empty=431 error=4
14:40:34 [warning  ] order.configure_failed         colour=4C (Both) package=4in1 paper=Gloss Art Paper 150gsm - Best Seller size=3xA4 (297mm x 630mm)
14:40:34 [info     ] order.progress                 done=405 empty=432 error=4
14:40:55 [warning  ] order.configure_failed         colour=1C (Front) package=4in1 paper=Gloss Art Paper 150gsm - Best Seller size=3xA4 (297mm x 630mm)
14:40:55 [info     ] order.progress                 done=405 empty=433 error=4
14:41:18 [warning  ] order.configure_failed         colour=1C (Both) package=4in1 paper=Gloss Art Paper 150gsm - Best Seller size=3xA4 (297mm x 630mm)
14:41:18 [info     ] order.progress                 done=405 empty=434 error=4
17:05:11 [info     ] browser.launched               channel=msedge headless=True
17:05:12 [info     ] login.start                    url=https://www.excard.com.my/login user=yus***
17:05:29 [info     ] login.result                   ok=True url=https://www.excard.com.my/home-member
17:13:25 [info     ] browser.launched               channel=msedge headless=True
17:13:25 [info     ] login.start                    url=https://www.excard.com.my/login user=yus***
17:13:42 [info     ] login.result                   ok=True url=https://www.excard.com.my/home-member
17:15:33 [info     ] browser.launched               channel=msedge headless=True
17:15:33 [info     ] login.start                    url=https://www.excard.com.my/login user=yus***
17:15:50 [info     ] login.result                   ok=True url=https://www.excard.com.my/home-member
17:17:01 [info     ] browser.launched               channel=msedge headless=True
17:17:01 [info     ] login.start                    url=https://www.excard.com.my/login user=yus***
17:17:19 [info     ] login.result                   ok=True url=https://www.excard.com.my/home-member
17:21:10 [info     ] browser.launched               channel=msedge headless=True
17:21:11 [info     ] login.start                    url=https://www.excard.com.my/login user=yus***
17:21:29 [info     ] login.result                   ok=True url=https://www.excard.com.my/home-member
17:22:40 [info     ] browser.launched               channel=msedge headless=True
17:22:40 [info     ] login.start                    url=https://www.excard.com.my/login user=yus***
17:22:58 [info     ] login.result                   ok=True url=https://www.excard.com.my/home-member
17:24:38 [info     ] browser.launched               channel=msedge headless=True
17:24:38 [info     ] login.start                    url=https://www.excard.com.my/login user=yus***
17:24:56 [info     ] login.result                   ok=True url=https://www.excard.com.my/home-member
17:26:20 [info     ] browser.launched               channel=msedge headless=True
17:26:20 [info     ] login.start                    url=https://www.excard.com.my/login user=yus***
17:26:37 [info     ] login.result                   ok=True url=https://www.excard.com.my/home-member
17:29:00 [info     ] browser.launched               channel=msedge headless=True
17:29:00 [info     ] login.start                    url=https://www.excard.com.my/login user=yus***
17:29:19 [info     ] login.result                   ok=True url=https://www.excard.com.my/home-member
17:33:30 [info     ] spot.captured                  colour=4C (Both) n=38 paper=Simili 100gsm size=297mm x 420mm (A3) total=38
17:37:57 [info     ] spot.captured                  colour=4C (Both) n=38 paper=Gloss Art Paper 128gsm size=297mm x 420mm (A3) total=76
17:42:18 [info     ] spot.captured                  colour=4C (Both) n=38 paper=Matte Art Paper 130gsm size=297mm x 420mm (A3) total=114
17:46:58 [info     ] spot.captured                  colour=4C (Both) n=38 paper=Gloss Art Card 250gsm (2 side coated) size=297mm x 420mm (A3) total=152
17:52:00 [info     ] spot.captured                  colour=4C (Both) n=38 paper=Gloss Art Card 360gsm (2 side coated) size=297mm x 420mm (A3) total=190
17:56:43 [info     ] spot.captured                  colour=4C (Both) n=38 paper=Linen 240gsm size=297mm x 420mm (A3) total=228
17:56:43 [info     ] login.start                    url=https://www.excard.com.my/login user=yus***
17:57:02 [info     ] login.result                   ok=True url=https://www.excard.com.my/home-member
18:01:26 [info     ] spot.captured                  colour=4C (Front) n=38 paper=Gloss Art Paper 128gsm size=297mm x 420mm (A3) total=266
18:05:49 [info     ] spot.captured                  colour=4C (Both) n=38 paper=Simili 100gsm size=210mm x 297mm (A4) total=304
18:10:07 [info     ] spot.captured                  colour=4C (Both) n=38 paper=Gloss Art Paper 128gsm size=210mm x 297mm (A4) total=342
18:14:33 [info     ] spot.captured                  colour=4C (Both) n=38 paper=Matte Art Paper 130gsm size=210mm x 297mm (A4) total=380
18:18:59 [info     ] spot.captured                  colour=4C (Both) n=38 paper=Gloss Art Card 250gsm (2 side coated) size=210mm x 297mm (A4) total=418
18:23:22 [info     ] spot.captured                  colour=4C (Both) n=38 paper=Gloss Art Card 360gsm (2 side coated) size=210mm x 297mm (A4) total=456
18:23:22 [info     ] login.start                    url=https://www.excard.com.my/login user=yus***
18:23:44 [info     ] login.result                   ok=True url=https://www.excard.com.my/home-member
18:27:58 [info     ] spot.captured                  colour=4C (Both) n=38 paper=Linen 240gsm size=210mm x 297mm (A4) total=494
18:32:20 [info     ] spot.captured                  colour=4C (Front) n=38 paper=Gloss Art Paper 128gsm size=210mm x 297mm (A4) total=532
18:36:40 [info     ] spot.captured                  colour=4C (Both) n=38 paper=Simili 100gsm size=148mm x 210mm (A5) total=570
18:41:06 [info     ] spot.captured                  colour=4C (Both) n=38 paper=Gloss Art Paper 128gsm size=148mm x 210mm (A5) total=608
18:45:47 [info     ] spot.captured                  colour=4C (Both) n=38 paper=Matte Art Paper 130gsm size=148mm x 210mm (A5) total=646
18:50:12 [info     ] spot.captured                  colour=4C (Both) n=38 paper=Gloss Art Card 250gsm (2 side coated) size=148mm x 210mm (A5) total=684
18:50:13 [info     ] login.start                    url=https://www.excard.com.my/login user=yus***
18:50:37 [info     ] login.result                   ok=True url=https://www.excard.com.my/home-member
18:54:59 [info     ] spot.captured                  colour=4C (Both) n=38 paper=Gloss Art Card 360gsm (2 side coated) size=148mm x 210mm (A5) total=722
18:59:14 [info     ] spot.captured                  colour=4C (Both) n=38 paper=Linen 240gsm size=148mm x 210mm (A5) total=760
19:03:27 [info     ] spot.captured                  colour=4C (Front) n=38 paper=Gloss Art Paper 128gsm size=148mm x 210mm (A5) total=798
19:07:44 [info     ] spot.captured                  colour=4C (Both) n=38 paper=Simili 100gsm size=105mm x 148mm (A6) total=836
19:12:01 [info     ] spot.captured                  colour=4C (Both) n=38 paper=Gloss Art Paper 128gsm size=105mm x 148mm (A6) total=874
19:16:21 [info     ] spot.captured                  colour=4C (Both) n=38 paper=Matte Art Paper 130gsm size=105mm x 148mm (A6) total=912
19:16:22 [info     ] login.start                    url=https://www.excard.com.my/login user=yus***
19:16:47 [info     ] login.result                   ok=True url=https://www.excard.com.my/home-member
19:21:05 [info     ] spot.captured                  colour=4C (Both) n=38 paper=Gloss Art Card 250gsm (2 side coated) size=105mm x 148mm (A6) total=950
19:25:17 [info     ] spot.captured                  colour=4C (Both) n=38 paper=Gloss Art Card 360gsm (2 side coated) size=105mm x 148mm (A6) total=988
19:29:40 [info     ] spot.captured                  colour=4C (Both) n=38 paper=Linen 240gsm size=105mm x 148mm (A6) total=1026
19:34:00 [info     ] spot.captured                  colour=4C (Front) n=38 paper=Gloss Art Paper 128gsm size=105mm x 148mm (A6) total=1064
19:34:26 [warning  ] spot.skip                      colour=4C (Both) paper=Simili 100gsm size=74mm x 105mm (A7)
19:38:37 [info     ] spot.captured                  colour=4C (Both) n=38 paper=Gloss Art Paper 128gsm size=74mm x 105mm (A7) total=1102
19:38:38 [info     ] login.start                    url=https://www.excard.com.my/login user=yus***
19:38:59 [info     ] login.result                   ok=True url=https://www.excard.com.my/home-member
19:43:16 [info     ] spot.captured                  colour=4C (Both) n=38 paper=Matte Art Paper 130gsm size=74mm x 105mm (A7) total=1140
19:47:31 [info     ] spot.captured                  colour=4C (Both) n=38 paper=Gloss Art Card 250gsm (2 side coated) size=74mm x 105mm (A7) total=1178
19:51:50 [info     ] spot.captured                  colour=4C (Both) n=38 paper=Gloss Art Card 360gsm (2 side coated) size=74mm x 105mm (A7) total=1216
19:56:00 [info     ] spot.captured                  colour=4C (Both) n=38 paper=Linen 240gsm size=74mm x 105mm (A7) total=1254
20:00:31 [info     ] spot.captured                  colour=4C (Front) n=38 paper=Gloss Art Paper 128gsm size=74mm x 105mm (A7) total=1292
20:04:53 [info     ] spot.captured                  colour=4C (Both) n=38 paper=Simili 100gsm size=99mm x 210mm (DL) total=1330
20:04:53 [info     ] login.start                    url=https://www.excard.com.my/login user=yus***
20:05:15 [info     ] login.result                   ok=True url=https://www.excard.com.my/home-member
20:09:30 [info     ] spot.captured                  colour=4C (Both) n=38 paper=Gloss Art Paper 128gsm size=99mm x 210mm (DL) total=1368
20:13:51 [info     ] spot.captured                  colour=4C (Both) n=38 paper=Matte Art Paper 130gsm size=99mm x 210mm (DL) total=1406
20:18:08 [info     ] spot.captured                  colour=4C (Both) n=38 paper=Gloss Art Card 250gsm (2 side coated) size=99mm x 210mm (DL) total=1444
20:22:27 [info     ] spot.captured                  colour=4C (Both) n=38 paper=Gloss Art Card 360gsm (2 side coated) size=99mm x 210mm (DL) total=1482
20:26:44 [info     ] spot.captured                  colour=4C (Both) n=38 paper=Linen 240gsm size=99mm x 210mm (DL) total=1520
20:31:05 [info     ] spot.captured                  colour=4C (Front) n=38 paper=Gloss Art Paper 128gsm size=99mm x 210mm (DL) total=1558
20:31:05 [info     ] login.start                    url=https://www.excard.com.my/login user=yus***
20:31:26 [info     ] login.result                   ok=True url=https://www.excard.com.my/home-member
20:35:33 [info     ] spot.captured                  colour=4C (Both) n=38 paper=Simili 100gsm size=198mm x 210mm - (2DL) total=1596
20:39:54 [info     ] spot.captured                  colour=4C (Both) n=38 paper=Gloss Art Paper 128gsm size=198mm x 210mm - (2DL) total=1634
20:44:06 [info     ] spot.captured                  colour=4C (Both) n=38 paper=Matte Art Paper 130gsm size=198mm x 210mm - (2DL) total=1672
20:48:23 [info     ] spot.captured                  colour=4C (Both) n=38 paper=Gloss Art Card 250gsm (2 side coated) size=198mm x 210mm - (2DL) total=1710
20:52:39 [info     ] spot.captured                  colour=4C (Both) n=38 paper=Gloss Art Card 360gsm (2 side coated) size=198mm x 210mm - (2DL) total=1748
20:57:00 [info     ] spot.captured                  colour=4C (Both) n=38 paper=Linen 240gsm size=198mm x 210mm - (2DL) total=1786
20:57:00 [info     ] login.start                    url=https://www.excard.com.my/login user=yus***
20:57:26 [info     ] login.result                   ok=True url=https://www.excard.com.my/home-member
21:01:30 [info     ] spot.captured                  colour=4C (Front) n=38 paper=Gloss Art Paper 128gsm size=198mm x 210mm - (2DL) total=1824
21:05:50 [info     ] spot.captured                  colour=4C (Both) n=38 paper=Simili 100gsm size=310mm x 445mm total=1862
21:10:05 [info     ] spot.captured                  colour=4C (Both) n=38 paper=Gloss Art Paper 128gsm size=310mm x 445mm total=1900
21:14:25 [info     ] spot.captured                  colour=4C (Both) n=38 paper=Matte Art Paper 130gsm size=310mm x 445mm total=1938
21:19:00 [info     ] spot.captured                  colour=4C (Both) n=38 paper=Gloss Art Card 250gsm (2 side coated) size=310mm x 445mm total=1976
21:23:47 [info     ] spot.captured                  colour=4C (Both) n=38 paper=Gloss Art Card 360gsm (2 side coated) size=310mm x 445mm total=2014
21:23:48 [info     ] login.start                    url=https://www.excard.com.my/login user=yus***
21:24:11 [info     ] login.result                   ok=True url=https://www.excard.com.my/home-member
21:24:29 [warning  ] spot.skip                      colour=4C (Both) paper=Linen 240gsm size=310mm x 445mm
21:28:40 [info     ] spot.captured                  colour=4C (Front) n=38 paper=Gloss Art Paper 128gsm size=310mm x 445mm total=2052
21:28:40 [info     ] spot.done                      points=2052 product=50
