Product,Model,Print Colour,Size,Material,Bag Colour,Handle Length,Handle Colour,Quantity,WMPrice,EMPrice
Non Woven Bag,WN-B5,1C (Front),200mm x 230mm x 80mm,Non Woven 90gsm,Black,300mm,Same as bag colour,100,215,245
Non Woven Bag,WN-B5,1C (Front),200mm x 230mm x 80mm,Non Woven 90gsm,Black,300mm,Same as bag colour,200,350,400
Non Woven Bag,WN-B5,1C (Front),200mm x 230mm x 80mm,Non Woven 90gsm,Black,300mm,Same as bag colour,300,446,516
Non Woven Bag,WN-B5,1C (Front),200mm x 230mm x 80mm,Non Woven 90gsm,Black,300mm,Same as bag colour,400,582,672
Non Woven Bag,WN-B5,1C (Front),200mm x 230mm x 80mm,Non Woven 90gsm,Black,300mm,Same as bag colour,500,678,788
Non Woven Bag,WN-B5,1C (Front),200mm x 230mm x 80mm,Non Woven 90gsm,Black,300mm,Same as bag colour,600,815,945
Non Woven Bag,WN-B5,1C (Front),200mm x 230mm x 80mm,Non Woven 90gsm,Black,300mm,Same as bag colour,700,950,1100
Non Woven Bag,WN-B5,1C (Front),200mm x 230mm x 80mm,Non Woven 90gsm,Black,300mm,Same as bag colour,800,1085,1255
Non Woven Bag,WN-B5,1C (Front),200mm x 230mm x 80mm,Non Woven 90gsm,Black,300mm,Same as bag colour,900,1221,1411
Non Woven Bag,WN-B5,1C (Front),200mm x 230mm x 80mm,Non Woven 90gsm,Black,300mm,Same as bag colour,1000,1196,1416
Non Woven Bag,WN-B5,1C (Front),200mm x 230mm x 80mm,Non Woven 90gsm,Black,300mm,Same as bag colour,2000,2389,2819
Non Woven Bag,WN-B5,1C (Front),200mm x 230mm x 80mm,Non Woven 90gsm,Black,300mm,Same as bag colour,3000,3582,4222
Non Woven Bag,WN-B5,1C (Front),200mm x 230mm x 80mm,Non Woven 90gsm,Black,300mm,Same as bag colour,4000,4774,5624
Non Woven Bag,WN-B5,1C (Front),200mm x 230mm x 80mm,Non Woven 90gsm,Black,300mm,Same as bag colour,5000,5966,7026
Non Woven Bag,WN-B5,1C (Front),200mm x 230mm x 80mm,Non Woven 90gsm,Black,300mm,Same as bag colour,6000,7158,8428
Non Woven Bag,WN-B5,1C (Front),200mm x 230mm x 80mm,Non Woven 90gsm,Black,300mm,Same as bag colour,7000,8350,9830
Non Woven Bag,WN-B5,1C (Front),200mm x 230mm x 80mm,Non Woven 90gsm,Black,300mm,Same as bag colour,8000,9542,11232
Non Woven Bag,WN-B5,1C (Front),200mm x 230mm x 80mm,Non Woven 90gsm,Black,300mm,Same as bag colour,9000,10734,12634
Non Woven Bag,WN-B5,1C (Front),200mm x 230mm x 80mm,Non Woven 90gsm,Black,300mm,Same as bag colour,10000,11926,14036
Non Woven Bag,WN-B5,1C (Front),200mm x 230mm x 80mm,Non Woven 90gsm,Black,300mm,Same as bag colour,11000,13118,15438
Non Woven Bag,WN-B5,1C (Front),200mm x 230mm x 80mm,Non Woven 90gsm,Black,300mm,Same as bag colour,12000,14310,16840
Non Woven Bag,WN-B5,1C (Front),200mm x 230mm x 80mm,Non Woven 90gsm,Black,300mm,Same as bag colour,13000,15502,18242
Non Woven Bag,WN-B5,1C (Front),200mm x 230mm x 80mm,Non Woven 90gsm,Black,300mm,Same as bag colour,14000,16694,19644
Non Woven Bag,WN-B5,1C (Front),200mm x 230mm x 80mm,Non Woven 90gsm,Black,300mm,Same as bag colour,15000,17886,21046
Non Woven Bag,WN-B5,1C (Front),200mm x 230mm x 80mm,Non Woven 90gsm,Black,300mm,Same as bag colour,16000,19078,22448
Non Woven Bag,WN-B5,1C (Front),200mm x 230mm x 80mm,Non Woven 90gsm,Black,300mm,Same as bag colour,17000,20270,23850
Non Woven Bag,WN-B5,1C (Front),200mm x 230mm x 80mm,Non Woven 90gsm,Black,300mm,Same as bag colour,18000,21462,25252
Non Woven Bag,WN-B5,1C (Front),200mm x 230mm x 80mm,Non Woven 90gsm,Black,300mm,Same as bag colour,19000,22654,26654
Non Woven Bag,WN-B5,1C (Front),200mm x 230mm x 80mm,Non Woven 90gsm,Black,300mm,Same as bag colour,20000,23846,28056
Non Woven Bag,WN-B5,1C (Front),200mm x 230mm x 80mm,Non Woven 90gsm,White,300mm,Same as bag colour,100,215,245
Non Woven Bag,WN-B5,1C (Front),200mm x 230mm x 80mm,Non Woven 90gsm,White,300mm,Same as bag colour,200,350,400
Non Woven Bag,WN-B5,1C (Front),200mm x 230mm x 80mm,Non Woven 90gsm,White,300mm,Same as bag colour,300,446,516
Non Woven Bag,WN-B5,1C (Front),200mm x 230mm x 80mm,Non Woven 90gsm,White,300mm,Same as bag colour,400,582,672
Non Woven Bag,WN-B5,1C (Front),200mm x 230mm x 80mm,Non Woven 90gsm,White,300mm,Same as bag colour,500,678,788
Non Woven Bag,WN-B5,1C (Front),200mm x 230mm x 80mm,Non Woven 90gsm,White,300mm,Same as bag colour,600,815,945
Non Woven Bag,WN-B5,1C (Front),200mm x 230mm x 80mm,Non Woven 90gsm,White,300mm,Same as bag colour,700,950,1100
Non Woven Bag,WN-B5,1C (Front),200mm x 230mm x 80mm,Non Woven 90gsm,White,300mm,Same as bag colour,800,1085,1255
Non Woven Bag,WN-B5,1C (Front),200mm x 230mm x 80mm,Non Woven 90gsm,White,300mm,Same as bag colour,900,1221,1411
Non Woven Bag,WN-B5,1C (Front),200mm x 230mm x 80mm,Non Woven 90gsm,White,300mm,Same as bag colour,1000,1196,1416
Non Woven Bag,WN-B5,1C (Front),200mm x 230mm x 80mm,Non Woven 90gsm,White,300mm,Same as bag colour,2000,2389,2819
Non Woven Bag,WN-B5,1C (Front),200mm x 230mm x 80mm,Non Woven 90gsm,White,300mm,Same as bag colour,3000,3582,4222
Non Woven Bag,WN-B5,1C (Front),200mm x 230mm x 80mm,Non Woven 90gsm,White,300mm,Same as bag colour,4000,4774,5624
Non Woven Bag,WN-B5,1C (Front),200mm x 230mm x 80mm,Non Woven 90gsm,White,300mm,Same as bag colour,5000,5966,7026
Non Woven Bag,WN-B5,1C (Front),200mm x 230mm x 80mm,Non Woven 90gsm,White,300mm,Same as bag colour,6000,7158,8428
Non Woven Bag,WN-B5,1C (Front),200mm x 230mm x 80mm,Non Woven 90gsm,White,300mm,Same as bag colour,7000,8350,9830
Non Woven Bag,WN-B5,1C (Front),200mm x 230mm x 80mm,Non Woven 90gsm,White,300mm,Same as bag colour,8000,9542,11232
Non Woven Bag,WN-B5,1C (Front),200mm x 230mm x 80mm,Non Woven 90gsm,White,300mm,Same as bag colour,9000,10734,12634
Non Woven Bag,WN-B5,1C (Front),200mm x 230mm x 80mm,Non Woven 90gsm,White,300mm,Same as bag colour,10000,11926,14036
Non Woven Bag,WN-B5,1C (Front),200mm x 230mm x 80mm,Non Woven 90gsm,White,300mm,Same as bag colour,11000,13118,15438
Non Woven Bag,WN-B5,1C (Front),200mm x 230mm x 80mm,Non Woven 90gsm,White,300mm,Same as bag colour,12000,14310,16840
Non Woven Bag,WN-B5,1C (Front),200mm x 230mm x 80mm,Non Woven 90gsm,White,300mm,Same as bag colour,13000,15502,18242
Non Woven Bag,WN-B5,1C (Front),200mm x 230mm x 80mm,Non Woven 90gsm,White,300mm,Same as bag colour,14000,16694,19644
Non Woven Bag,WN-B5,1C (Front),200mm x 230mm x 80mm,Non Woven 90gsm,White,300mm,Same as bag colour,15000,17886,21046
Non Woven Bag,WN-B5,1C (Front),200mm x 230mm x 80mm,Non Woven 90gsm,White,300mm,Same as bag colour,16000,19078,22448
Non Woven Bag,WN-B5,1C (Front),200mm x 230mm x 80mm,Non Woven 90gsm,White,300mm,Same as bag colour,17000,20270,23850
Non Woven Bag,WN-B5,1C (Front),200mm x 230mm x 80mm,Non Woven 90gsm,White,300mm,Same as bag colour,18000,21462,25252
Non Woven Bag,WN-B5,1C (Front),200mm x 230mm x 80mm,Non Woven 90gsm,White,300mm,Same as bag colour,19000,22654,26654
Non Woven Bag,WN-B5,1C (Front),200mm x 230mm x 80mm,Non Woven 90gsm,White,300mm,Same as bag colour,20000,23846,28056
Non Woven Bag,WN-B5,1C (Front),200mm x 230mm x 80mm,Non Woven 90gsm,Yellow,300mm,Same as bag colour,100,215,245
Non Woven Bag,WN-B5,1C (Front),200mm x 230mm x 80mm,Non Woven 90gsm,Yellow,300mm,Same as bag colour,200,350,400
Non Woven Bag,WN-B5,1C (Front),200mm x 230mm x 80mm,Non Woven 90gsm,Yellow,300mm,Same as bag colour,300,446,516
Non Woven Bag,WN-B5,1C (Front),200mm x 230mm x 80mm,Non Woven 90gsm,Yellow,300mm,Same as bag colour,400,582,672
Non Woven Bag,WN-B5,1C (Front),200mm x 230mm x 80mm,Non Woven 90gsm,Yellow,300mm,Same as bag colour,500,678,788
Non Woven Bag,WN-B5,1C (Front),200mm x 230mm x 80mm,Non Woven 90gsm,Yellow,300mm,Same as bag colour,600,815,945
Non Woven Bag,WN-B5,1C (Front),200mm x 230mm x 80mm,Non Woven 90gsm,Yellow,300mm,Same as bag colour,700,950,1100
Non Woven Bag,WN-B5,1C (Front),200mm x 230mm x 80mm,Non Woven 90gsm,Yellow,300mm,Same as bag colour,800,1085,1255
Non Woven Bag,WN-B5,1C (Front),200mm x 230mm x 80mm,Non Woven 90gsm,Yellow,300mm,Same as bag colour,900,1221,1411
Non Woven Bag,WN-B5,1C (Front),200mm x 230mm x 80mm,Non Woven 90gsm,Yellow,300mm,Same as bag colour,1000,1196,1416
Non Woven Bag,WN-B5,1C (Front),200mm x 230mm x 80mm,Non Woven 90gsm,Yellow,300mm,Same as bag colour,2000,2389,2819
Non Woven Bag,WN-B5,1C (Front),200mm x 230mm x 80mm,Non Woven 90gsm,Yellow,300mm,Same as bag colour,3000,3582,4222
Non Woven Bag,WN-B5,1C (Front),200mm x 230mm x 80mm,Non Woven 90gsm,Yellow,300mm,Same as bag colour,4000,4774,5624
Non Woven Bag,WN-B5,1C (Front),200mm x 230mm x 80mm,Non Woven 90gsm,Yellow,300mm,Same as bag colour,5000,5966,7026
Non Woven Bag,WN-B5,1C (Front),200mm x 230mm x 80mm,Non Woven 90gsm,Yellow,300mm,Same as bag colour,6000,7158,8428
Non Woven Bag,WN-B5,1C (Front),200mm x 230mm x 80mm,Non Woven 90gsm,Yellow,300mm,Same as bag colour,7000,8350,9830
Non Woven Bag,WN-B5,1C (Front),200mm x 230mm x 80mm,Non Woven 90gsm,Yellow,300mm,Same as bag colour,8000,9542,11232
Non Woven Bag,WN-B5,1C (Front),200mm x 230mm x 80mm,Non Woven 90gsm,Yellow,300mm,Same as bag colour,9000,10734,12634
Non Woven Bag,WN-B5,1C (Front),200mm x 230mm x 80mm,Non Woven 90gsm,Yellow,300mm,Same as bag colour,10000,11926,14036
Non Woven Bag,WN-B5,1C (Front),200mm x 230mm x 80mm,Non Woven 90gsm,Yellow,300mm,Same as bag colour,11000,13118,15438
Non Woven Bag,WN-B5,1C (Front),200mm x 230mm x 80mm,Non Woven 90gsm,Yellow,300mm,Same as bag colour,12000,14310,16840
Non Woven Bag,WN-B5,1C (Front),200mm x 230mm x 80mm,Non Woven 90gsm,Yellow,300mm,Same as bag colour,13000,15502,18242
Non Woven Bag,WN-B5,1C (Front),200mm x 230mm x 80mm,Non Woven 90gsm,Yellow,300mm,Same as bag colour,14000,16694,19644
Non Woven Bag,WN-B5,1C (Front),200mm x 230mm x 80mm,Non Woven 90gsm,Yellow,300mm,Same as bag colour,15000,17886,21046
Non Woven Bag,WN-B5,1C (Front),200mm x 230mm x 80mm,Non Woven 90gsm,Yellow,300mm,Same as bag colour,16000,19078,22448
Non Woven Bag,WN-B5,1C (Front),200mm x 230mm x 80mm,Non Woven 90gsm,Yellow,300mm,Same as bag colour,17000,20270,23850
Non Woven Bag,WN-B5,1C (Front),200mm x 230mm x 80mm,Non Woven 90gsm,Yellow,300mm,Same as bag colour,18000,21462,25252
Non Woven Bag,WN-B5,1C (Front),200mm x 230mm x 80mm,Non Woven 90gsm,Yellow,300mm,Same as bag colour,19000,22654,26654
Non Woven Bag,WN-B5,1C (Front),200mm x 230mm x 80mm,Non Woven 90gsm,Yellow,300mm,Same as bag colour,20000,23846,28056
Non Woven Bag,WN-B5,1C (Front),200mm x 230mm x 80mm,Non Woven 90gsm,Red,300mm,Same as bag colour,100,215,245
Non Woven Bag,WN-B5,1C (Front),200mm x 230mm x 80mm,Non Woven 90gsm,Red,300mm,Same as bag colour,200,350,400
Non Woven Bag,WN-B5,1C (Front),200mm x 230mm x 80mm,Non Woven 90gsm,Red,300mm,Same as bag colour,300,446,516
Non Woven Bag,WN-B5,1C (Front),200mm x 230mm x 80mm,Non Woven 90gsm,Red,300mm,Same as bag colour,400,582,672
Non Woven Bag,WN-B5,1C (Front),200mm x 230mm x 80mm,Non Woven 90gsm,Red,300mm,Same as bag colour,500,678,788
Non Woven Bag,WN-B5,1C (Front),200mm x 230mm x 80mm,Non Woven 90gsm,Red,300mm,Same as bag colour,600,815,945
Non Woven Bag,WN-B5,1C (Front),200mm x 230mm x 80mm,Non Woven 90gsm,Red,300mm,Same as bag colour,700,950,1100
Non Woven Bag,WN-B5,1C (Front),200mm x 230mm x 80mm,Non Woven 90gsm,Red,300mm,Same as bag colour,800,1085,1255
Non Woven Bag,WN-B5,1C (Front),200mm x 230mm x 80mm,Non Woven 90gsm,Red,300mm,Same as bag colour,900,1221,1411
Non Woven Bag,WN-B5,1C (Front),200mm x 230mm x 80mm,Non Woven 90gsm,Red,300mm,Same as bag colour,1000,1196,1416
Non Woven Bag,WN-B5,1C (Front),200mm x 230mm x 80mm,Non Woven 90gsm,Red,300mm,Same as bag colour,2000,2389,2819
Non Woven Bag,WN-B5,1C (Front),200mm x 230mm x 80mm,Non Woven 90gsm,Red,300mm,Same as bag colour,3000,3582,4222
Non Woven Bag,WN-B5,1C (Front),200mm x 230mm x 80mm,Non Woven 90gsm,Red,300mm,Same as bag colour,4000,4774,5624
Non Woven Bag,WN-B5,1C (Front),200mm x 230mm x 80mm,Non Woven 90gsm,Red,300mm,Same as bag colour,5000,5966,7026
Non Woven Bag,WN-B5,1C (Front),200mm x 230mm x 80mm,Non Woven 90gsm,Red,300mm,Same as bag colour,6000,7158,8428
Non Woven Bag,WN-B5,1C (Front),200mm x 230mm x 80mm,Non Woven 90gsm,Red,300mm,Same as bag colour,7000,8350,9830
Non Woven Bag,WN-B5,1C (Front),200mm x 230mm x 80mm,Non Woven 90gsm,Red,300mm,Same as bag colour,8000,9542,11232
Non Woven Bag,WN-B5,1C (Front),200mm x 230mm x 80mm,Non Woven 90gsm,Red,300mm,Same as bag colour,9000,10734,12634
Non Woven Bag,WN-B5,1C (Front),200mm x 230mm x 80mm,Non Woven 90gsm,Red,300mm,Same as bag colour,10000,11926,14036
Non Woven Bag,WN-B5,1C (Front),200mm x 230mm x 80mm,Non Woven 90gsm,Red,300mm,Same as bag colour,11000,13118,15438
Non Woven Bag,WN-B5,1C (Front),200mm x 230mm x 80mm,Non Woven 90gsm,Red,300mm,Same as bag colour,12000,14310,16840
Non Woven Bag,WN-B5,1C (Front),200mm x 230mm x 80mm,Non Woven 90gsm,Red,300mm,Same as bag colour,13000,15502,18242
Non Woven Bag,WN-B5,1C (Front),200mm x 230mm x 80mm,Non Woven 90gsm,Red,300mm,Same as bag colour,14000,16694,19644
Non Woven Bag,WN-B5,1C (Front),200mm x 230mm x 80mm,Non Woven 90gsm,Red,300mm,Same as bag colour,15000,17886,21046
Non Woven Bag,WN-B5,1C (Front),200mm x 230mm x 80mm,Non Woven 90gsm,Red,300mm,Same as bag colour,16000,19078,22448
Non Woven Bag,WN-B5,1C (Front),200mm x 230mm x 80mm,Non Woven 90gsm,Red,300mm,Same as bag colour,17000,20270,23850
Non Woven Bag,WN-B5,1C (Front),200mm x 230mm x 80mm,Non Woven 90gsm,Red,300mm,Same as bag colour,18000,21462,25252
Non Woven Bag,WN-B5,1C (Front),200mm x 230mm x 80mm,Non Woven 90gsm,Red,300mm,Same as bag colour,19000,22654,26654
Non Woven Bag,WN-B5,1C (Front),200mm x 230mm x 80mm,Non Woven 90gsm,Red,300mm,Same as bag colour,20000,23846,28056
Non Woven Bag,WN-B5,1C (Front),200mm x 230mm x 80mm,Non Woven 90gsm,Green,300mm,Same as bag colour,100,215,245
Non Woven Bag,WN-B5,1C (Front),200mm x 230mm x 80mm,Non Woven 90gsm,Green,300mm,Same as bag colour,200,350,400
Non Woven Bag,WN-B5,1C (Front),200mm x 230mm x 80mm,Non Woven 90gsm,Green,300mm,Same as bag colour,300,446,516
Non Woven Bag,WN-B5,1C (Front),200mm x 230mm x 80mm,Non Woven 90gsm,Green,300mm,Same as bag colour,400,582,672
Non Woven Bag,WN-B5,1C (Front),200mm x 230mm x 80mm,Non Woven 90gsm,Green,300mm,Same as bag colour,500,678,788
Non Woven Bag,WN-B5,1C (Front),200mm x 230mm x 80mm,Non Woven 90gsm,Green,300mm,Same as bag colour,600,815,945
Non Woven Bag,WN-B5,1C (Front),200mm x 230mm x 80mm,Non Woven 90gsm,Green,300mm,Same as bag colour,700,950,1100
Non Woven Bag,WN-B5,1C (Front),200mm x 230mm x 80mm,Non Woven 90gsm,Green,300mm,Same as bag colour,800,1085,1255
Non Woven Bag,WN-B5,1C (Front),200mm x 230mm x 80mm,Non Woven 90gsm,Green,300mm,Same as bag colour,900,1221,1411
Non Woven Bag,WN-B5,1C (Front),200mm x 230mm x 80mm,Non Woven 90gsm,Green,300mm,Same as bag colour,1000,1196,1416
Non Woven Bag,WN-B5,1C (Front),200mm x 230mm x 80mm,Non Woven 90gsm,Green,300mm,Same as bag colour,2000,2389,2819
Non Woven Bag,WN-B5,1C (Front),200mm x 230mm x 80mm,Non Woven 90gsm,Green,300mm,Same as bag colour,3000,3582,4222
Non Woven Bag,WN-B5,1C (Front),200mm x 230mm x 80mm,Non Woven 90gsm,Green,300mm,Same as bag colour,4000,4774,5624
Non Woven Bag,WN-B5,1C (Front),200mm x 230mm x 80mm,Non Woven 90gsm,Green,300mm,Same as bag colour,5000,5966,7026
Non Woven Bag,WN-B5,1C (Front),200mm x 230mm x 80mm,Non Woven 90gsm,Green,300mm,Same as bag colour,6000,7158,8428
Non Woven Bag,WN-B5,1C (Front),200mm x 230mm x 80mm,Non Woven 90gsm,Green,300mm,Same as bag colour,7000,8350,9830
Non Woven Bag,WN-B5,1C (Front),200mm x 230mm x 80mm,Non Woven 90gsm,Green,300mm,Same as bag colour,8000,9542,11232
Non Woven Bag,WN-B5,1C (Front),200mm x 230mm x 80mm,Non Woven 90gsm,Green,300mm,Same as bag colour,9000,10734,12634
Non Woven Bag,WN-B5,1C (Front),200mm x 230mm x 80mm,Non Woven 90gsm,Green,300mm,Same as bag colour,10000,11926,14036
Non Woven Bag,WN-B5,1C (Front),200mm x 230mm x 80mm,Non Woven 90gsm,Green,300mm,Same as bag colour,11000,13118,15438
Non Woven Bag,WN-B5,1C (Front),200mm x 230mm x 80mm,Non Woven 90gsm,Green,300mm,Same as bag colour,12000,14310,16840
Non Woven Bag,WN-B5,1C (Front),200mm x 230mm x 80mm,Non Woven 90gsm,Green,300mm,Same as bag colour,13000,15502,18242
Non Woven Bag,WN-B5,1C (Front),200mm x 230mm x 80mm,Non Woven 90gsm,Green,300mm,Same as bag colour,14000,16694,19644
Non Woven Bag,WN-B5,1C (Front),200mm x 230mm x 80mm,Non Woven 90gsm,Green,300mm,Same as bag colour,15000,17886,21046
Non Woven Bag,WN-B5,1C (Front),200mm x 230mm x 80mm,Non Woven 90gsm,Green,300mm,Same as bag colour,16000,19078,22448
Non Woven Bag,WN-B5,1C (Front),200mm x 230mm x 80mm,Non Woven 90gsm,Green,300mm,Same as bag colour,17000,20270,23850
Non Woven Bag,WN-B5,1C (Front),200mm x 230mm x 80mm,Non Woven 90gsm,Green,300mm,Same as bag colour,18000,21462,25252
Non Woven Bag,WN-B5,1C (Front),200mm x 230mm x 80mm,Non Woven 90gsm,Green,300mm,Same as bag colour,19000,22654,26654
Non Woven Bag,WN-B5,1C (Front),200mm x 230mm x 80mm,Non Woven 90gsm,Green,300mm,Same as bag colour,20000,23846,28056
Non Woven Bag,WN-B5,1C (Front),200mm x 230mm x 80mm,Non Woven 90gsm,Royal Blue,300mm,Same as bag colour,100,215,245
Non Woven Bag,WN-B5,1C (Front),200mm x 230mm x 80mm,Non Woven 90gsm,Royal Blue,300mm,Same as bag colour,200,350,400
Non Woven Bag,WN-B5,1C (Front),200mm x 230mm x 80mm,Non Woven 90gsm,Royal Blue,300mm,Same as bag colour,300,446,516
Non Woven Bag,WN-B5,1C (Front),200mm x 230mm x 80mm,Non Woven 90gsm,Royal Blue,300mm,Same as bag colour,400,582,672
Non Woven Bag,WN-B5,1C (Front),200mm x 230mm x 80mm,Non Woven 90gsm,Royal Blue,300mm,Same as bag colour,500,678,788
Non Woven Bag,WN-B5,1C (Front),200mm x 230mm x 80mm,Non Woven 90gsm,Royal Blue,300mm,Same as bag colour,600,815,945
Non Woven Bag,WN-B5,1C (Front),200mm x 230mm x 80mm,Non Woven 90gsm,Royal Blue,300mm,Same as bag colour,700,950,1100
Non Woven Bag,WN-B5,1C (Front),200mm x 230mm x 80mm,Non Woven 90gsm,Royal Blue,300mm,Same as bag colour,800,1085,1255
Non Woven Bag,WN-B5,1C (Front),200mm x 230mm x 80mm,Non Woven 90gsm,Royal Blue,300mm,Same as bag colour,900,1221,1411
Non Woven Bag,WN-B5,1C (Front),200mm x 230mm x 80mm,Non Woven 90gsm,Royal Blue,300mm,Same as bag colour,1000,1196,1416
Non Woven Bag,WN-B5,1C (Front),200mm x 230mm x 80mm,Non Woven 90gsm,Royal Blue,300mm,Same as bag colour,2000,2389,2819
Non Woven Bag,WN-B5,1C (Front),200mm x 230mm x 80mm,Non Woven 90gsm,Royal Blue,300mm,Same as bag colour,3000,3582,4222
Non Woven Bag,WN-B5,1C (Front),200mm x 230mm x 80mm,Non Woven 90gsm,Royal Blue,300mm,Same as bag colour,4000,4774,5624
Non Woven Bag,WN-B5,1C (Front),200mm x 230mm x 80mm,Non Woven 90gsm,Royal Blue,300mm,Same as bag colour,5000,5966,7026
Non Woven Bag,WN-B5,1C (Front),200mm x 230mm x 80mm,Non Woven 90gsm,Royal Blue,300mm,Same as bag colour,6000,7158,8428
Non Woven Bag,WN-B5,1C (Front),200mm x 230mm x 80mm,Non Woven 90gsm,Royal Blue,300mm,Same as bag colour,7000,8350,9830
Non Woven Bag,WN-B5,1C (Front),200mm x 230mm x 80mm,Non Woven 90gsm,Royal Blue,300mm,Same as bag colour,8000,9542,11232
Non Woven Bag,WN-B5,1C (Front),200mm x 230mm x 80mm,Non Woven 90gsm,Royal Blue,300mm,Same as bag colour,9000,10734,12634
Non Woven Bag,WN-B5,1C (Front),200mm x 230mm x 80mm,Non Woven 90gsm,Royal Blue,300mm,Same as bag colour,10000,11926,14036
Non Woven Bag,WN-B5,1C (Front),200mm x 230mm x 80mm,Non Woven 90gsm,Royal Blue,300mm,Same as bag colour,11000,13118,15438
Non Woven Bag,WN-B5,1C (Front),200mm x 230mm x 80mm,Non Woven 90gsm,Royal Blue,300mm,Same as bag colour,12000,14310,16840
Non Woven Bag,WN-B5,1C (Front),200mm x 230mm x 80mm,Non Woven 90gsm,Royal Blue,300mm,Same as bag colour,13000,15502,18242
Non Woven Bag,WN-B5,1C (Front),200mm x 230mm x 80mm,Non Woven 90gsm,Royal Blue,300mm,Same as bag colour,14000,16694,19644
Non Woven Bag,WN-B5,1C (Front),200mm x 230mm x 80mm,Non Woven 90gsm,Royal Blue,300mm,Same as bag colour,15000,17886,21046
Non Woven Bag,WN-B5,1C (Front),200mm x 230mm x 80mm,Non Woven 90gsm,Royal Blue,300mm,Same as bag colour,16000,19078,22448
Non Woven Bag,WN-B5,1C (Front),200mm x 230mm x 80mm,Non Woven 90gsm,Royal Blue,300mm,Same as bag colour,17000,20270,23850
Non Woven Bag,WN-B5,1C (Front),200mm x 230mm x 80mm,Non Woven 90gsm,Royal Blue,300mm,Same as bag colour,18000,21462,25252
Non Woven Bag,WN-B5,1C (Front),200mm x 230mm x 80mm,Non Woven 90gsm,Royal Blue,300mm,Same as bag colour,19000,22654,26654
Non Woven Bag,WN-B5,1C (Front),200mm x 230mm x 80mm,Non Woven 90gsm,Royal Blue,300mm,Same as bag colour,20000,23846,28056
Non Woven Bag,WN-B5,1C (Both),200mm x 230mm x 80mm,Non Woven 90gsm,Black,300mm,Same as bag colour,100,303,333
Non Woven Bag,WN-B5,1C (Both),200mm x 230mm x 80mm,Non Woven 90gsm,Black,300mm,Same as bag colour,200,483,533
Non Woven Bag,WN-B5,1C (Both),200mm x 230mm x 80mm,Non Woven 90gsm,Black,300mm,Same as bag colour,300,624,694
Non Woven Bag,WN-B5,1C (Both),200mm x 230mm x 80mm,Non Woven 90gsm,Black,300mm,Same as bag colour,400,804,894
Non Woven Bag,WN-B5,1C (Both),200mm x 230mm x 80mm,Non Woven 90gsm,Black,300mm,Same as bag colour,500,904,1014
Non Woven Bag,WN-B5,1C (Both),200mm x 230mm x 80mm,Non Woven 90gsm,Black,300mm,Same as bag colour,600,1085,1215
Non Woven Bag,WN-B5,1C (Both),200mm x 230mm x 80mm,Non Woven 90gsm,Black,300mm,Same as bag colour,700,1266,1416
Non Woven Bag,WN-B5,1C (Both),200mm x 230mm x 80mm,Non Woven 90gsm,Black,300mm,Same as bag colour,800,1446,1616
Non Woven Bag,WN-B5,1C (Both),200mm x 230mm x 80mm,Non Woven 90gsm,Black,300mm,Same as bag colour,900,1626,1816
Non Woven Bag,WN-B5,1C (Both),200mm x 230mm x 80mm,Non Woven 90gsm,Black,300mm,Same as bag colour,1000,1647,1867
Non Woven Bag,WN-B5,1C (Both),200mm x 230mm x 80mm,Non Woven 90gsm,Black,300mm,Same as bag colour,2000,3109,3539
Non Woven Bag,WN-B5,1C (Both),200mm x 230mm x 80mm,Non Woven 90gsm,Black,300mm,Same as bag colour,3000,4660,5300
Non Woven Bag,WN-B5,1C (Both),200mm x 230mm x 80mm,Non Woven 90gsm,Black,300mm,Same as bag colour,4000,6212,7062
Non Woven Bag,WN-B5,1C (Both),200mm x 230mm x 80mm,Non Woven 90gsm,Black,300mm,Same as bag colour,5000,7763,8823
Non Woven Bag,WN-B5,1C (Both),200mm x 230mm x 80mm,Non Woven 90gsm,Black,300mm,Same as bag colour,6000,9316,10586
Non Woven Bag,WN-B5,1C (Both),200mm x 230mm x 80mm,Non Woven 90gsm,Black,300mm,Same as bag colour,7000,10866,12346
Non Woven Bag,WN-B5,1C (Both),200mm x 230mm x 80mm,Non Woven 90gsm,Black,300mm,Same as bag colour,8000,12418,14108
Non Woven Bag,WN-B5,1C (Both),200mm x 230mm x 80mm,Non Woven 90gsm,Black,300mm,Same as bag colour,9000,13970,15870
Non Woven Bag,WN-B5,1C (Both),200mm x 230mm x 80mm,Non Woven 90gsm,Black,300mm,Same as bag colour,10000,15521,17631
Non Woven Bag,WN-B5,1C (Both),200mm x 230mm x 80mm,Non Woven 90gsm,Black,300mm,Same as bag colour,11000,17072,19392
Non Woven Bag,WN-B5,1C (Both),200mm x 230mm x 80mm,Non Woven 90gsm,Black,300mm,Same as bag colour,12000,18624,21154
Non Woven Bag,WN-B5,1C (Both),200mm x 230mm x 80mm,Non Woven 90gsm,Black,300mm,Same as bag colour,13000,20176,22916
Non Woven Bag,WN-B5,1C (Both),200mm x 230mm x 80mm,Non Woven 90gsm,Black,300mm,Same as bag colour,14000,21726,24676
Non Woven Bag,WN-B5,1C (Both),200mm x 230mm x 80mm,Non Woven 90gsm,Black,300mm,Same as bag colour,15000,23278,26438
Non Woven Bag,WN-B5,1C (Both),200mm x 230mm x 80mm,Non Woven 90gsm,Black,300mm,Same as bag colour,16000,24830,28200
Non Woven Bag,WN-B5,1C (Both),200mm x 230mm x 80mm,Non Woven 90gsm,Black,300mm,Same as bag colour,17000,26381,29961
Non Woven Bag,WN-B5,1C (Both),200mm x 230mm x 80mm,Non Woven 90gsm,Black,300mm,Same as bag colour,18000,27933,31723
Non Woven Bag,WN-B5,1C (Both),200mm x 230mm x 80mm,Non Woven 90gsm,Black,300mm,Same as bag colour,19000,29485,33485
Non Woven Bag,WN-B5,1C (Both),200mm x 230mm x 80mm,Non Woven 90gsm,Black,300mm,Same as bag colour,20000,31036,35246
Non Woven Bag,WN-B5,1C (Both),200mm x 230mm x 80mm,Non Woven 90gsm,White,300mm,Same as bag colour,100,303,333
Non Woven Bag,WN-B5,1C (Both),200mm x 230mm x 80mm,Non Woven 90gsm,White,300mm,Same as bag colour,200,483,533
Non Woven Bag,WN-B5,1C (Both),200mm x 230mm x 80mm,Non Woven 90gsm,White,300mm,Same as bag colour,300,624,694
Non Woven Bag,WN-B5,1C (Both),200mm x 230mm x 80mm,Non Woven 90gsm,White,300mm,Same as bag colour,400,804,894
Non Woven Bag,WN-B5,1C (Both),200mm x 230mm x 80mm,Non Woven 90gsm,White,300mm,Same as bag colour,500,904,1014
Non Woven Bag,WN-B5,1C (Both),200mm x 230mm x 80mm,Non Woven 90gsm,White,300mm,Same as bag colour,600,1085,1215
Non Woven Bag,WN-B5,1C (Both),200mm x 230mm x 80mm,Non Woven 90gsm,White,300mm,Same as bag colour,700,1266,1416
Non Woven Bag,WN-B5,1C (Both),200mm x 230mm x 80mm,Non Woven 90gsm,White,300mm,Same as bag colour,800,1446,1616
Non Woven Bag,WN-B5,1C (Both),200mm x 230mm x 80mm,Non Woven 90gsm,White,300mm,Same as bag colour,900,1626,1816
Non Woven Bag,WN-B5,1C (Both),200mm x 230mm x 80mm,Non Woven 90gsm,White,300mm,Same as bag colour,1000,1647,1867
Non Woven Bag,WN-B5,1C (Both),200mm x 230mm x 80mm,Non Woven 90gsm,White,300mm,Same as bag colour,2000,3109,3539
Non Woven Bag,WN-B5,1C (Both),200mm x 230mm x 80mm,Non Woven 90gsm,White,300mm,Same as bag colour,3000,4660,5300
Non Woven Bag,WN-B5,1C (Both),200mm x 230mm x 80mm,Non Woven 90gsm,White,300mm,Same as bag colour,4000,6212,7062
Non Woven Bag,WN-B5,1C (Both),200mm x 230mm x 80mm,Non Woven 90gsm,White,300mm,Same as bag colour,5000,7763,8823
Non Woven Bag,WN-B5,1C (Both),200mm x 230mm x 80mm,Non Woven 90gsm,White,300mm,Same as bag colour,6000,9316,10586
Non Woven Bag,WN-B5,1C (Both),200mm x 230mm x 80mm,Non Woven 90gsm,White,300mm,Same as bag colour,7000,10866,12346
Non Woven Bag,WN-B5,1C (Both),200mm x 230mm x 80mm,Non Woven 90gsm,White,300mm,Same as bag colour,8000,12418,14108
Non Woven Bag,WN-B5,1C (Both),200mm x 230mm x 80mm,Non Woven 90gsm,White,300mm,Same as bag colour,9000,13970,15870
Non Woven Bag,WN-B5,1C (Both),200mm x 230mm x 80mm,Non Woven 90gsm,White,300mm,Same as bag colour,10000,15521,17631
Non Woven Bag,WN-B5,1C (Both),200mm x 230mm x 80mm,Non Woven 90gsm,White,300mm,Same as bag colour,11000,17072,19392
Non Woven Bag,WN-B5,1C (Both),200mm x 230mm x 80mm,Non Woven 90gsm,White,300mm,Same as bag colour,12000,18624,21154
Non Woven Bag,WN-B5,1C (Both),200mm x 230mm x 80mm,Non Woven 90gsm,White,300mm,Same as bag colour,13000,20176,22916
Non Woven Bag,WN-B5,1C (Both),200mm x 230mm x 80mm,Non Woven 90gsm,White,300mm,Same as bag colour,14000,21726,24676
Non Woven Bag,WN-B5,1C (Both),200mm x 230mm x 80mm,Non Woven 90gsm,White,300mm,Same as bag colour,15000,23278,26438
Non Woven Bag,WN-B5,1C (Both),200mm x 230mm x 80mm,Non Woven 90gsm,White,300mm,Same as bag colour,16000,24830,28200
Non Woven Bag,WN-B5,1C (Both),200mm x 230mm x 80mm,Non Woven 90gsm,White,300mm,Same as bag colour,17000,26381,29961
Non Woven Bag,WN-B5,1C (Both),200mm x 230mm x 80mm,Non Woven 90gsm,White,300mm,Same as bag colour,18000,27933,31723
Non Woven Bag,WN-B5,1C (Both),200mm x 230mm x 80mm,Non Woven 90gsm,White,300mm,Same as bag colour,19000,29485,33485
Non Woven Bag,WN-B5,1C (Both),200mm x 230mm x 80mm,Non Woven 90gsm,White,300mm,Same as bag colour,20000,31036,35246
Non Woven Bag,WN-B5,1C (Both),200mm x 230mm x 80mm,Non Woven 90gsm,Yellow,300mm,Same as bag colour,100,303,333
Non Woven Bag,WN-B5,1C (Both),200mm x 230mm x 80mm,Non Woven 90gsm,Yellow,300mm,Same as bag colour,200,483,533
Non Woven Bag,WN-B5,1C (Both),200mm x 230mm x 80mm,Non Woven 90gsm,Yellow,300mm,Same as bag colour,300,624,694
Non Woven Bag,WN-B5,1C (Both),200mm x 230mm x 80mm,Non Woven 90gsm,Yellow,300mm,Same as bag colour,400,804,894
Non Woven Bag,WN-B5,1C (Both),200mm x 230mm x 80mm,Non Woven 90gsm,Yellow,300mm,Same as bag colour,500,904,1014
Non Woven Bag,WN-B5,1C (Both),200mm x 230mm x 80mm,Non Woven 90gsm,Yellow,300mm,Same as bag colour,600,1085,1215
Non Woven Bag,WN-B5,1C (Both),200mm x 230mm x 80mm,Non Woven 90gsm,Yellow,300mm,Same as bag colour,700,1266,1416
Non Woven Bag,WN-B5,1C (Both),200mm x 230mm x 80mm,Non Woven 90gsm,Yellow,300mm,Same as bag colour,800,1446,1616
Non Woven Bag,WN-B5,1C (Both),200mm x 230mm x 80mm,Non Woven 90gsm,Yellow,300mm,Same as bag colour,900,1626,1816
Non Woven Bag,WN-B5,1C (Both),200mm x 230mm x 80mm,Non Woven 90gsm,Yellow,300mm,Same as bag colour,1000,1647,1867
Non Woven Bag,WN-B5,1C (Both),200mm x 230mm x 80mm,Non Woven 90gsm,Yellow,300mm,Same as bag colour,2000,3109,3539
Non Woven Bag,WN-B5,1C (Both),200mm x 230mm x 80mm,Non Woven 90gsm,Yellow,300mm,Same as bag colour,3000,4660,5300
Non Woven Bag,WN-B5,1C (Both),200mm x 230mm x 80mm,Non Woven 90gsm,Yellow,300mm,Same as bag colour,4000,6212,7062
Non Woven Bag,WN-B5,1C (Both),200mm x 230mm x 80mm,Non Woven 90gsm,Yellow,300mm,Same as bag colour,5000,7763,8823
Non Woven Bag,WN-B5,1C (Both),200mm x 230mm x 80mm,Non Woven 90gsm,Yellow,300mm,Same as bag colour,6000,9316,10586
Non Woven Bag,WN-B5,1C (Both),200mm x 230mm x 80mm,Non Woven 90gsm,Yellow,300mm,Same as bag colour,7000,10866,12346
Non Woven Bag,WN-B5,1C (Both),200mm x 230mm x 80mm,Non Woven 90gsm,Yellow,300mm,Same as bag colour,8000,12418,14108
Non Woven Bag,WN-B5,1C (Both),200mm x 230mm x 80mm,Non Woven 90gsm,Yellow,300mm,Same as bag colour,9000,13970,15870
Non Woven Bag,WN-B5,1C (Both),200mm x 230mm x 80mm,Non Woven 90gsm,Yellow,300mm,Same as bag colour,10000,15521,17631
Non Woven Bag,WN-B5,1C (Both),200mm x 230mm x 80mm,Non Woven 90gsm,Yellow,300mm,Same as bag colour,11000,17072,19392
Non Woven Bag,WN-B5,1C (Both),200mm x 230mm x 80mm,Non Woven 90gsm,Yellow,300mm,Same as bag colour,12000,18624,21154
Non Woven Bag,WN-B5,1C (Both),200mm x 230mm x 80mm,Non Woven 90gsm,Yellow,300mm,Same as bag colour,13000,20176,22916
Non Woven Bag,WN-B5,1C (Both),200mm x 230mm x 80mm,Non Woven 90gsm,Yellow,300mm,Same as bag colour,14000,21726,24676
Non Woven Bag,WN-B5,1C (Both),200mm x 230mm x 80mm,Non Woven 90gsm,Yellow,300mm,Same as bag colour,15000,23278,26438
Non Woven Bag,WN-B5,1C (Both),200mm x 230mm x 80mm,Non Woven 90gsm,Yellow,300mm,Same as bag colour,16000,24830,28200
Non Woven Bag,WN-B5,1C (Both),200mm x 230mm x 80mm,Non Woven 90gsm,Yellow,300mm,Same as bag colour,17000,26381,29961
Non Woven Bag,WN-B5,1C (Both),200mm x 230mm x 80mm,Non Woven 90gsm,Yellow,300mm,Same as bag colour,18000,27933,31723
Non Woven Bag,WN-B5,1C (Both),200mm x 230mm x 80mm,Non Woven 90gsm,Yellow,300mm,Same as bag colour,19000,29485,33485
Non Woven Bag,WN-B5,1C (Both),200mm x 230mm x 80mm,Non Woven 90gsm,Yellow,300mm,Same as bag colour,20000,31036,35246
Non Woven Bag,WN-B5,1C (Both),200mm x 230mm x 80mm,Non Woven 90gsm,Red,300mm,Same as bag colour,100,303,333
Non Woven Bag,WN-B5,1C (Both),200mm x 230mm x 80mm,Non Woven 90gsm,Red,300mm,Same as bag colour,200,483,533
Non Woven Bag,WN-B5,1C (Both),200mm x 230mm x 80mm,Non Woven 90gsm,Red,300mm,Same as bag colour,300,624,694
Non Woven Bag,WN-B5,1C (Both),200mm x 230mm x 80mm,Non Woven 90gsm,Red,300mm,Same as bag colour,400,804,894
Non Woven Bag,WN-B5,1C (Both),200mm x 230mm x 80mm,Non Woven 90gsm,Red,300mm,Same as bag colour,500,904,1014
Non Woven Bag,WN-B5,1C (Both),200mm x 230mm x 80mm,Non Woven 90gsm,Red,300mm,Same as bag colour,600,1085,1215
Non Woven Bag,WN-B5,1C (Both),200mm x 230mm x 80mm,Non Woven 90gsm,Red,300mm,Same as bag colour,700,1266,1416
Non Woven Bag,WN-B5,1C (Both),200mm x 230mm x 80mm,Non Woven 90gsm,Red,300mm,Same as bag colour,800,1446,1616
Non Woven Bag,WN-B5,1C (Both),200mm x 230mm x 80mm,Non Woven 90gsm,Red,300mm,Same as bag colour,900,1626,1816
Non Woven Bag,WN-B5,1C (Both),200mm x 230mm x 80mm,Non Woven 90gsm,Red,300mm,Same as bag colour,1000,1647,1867
Non Woven Bag,WN-B5,1C (Both),200mm x 230mm x 80mm,Non Woven 90gsm,Red,300mm,Same as bag colour,2000,3109,3539
Non Woven Bag,WN-B5,1C (Both),200mm x 230mm x 80mm,Non Woven 90gsm,Red,300mm,Same as bag colour,3000,4660,5300
Non Woven Bag,WN-B5,1C (Both),200mm x 230mm x 80mm,Non Woven 90gsm,Red,300mm,Same as bag colour,4000,6212,7062
Non Woven Bag,WN-B5,1C (Both),200mm x 230mm x 80mm,Non Woven 90gsm,Red,300mm,Same as bag colour,5000,7763,8823
Non Woven Bag,WN-B5,1C (Both),200mm x 230mm x 80mm,Non Woven 90gsm,Red,300mm,Same as bag colour,6000,9316,10586
Non Woven Bag,WN-B5,1C (Both),200mm x 230mm x 80mm,Non Woven 90gsm,Red,300mm,Same as bag colour,7000,10866,12346
Non Woven Bag,WN-B5,1C (Both),200mm x 230mm x 80mm,Non Woven 90gsm,Red,300mm,Same as bag colour,8000,12418,14108
Non Woven Bag,WN-B5,1C (Both),200mm x 230mm x 80mm,Non Woven 90gsm,Red,300mm,Same as bag colour,9000,13970,15870
Non Woven Bag,WN-B5,1C (Both),200mm x 230mm x 80mm,Non Woven 90gsm,Red,300mm,Same as bag colour,10000,15521,17631
Non Woven Bag,WN-B5,1C (Both),200mm x 230mm x 80mm,Non Woven 90gsm,Red,300mm,Same as bag colour,11000,17072,19392
Non Woven Bag,WN-B5,1C (Both),200mm x 230mm x 80mm,Non Woven 90gsm,Red,300mm,Same as bag colour,12000,18624,21154
Non Woven Bag,WN-B5,1C (Both),200mm x 230mm x 80mm,Non Woven 90gsm,Red,300mm,Same as bag colour,13000,20176,22916
Non Woven Bag,WN-B5,1C (Both),200mm x 230mm x 80mm,Non Woven 90gsm,Red,300mm,Same as bag colour,14000,21726,24676
Non Woven Bag,WN-B5,1C (Both),200mm x 230mm x 80mm,Non Woven 90gsm,Red,300mm,Same as bag colour,15000,23278,26438
Non Woven Bag,WN-B5,1C (Both),200mm x 230mm x 80mm,Non Woven 90gsm,Red,300mm,Same as bag colour,16000,24830,28200
Non Woven Bag,WN-B5,1C (Both),200mm x 230mm x 80mm,Non Woven 90gsm,Red,300mm,Same as bag colour,17000,26381,29961
Non Woven Bag,WN-B5,1C (Both),200mm x 230mm x 80mm,Non Woven 90gsm,Red,300mm,Same as bag colour,18000,27933,31723
Non Woven Bag,WN-B5,1C (Both),200mm x 230mm x 80mm,Non Woven 90gsm,Red,300mm,Same as bag colour,19000,29485,33485
Non Woven Bag,WN-B5,1C (Both),200mm x 230mm x 80mm,Non Woven 90gsm,Red,300mm,Same as bag colour,20000,31036,35246
Non Woven Bag,WN-B5,1C (Both),200mm x 230mm x 80mm,Non Woven 90gsm,Green,300mm,Same as bag colour,100,303,333
Non Woven Bag,WN-B5,1C (Both),200mm x 230mm x 80mm,Non Woven 90gsm,Green,300mm,Same as bag colour,200,483,533
Non Woven Bag,WN-B5,1C (Both),200mm x 230mm x 80mm,Non Woven 90gsm,Green,300mm,Same as bag colour,300,624,694
Non Woven Bag,WN-B5,1C (Both),200mm x 230mm x 80mm,Non Woven 90gsm,Green,300mm,Same as bag colour,400,804,894
Non Woven Bag,WN-B5,1C (Both),200mm x 230mm x 80mm,Non Woven 90gsm,Green,300mm,Same as bag colour,500,904,1014
Non Woven Bag,WN-B5,1C (Both),200mm x 230mm x 80mm,Non Woven 90gsm,Green,300mm,Same as bag colour,600,1085,1215
Non Woven Bag,WN-B5,1C (Both),200mm x 230mm x 80mm,Non Woven 90gsm,Green,300mm,Same as bag colour,700,1266,1416
Non Woven Bag,WN-B5,1C (Both),200mm x 230mm x 80mm,Non Woven 90gsm,Green,300mm,Same as bag colour,800,1446,1616
Non Woven Bag,WN-B5,1C (Both),200mm x 230mm x 80mm,Non Woven 90gsm,Green,300mm,Same as bag colour,900,1626,1816
Non Woven Bag,WN-B5,1C (Both),200mm x 230mm x 80mm,Non Woven 90gsm,Green,300mm,Same as bag colour,1000,1647,1867
Non Woven Bag,WN-B5,1C (Both),200mm x 230mm x 80mm,Non Woven 90gsm,Green,300mm,Same as bag colour,2000,3109,3539
Non Woven Bag,WN-B5,1C (Both),200mm x 230mm x 80mm,Non Woven 90gsm,Green,300mm,Same as bag colour,3000,4660,5300
Non Woven Bag,WN-B5,1C (Both),200mm x 230mm x 80mm,Non Woven 90gsm,Green,300mm,Same as bag colour,4000,6212,7062
Non Woven Bag,WN-B5,1C (Both),200mm x 230mm x 80mm,Non Woven 90gsm,Green,300mm,Same as bag colour,5000,7763,8823
Non Woven Bag,WN-B5,1C (Both),200mm x 230mm x 80mm,Non Woven 90gsm,Green,300mm,Same as bag colour,6000,9316,10586
Non Woven Bag,WN-B5,1C (Both),200mm x 230mm x 80mm,Non Woven 90gsm,Green,300mm,Same as bag colour,7000,10866,12346
Non Woven Bag,WN-B5,1C (Both),200mm x 230mm x 80mm,Non Woven 90gsm,Green,300mm,Same as bag colour,8000,12418,14108
Non Woven Bag,WN-B5,1C (Both),200mm x 230mm x 80mm,Non Woven 90gsm,Green,300mm,Same as bag colour,9000,13970,15870
Non Woven Bag,WN-B5,1C (Both),200mm x 230mm x 80mm,Non Woven 90gsm,Green,300mm,Same as bag colour,10000,15521,17631
Non Woven Bag,WN-B5,1C (Both),200mm x 230mm x 80mm,Non Woven 90gsm,Green,300mm,Same as bag colour,11000,17072,19392
Non Woven Bag,WN-B5,1C (Both),200mm x 230mm x 80mm,Non Woven 90gsm,Green,300mm,Same as bag colour,12000,18624,21154
Non Woven Bag,WN-B5,1C (Both),200mm x 230mm x 80mm,Non Woven 90gsm,Green,300mm,Same as bag colour,13000,20176,22916
Non Woven Bag,WN-B5,1C (Both),200mm x 230mm x 80mm,Non Woven 90gsm,Green,300mm,Same as bag colour,14000,21726,24676
Non Woven Bag,WN-B5,1C (Both),200mm x 230mm x 80mm,Non Woven 90gsm,Green,300mm,Same as bag colour,15000,23278,26438
Non Woven Bag,WN-B5,1C (Both),200mm x 230mm x 80mm,Non Woven 90gsm,Green,300mm,Same as bag colour,16000,24830,28200
Non Woven Bag,WN-B5,1C (Both),200mm x 230mm x 80mm,Non Woven 90gsm,Green,300mm,Same as bag colour,17000,26381,29961
Non Woven Bag,WN-B5,1C (Both),200mm x 230mm x 80mm,Non Woven 90gsm,Green,300mm,Same as bag colour,18000,27933,31723
Non Woven Bag,WN-B5,1C (Both),200mm x 230mm x 80mm,Non Woven 90gsm,Green,300mm,Same as bag colour,19000,29485,33485
Non Woven Bag,WN-B5,1C (Both),200mm x 230mm x 80mm,Non Woven 90gsm,Green,300mm,Same as bag colour,20000,31036,35246
Non Woven Bag,WN-B5,1C (Both),200mm x 230mm x 80mm,Non Woven 90gsm,Royal Blue,300mm,Same as bag colour,100,303,333
Non Woven Bag,WN-B5,1C (Both),200mm x 230mm x 80mm,Non Woven 90gsm,Royal Blue,300mm,Same as bag colour,200,483,533
Non Woven Bag,WN-B5,1C (Both),200mm x 230mm x 80mm,Non Woven 90gsm,Royal Blue,300mm,Same as bag colour,300,624,694
Non Woven Bag,WN-B5,1C (Both),200mm x 230mm x 80mm,Non Woven 90gsm,Royal Blue,300mm,Same as bag colour,400,804,894
Non Woven Bag,WN-B5,1C (Both),200mm x 230mm x 80mm,Non Woven 90gsm,Royal Blue,300mm,Same as bag colour,500,904,1014
Non Woven Bag,WN-B5,1C (Both),200mm x 230mm x 80mm,Non Woven 90gsm,Royal Blue,300mm,Same as bag colour,600,1085,1215
Non Woven Bag,WN-B5,1C (Both),200mm x 230mm x 80mm,Non Woven 90gsm,Royal Blue,300mm,Same as bag colour,700,1266,1416
Non Woven Bag,WN-B5,1C (Both),200mm x 230mm x 80mm,Non Woven 90gsm,Royal Blue,300mm,Same as bag colour,800,1446,1616
Non Woven Bag,WN-B5,1C (Both),200mm x 230mm x 80mm,Non Woven 90gsm,Royal Blue,300mm,Same as bag colour,900,1626,1816
Non Woven Bag,WN-B5,1C (Both),200mm x 230mm x 80mm,Non Woven 90gsm,Royal Blue,300mm,Same as bag colour,1000,1647,1867
Non Woven Bag,WN-B5,1C (Both),200mm x 230mm x 80mm,Non Woven 90gsm,Royal Blue,300mm,Same as bag colour,2000,3109,3539
Non Woven Bag,WN-B5,1C (Both),200mm x 230mm x 80mm,Non Woven 90gsm,Royal Blue,300mm,Same as bag colour,3000,4660,5300
Non Woven Bag,WN-B5,1C (Both),200mm x 230mm x 80mm,Non Woven 90gsm,Royal Blue,300mm,Same as bag colour,4000,6212,7062
Non Woven Bag,WN-B5,1C (Both),200mm x 230mm x 80mm,Non Woven 90gsm,Royal Blue,300mm,Same as bag colour,5000,7763,8823
Non Woven Bag,WN-B5,1C (Both),200mm x 230mm x 80mm,Non Woven 90gsm,Royal Blue,300mm,Same as bag colour,6000,9316,10586
Non Woven Bag,WN-B5,1C (Both),200mm x 230mm x 80mm,Non Woven 90gsm,Royal Blue,300mm,Same as bag colour,7000,10866,12346
Non Woven Bag,WN-B5,1C (Both),200mm x 230mm x 80mm,Non Woven 90gsm,Royal Blue,300mm,Same as bag colour,8000,12418,14108
Non Woven Bag,WN-B5,1C (Both),200mm x 230mm x 80mm,Non Woven 90gsm,Royal Blue,300mm,Same as bag colour,9000,13970,15870
Non Woven Bag,WN-B5,1C (Both),200mm x 230mm x 80mm,Non Woven 90gsm,Royal Blue,300mm,Same as bag colour,10000,15521,17631
Non Woven Bag,WN-B5,1C (Both),200mm x 230mm x 80mm,Non Woven 90gsm,Royal Blue,300mm,Same as bag colour,11000,17072,19392
Non Woven Bag,WN-B5,1C (Both),200mm x 230mm x 80mm,Non Woven 90gsm,Royal Blue,300mm,Same as bag colour,12000,18624,21154
Non Woven Bag,WN-B5,1C (Both),200mm x 230mm x 80mm,Non Woven 90gsm,Royal Blue,300mm,Same as bag colour,13000,20176,22916
Non Woven Bag,WN-B5,1C (Both),200mm x 230mm x 80mm,Non Woven 90gsm,Royal Blue,300mm,Same as bag colour,14000,21726,24676
Non Woven Bag,WN-B5,1C (Both),200mm x 230mm x 80mm,Non Woven 90gsm,Royal Blue,300mm,Same as bag colour,15000,23278,26438
Non Woven Bag,WN-B5,1C (Both),200mm x 230mm x 80mm,Non Woven 90gsm,Royal Blue,300mm,Same as bag colour,16000,24830,28200
Non Woven Bag,WN-B5,1C (Both),200mm x 230mm x 80mm,Non Woven 90gsm,Royal Blue,300mm,Same as bag colour,17000,26381,29961
Non Woven Bag,WN-B5,1C (Both),200mm x 230mm x 80mm,Non Woven 90gsm,Royal Blue,300mm,Same as bag colour,18000,27933,31723
Non Woven Bag,WN-B5,1C (Both),200mm x 230mm x 80mm,Non Woven 90gsm,Royal Blue,300mm,Same as bag colour,19000,29485,33485
Non Woven Bag,WN-B5,1C (Both),200mm x 230mm x 80mm,Non Woven 90gsm,Royal Blue,300mm,Same as bag colour,20000,31036,35246
Non Woven Bag,WS-A4,1C (Front),280mm x 330mm x 80mm,Non Woven 90gsm,Black,440mm,Same as bag colour,100,236,276
Non Woven Bag,WS-A4,1C (Front),280mm x 330mm x 80mm,Non Woven 90gsm,Black,440mm,Same as bag colour,200,390,460
Non Woven Bag,WS-A4,1C (Front),280mm x 330mm x 80mm,Non Woven 90gsm,Black,440mm,Same as bag colour,300,501,601
Non Woven Bag,WS-A4,1C (Front),280mm x 330mm x 80mm,Non Woven 90gsm,Black,440mm,Same as bag colour,400,654,794
Non Woven Bag,WS-A4,1C (Front),280mm x 330mm x 80mm,Non Woven 90gsm,Black,440mm,Same as bag colour,500,765,935
Non Woven Bag,WS-A4,1C (Front),280mm x 330mm x 80mm,Non Woven 90gsm,Black,440mm,Same as bag colour,600,918,1118
Non Woven Bag,WS-A4,1C (Front),280mm x 330mm x 80mm,Non Woven 90gsm,Black,440mm,Same as bag colour,700,1070,1310
Non Woven Bag,WS-A4,1C (Front),280mm x 330mm x 80mm,Non Woven 90gsm,Black,440mm,Same as bag colour,800,1224,1494
Non Woven Bag,WS-A4,1C (Front),280mm x 330mm x 80mm,Non Woven 90gsm,Black,440mm,Same as bag colour,900,1377,1677
Non Woven Bag,WS-A4,1C (Front),280mm x 330mm x 80mm,Non Woven 90gsm,Black,440mm,Same as bag colour,1000,1354,1694
Non Woven Bag,WS-A4,1C (Front),280mm x 330mm x 80mm,Non Woven 90gsm,Black,440mm,Same as bag colour,2000,2709,3379
Non Woven Bag,WS-A4,1C (Front),280mm x 330mm x 80mm,Non Woven 90gsm,Black,440mm,Same as bag colour,3000,4062,5062
Non Woven Bag,WS-A4,1C (Front),280mm x 330mm x 80mm,Non Woven 90gsm,Black,440mm,Same as bag colour,4000,5417,6747
Non Woven Bag,WS-A4,1C (Front),280mm x 330mm x 80mm,Non Woven 90gsm,Black,440mm,Same as bag colour,5000,6772,8432
Non Woven Bag,WS-A4,1C (Front),280mm x 330mm x 80mm,Non Woven 90gsm,Black,440mm,Same as bag colour,6000,8126,10116
Non Woven Bag,WS-A4,1C (Front),280mm x 330mm x 80mm,Non Woven 90gsm,Black,440mm,Same as bag colour,7000,9480,11800
Non Woven Bag,WS-A4,1C (Front),280mm x 330mm x 80mm,Non Woven 90gsm,Black,440mm,Same as bag colour,8000,10834,13484
Non Woven Bag,WS-A4,1C (Front),280mm x 330mm x 80mm,Non Woven 90gsm,Black,440mm,Same as bag colour,9000,12188,15168
Non Woven Bag,WS-A4,1C (Front),280mm x 330mm x 80mm,Non Woven 90gsm,Black,440mm,Same as bag colour,10000,13543,16853
Non Woven Bag,WS-A4,1C (Front),280mm x 330mm x 80mm,Non Woven 90gsm,Black,440mm,Same as bag colour,11000,14898,18538
Non Woven Bag,WS-A4,1C (Front),280mm x 330mm x 80mm,Non Woven 90gsm,Black,440mm,Same as bag colour,12000,16252,20222
Non Woven Bag,WS-A4,1C (Front),280mm x 330mm x 80mm,Non Woven 90gsm,Black,440mm,Same as bag colour,13000,17606,21906
Non Woven Bag,WS-A4,1C (Front),280mm x 330mm x 80mm,Non Woven 90gsm,Black,440mm,Same as bag colour,14000,18960,23590
Non Woven Bag,WS-A4,1C (Front),280mm x 330mm x 80mm,Non Woven 90gsm,Black,440mm,Same as bag colour,15000,20314,25274
Non Woven Bag,WS-A4,1C (Front),280mm x 330mm x 80mm,Non Woven 90gsm,Black,440mm,Same as bag colour,16000,21699,26989
Non Woven Bag,WS-A4,1C (Front),280mm x 330mm x 80mm,Non Woven 90gsm,Black,440mm,Same as bag colour,17000,23024,28644
Non Woven Bag,WS-A4,1C (Front),280mm x 330mm x 80mm,Non Woven 90gsm,Black,440mm,Same as bag colour,18000,24377,30327
Non Woven Bag,WS-A4,1C (Front),280mm x 330mm x 80mm,Non Woven 90gsm,Black,440mm,Same as bag colour,19000,25732,32012
Non Woven Bag,WS-A4,1C (Front),280mm x 330mm x 80mm,Non Woven 90gsm,Black,440mm,Same as bag colour,20000,27086,33696
Non Woven Bag,WS-A4,1C (Front),280mm x 330mm x 80mm,Non Woven 90gsm,White,440mm,Same as bag colour,100,236,276
Non Woven Bag,WS-A4,1C (Front),280mm x 330mm x 80mm,Non Woven 90gsm,White,440mm,Same as bag colour,200,390,460
Non Woven Bag,WS-A4,1C (Front),280mm x 330mm x 80mm,Non Woven 90gsm,White,440mm,Same as bag colour,300,501,601
Non Woven Bag,WS-A4,1C (Front),280mm x 330mm x 80mm,Non Woven 90gsm,White,440mm,Same as bag colour,400,654,794
Non Woven Bag,WS-A4,1C (Front),280mm x 330mm x 80mm,Non Woven 90gsm,White,440mm,Same as bag colour,500,765,935
Non Woven Bag,WS-A4,1C (Front),280mm x 330mm x 80mm,Non Woven 90gsm,White,440mm,Same as bag colour,600,918,1118
Non Woven Bag,WS-A4,1C (Front),280mm x 330mm x 80mm,Non Woven 90gsm,White,440mm,Same as bag colour,700,1070,1310
Non Woven Bag,WS-A4,1C (Front),280mm x 330mm x 80mm,Non Woven 90gsm,White,440mm,Same as bag colour,800,1224,1494
Non Woven Bag,WS-A4,1C (Front),280mm x 330mm x 80mm,Non Woven 90gsm,White,440mm,Same as bag colour,900,1377,1677
Non Woven Bag,WS-A4,1C (Front),280mm x 330mm x 80mm,Non Woven 90gsm,White,440mm,Same as bag colour,1000,1354,1694
Non Woven Bag,WS-A4,1C (Front),280mm x 330mm x 80mm,Non Woven 90gsm,White,440mm,Same as bag colour,2000,2709,3379
Non Woven Bag,WS-A4,1C (Front),280mm x 330mm x 80mm,Non Woven 90gsm,White,440mm,Same as bag colour,3000,4062,5062
Non Woven Bag,WS-A4,1C (Front),280mm x 330mm x 80mm,Non Woven 90gsm,White,440mm,Same as bag colour,4000,5417,6747
Non Woven Bag,WS-A4,1C (Front),280mm x 330mm x 80mm,Non Woven 90gsm,White,440mm,Same as bag colour,5000,6772,8432
Non Woven Bag,WS-A4,1C (Front),280mm x 330mm x 80mm,Non Woven 90gsm,White,440mm,Same as bag colour,6000,8126,10116
Non Woven Bag,WS-A4,1C (Front),280mm x 330mm x 80mm,Non Woven 90gsm,White,440mm,Same as bag colour,7000,9480,11800
Non Woven Bag,WS-A4,1C (Front),280mm x 330mm x 80mm,Non Woven 90gsm,White,440mm,Same as bag colour,8000,10834,13484
Non Woven Bag,WS-A4,1C (Front),280mm x 330mm x 80mm,Non Woven 90gsm,White,440mm,Same as bag colour,9000,12188,15168
Non Woven Bag,WS-A4,1C (Front),280mm x 330mm x 80mm,Non Woven 90gsm,White,440mm,Same as bag colour,10000,13543,16853
Non Woven Bag,WS-A4,1C (Front),280mm x 330mm x 80mm,Non Woven 90gsm,White,440mm,Same as bag colour,11000,14898,18538
Non Woven Bag,WS-A4,1C (Front),280mm x 330mm x 80mm,Non Woven 90gsm,White,440mm,Same as bag colour,12000,16252,20222
Non Woven Bag,WS-A4,1C (Front),280mm x 330mm x 80mm,Non Woven 90gsm,White,440mm,Same as bag colour,13000,17606,21906
Non Woven Bag,WS-A4,1C (Front),280mm x 330mm x 80mm,Non Woven 90gsm,White,440mm,Same as bag colour,14000,18960,23590
Non Woven Bag,WS-A4,1C (Front),280mm x 330mm x 80mm,Non Woven 90gsm,White,440mm,Same as bag colour,15000,20314,25274
Non Woven Bag,WS-A4,1C (Front),280mm x 330mm x 80mm,Non Woven 90gsm,White,440mm,Same as bag colour,16000,21699,26989
Non Woven Bag,WS-A4,1C (Front),280mm x 330mm x 80mm,Non Woven 90gsm,White,440mm,Same as bag colour,17000,23024,28644
Non Woven Bag,WS-A4,1C (Front),280mm x 330mm x 80mm,Non Woven 90gsm,White,440mm,Same as bag colour,18000,24377,30327
Non Woven Bag,WS-A4,1C (Front),280mm x 330mm x 80mm,Non Woven 90gsm,White,440mm,Same as bag colour,19000,25732,32012
Non Woven Bag,WS-A4,1C (Front),280mm x 330mm x 80mm,Non Woven 90gsm,White,440mm,Same as bag colour,20000,27086,33696
Non Woven Bag,WS-A4,1C (Front),280mm x 330mm x 80mm,Non Woven 90gsm,Beige,440mm,Same as bag colour,100,236,276
Non Woven Bag,WS-A4,1C (Front),280mm x 330mm x 80mm,Non Woven 90gsm,Beige,440mm,Same as bag colour,200,390,460
Non Woven Bag,WS-A4,1C (Front),280mm x 330mm x 80mm,Non Woven 90gsm,Beige,440mm,Same as bag colour,300,501,601
Non Woven Bag,WS-A4,1C (Front),280mm x 330mm x 80mm,Non Woven 90gsm,Beige,440mm,Same as bag colour,400,654,794
Non Woven Bag,WS-A4,1C (Front),280mm x 330mm x 80mm,Non Woven 90gsm,Beige,440mm,Same as bag colour,500,765,935
Non Woven Bag,WS-A4,1C (Front),280mm x 330mm x 80mm,Non Woven 90gsm,Beige,440mm,Same as bag colour,600,918,1118
Non Woven Bag,WS-A4,1C (Front),280mm x 330mm x 80mm,Non Woven 90gsm,Beige,440mm,Same as bag colour,700,1070,1310
Non Woven Bag,WS-A4,1C (Front),280mm x 330mm x 80mm,Non Woven 90gsm,Beige,440mm,Same as bag colour,800,1224,1494
Non Woven Bag,WS-A4,1C (Front),280mm x 330mm x 80mm,Non Woven 90gsm,Beige,440mm,Same as bag colour,900,1377,1677
Non Woven Bag,WS-A4,1C (Front),280mm x 330mm x 80mm,Non Woven 90gsm,Beige,440mm,Same as bag colour,1000,1354,1694
Non Woven Bag,WS-A4,1C (Front),280mm x 330mm x 80mm,Non Woven 90gsm,Beige,440mm,Same as bag colour,2000,2709,3379
Non Woven Bag,WS-A4,1C (Front),280mm x 330mm x 80mm,Non Woven 90gsm,Beige,440mm,Same as bag colour,3000,4062,5062
Non Woven Bag,WS-A4,1C (Front),280mm x 330mm x 80mm,Non Woven 90gsm,Beige,440mm,Same as bag colour,4000,5417,6747
Non Woven Bag,WS-A4,1C (Front),280mm x 330mm x 80mm,Non Woven 90gsm,Beige,440mm,Same as bag colour,5000,6772,8432
Non Woven Bag,WS-A4,1C (Front),280mm x 330mm x 80mm,Non Woven 90gsm,Beige,440mm,Same as bag colour,6000,8126,10116
Non Woven Bag,WS-A4,1C (Front),280mm x 330mm x 80mm,Non Woven 90gsm,Beige,440mm,Same as bag colour,7000,9480,11800
Non Woven Bag,WS-A4,1C (Front),280mm x 330mm x 80mm,Non Woven 90gsm,Beige,440mm,Same as bag colour,8000,10834,13484
Non Woven Bag,WS-A4,1C (Front),280mm x 330mm x 80mm,Non Woven 90gsm,Beige,440mm,Same as bag colour,9000,12188,15168
Non Woven Bag,WS-A4,1C (Front),280mm x 330mm x 80mm,Non Woven 90gsm,Beige,440mm,Same as bag colour,10000,13543,16853
Non Woven Bag,WS-A4,1C (Front),280mm x 330mm x 80mm,Non Woven 90gsm,Beige,440mm,Same as bag colour,11000,14898,18538
Non Woven Bag,WS-A4,1C (Front),280mm x 330mm x 80mm,Non Woven 90gsm,Beige,440mm,Same as bag colour,12000,16252,20222
Non Woven Bag,WS-A4,1C (Front),280mm x 330mm x 80mm,Non Woven 90gsm,Beige,440mm,Same as bag colour,13000,17606,21906
Non Woven Bag,WS-A4,1C (Front),280mm x 330mm x 80mm,Non Woven 90gsm,Beige,440mm,Same as bag colour,14000,18960,23590
Non Woven Bag,WS-A4,1C (Front),280mm x 330mm x 80mm,Non Woven 90gsm,Beige,440mm,Same as bag colour,15000,20314,25274
Non Woven Bag,WS-A4,1C (Front),280mm x 330mm x 80mm,Non Woven 90gsm,Beige,440mm,Same as bag colour,16000,21699,26989
Non Woven Bag,WS-A4,1C (Front),280mm x 330mm x 80mm,Non Woven 90gsm,Beige,440mm,Same as bag colour,17000,23024,28644
Non Woven Bag,WS-A4,1C (Front),280mm x 330mm x 80mm,Non Woven 90gsm,Beige,440mm,Same as bag colour,18000,24377,30327
Non Woven Bag,WS-A4,1C (Front),280mm x 330mm x 80mm,Non Woven 90gsm,Beige,440mm,Same as bag colour,19000,25732,32012
Non Woven Bag,WS-A4,1C (Front),280mm x 330mm x 80mm,Non Woven 90gsm,Beige,440mm,Same as bag colour,20000,27086,33696
Non Woven Bag,WS-A4,1C (Front),280mm x 330mm x 80mm,Non Woven 90gsm,Orange,440mm,Same as bag colour,100,236,276
Non Woven Bag,WS-A4,1C (Front),280mm x 330mm x 80mm,Non Woven 90gsm,Orange,440mm,Same as bag colour,200,390,460
Non Woven Bag,WS-A4,1C (Front),280mm x 330mm x 80mm,Non Woven 90gsm,Orange,440mm,Same as bag colour,300,501,601
Non Woven Bag,WS-A4,1C (Front),280mm x 330mm x 80mm,Non Woven 90gsm,Orange,440mm,Same as bag colour,400,654,794
Non Woven Bag,WS-A4,1C (Front),280mm x 330mm x 80mm,Non Woven 90gsm,Orange,440mm,Same as bag colour,500,765,935
Non Woven Bag,WS-A4,1C (Front),280mm x 330mm x 80mm,Non Woven 90gsm,Orange,440mm,Same as bag colour,600,918,1118
Non Woven Bag,WS-A4,1C (Front),280mm x 330mm x 80mm,Non Woven 90gsm,Orange,440mm,Same as bag colour,700,1070,1310
Non Woven Bag,WS-A4,1C (Front),280mm x 330mm x 80mm,Non Woven 90gsm,Orange,440mm,Same as bag colour,800,1224,1494
Non Woven Bag,WS-A4,1C (Front),280mm x 330mm x 80mm,Non Woven 90gsm,Orange,440mm,Same as bag colour,900,1377,1677
Non Woven Bag,WS-A4,1C (Front),280mm x 330mm x 80mm,Non Woven 90gsm,Orange,440mm,Same as bag colour,1000,1354,1694
Non Woven Bag,WS-A4,1C (Front),280mm x 330mm x 80mm,Non Woven 90gsm,Orange,440mm,Same as bag colour,2000,2709,3379
Non Woven Bag,WS-A4,1C (Front),280mm x 330mm x 80mm,Non Woven 90gsm,Orange,440mm,Same as bag colour,3000,4062,5062
Non Woven Bag,WS-A4,1C (Front),280mm x 330mm x 80mm,Non Woven 90gsm,Orange,440mm,Same as bag colour,4000,5417,6747
Non Woven Bag,WS-A4,1C (Front),280mm x 330mm x 80mm,Non Woven 90gsm,Orange,440mm,Same as bag colour,5000,6772,8432
Non Woven Bag,WS-A4,1C (Front),280mm x 330mm x 80mm,Non Woven 90gsm,Orange,440mm,Same as bag colour,6000,8126,10116
Non Woven Bag,WS-A4,1C (Front),280mm x 330mm x 80mm,Non Woven 90gsm,Orange,440mm,Same as bag colour,7000,9480,11800
Non Woven Bag,WS-A4,1C (Front),280mm x 330mm x 80mm,Non Woven 90gsm,Orange,440mm,Same as bag colour,8000,10834,13484
Non Woven Bag,WS-A4,1C (Front),280mm x 330mm x 80mm,Non Woven 90gsm,Orange,440mm,Same as bag colour,9000,12188,15168
Non Woven Bag,WS-A4,1C (Front),280mm x 330mm x 80mm,Non Woven 90gsm,Orange,440mm,Same as bag colour,10000,13543,16853
Non Woven Bag,WS-A4,1C (Front),280mm x 330mm x 80mm,Non Woven 90gsm,Orange,440mm,Same as bag colour,11000,14898,18538
Non Woven Bag,WS-A4,1C (Front),280mm x 330mm x 80mm,Non Woven 90gsm,Orange,440mm,Same as bag colour,12000,16252,20222
Non Woven Bag,WS-A4,1C (Front),280mm x 330mm x 80mm,Non Woven 90gsm,Orange,440mm,Same as bag colour,13000,17606,21906
Non Woven Bag,WS-A4,1C (Front),280mm x 330mm x 80mm,Non Woven 90gsm,Orange,440mm,Same as bag colour,14000,18960,23590
Non Woven Bag,WS-A4,1C (Front),280mm x 330mm x 80mm,Non Woven 90gsm,Orange,440mm,Same as bag colour,15000,20314,25274
Non Woven Bag,WS-A4,1C (Front),280mm x 330mm x 80mm,Non Woven 90gsm,Orange,440mm,Same as bag colour,16000,21699,26989
Non Woven Bag,WS-A4,1C (Front),280mm x 330mm x 80mm,Non Woven 90gsm,Orange,440mm,Same as bag colour,17000,23024,28644
Non Woven Bag,WS-A4,1C (Front),280mm x 330mm x 80mm,Non Woven 90gsm,Orange,440mm,Same as bag colour,18000,24377,30327
Non Woven Bag,WS-A4,1C (Front),280mm x 330mm x 80mm,Non Woven 90gsm,Orange,440mm,Same as bag colour,19000,25732,32012
Non Woven Bag,WS-A4,1C (Front),280mm x 330mm x 80mm,Non Woven 90gsm,Orange,440mm,Same as bag colour,20000,27086,33696
Non Woven Bag,WS-A4,1C (Front),280mm x 330mm x 80mm,Non Woven 90gsm,Dark Orange,440mm,Same as bag colour,100,236,276
Non Woven Bag,WS-A4,1C (Front),280mm x 330mm x 80mm,Non Woven 90gsm,Dark Orange,440mm,Same as bag colour,200,390,460
Non Woven Bag,WS-A4,1C (Front),280mm x 330mm x 80mm,Non Woven 90gsm,Dark Orange,440mm,Same as bag colour,300,501,601
Non Woven Bag,WS-A4,1C (Front),280mm x 330mm x 80mm,Non Woven 90gsm,Dark Orange,440mm,Same as bag colour,400,654,794
Non Woven Bag,WS-A4,1C (Front),280mm x 330mm x 80mm,Non Woven 90gsm,Dark Orange,440mm,Same as bag colour,500,765,935
Non Woven Bag,WS-A4,1C (Front),280mm x 330mm x 80mm,Non Woven 90gsm,Dark Orange,440mm,Same as bag colour,600,918,1118
Non Woven Bag,WS-A4,1C (Front),280mm x 330mm x 80mm,Non Woven 90gsm,Dark Orange,440mm,Same as bag colour,700,1070,1310
Non Woven Bag,WS-A4,1C (Front),280mm x 330mm x 80mm,Non Woven 90gsm,Dark Orange,440mm,Same as bag colour,800,1224,1494
Non Woven Bag,WS-A4,1C (Front),280mm x 330mm x 80mm,Non Woven 90gsm,Dark Orange,440mm,Same as bag colour,900,1377,1677
Non Woven Bag,WS-A4,1C (Front),280mm x 330mm x 80mm,Non Woven 90gsm,Dark Orange,440mm,Same as bag colour,1000,1354,1694
Non Woven Bag,WS-A4,1C (Front),280mm x 330mm x 80mm,Non Woven 90gsm,Dark Orange,440mm,Same as bag colour,2000,2709,3379
Non Woven Bag,WS-A4,1C (Front),280mm x 330mm x 80mm,Non Woven 90gsm,Dark Orange,440mm,Same as bag colour,3000,4062,5062
Non Woven Bag,WS-A4,1C (Front),280mm x 330mm x 80mm,Non Woven 90gsm,Dark Orange,440mm,Same as bag colour,4000,5417,6747
Non Woven Bag,WS-A4,1C (Front),280mm x 330mm x 80mm,Non Woven 90gsm,Dark Orange,440mm,Same as bag colour,5000,6772,8432
Non Woven Bag,WS-A4,1C (Front),280mm x 330mm x 80mm,Non Woven 90gsm,Dark Orange,440mm,Same as bag colour,6000,8126,10116
Non Woven Bag,WS-A4,1C (Front),280mm x 330mm x 80mm,Non Woven 90gsm,Dark Orange,440mm,Same as bag colour,7000,9480,11800
Non Woven Bag,WS-A4,1C (Front),280mm x 330mm x 80mm,Non Woven 90gsm,Dark Orange,440mm,Same as bag colour,8000,10834,13484
Non Woven Bag,WS-A4,1C (Front),280mm x 330mm x 80mm,Non Woven 90gsm,Dark Orange,440mm,Same as bag colour,9000,12188,15168
Non Woven Bag,WS-A4,1C (Front),280mm x 330mm x 80mm,Non Woven 90gsm,Dark Orange,440mm,Same as bag colour,10000,13543,16853
Non Woven Bag,WS-A4,1C (Front),280mm x 330mm x 80mm,Non Woven 90gsm,Dark Orange,440mm,Same as bag colour,11000,14898,18538
Non Woven Bag,WS-A4,1C (Front),280mm x 330mm x 80mm,Non Woven 90gsm,Dark Orange,440mm,Same as bag colour,12000,16252,20222
Non Woven Bag,WS-A4,1C (Front),280mm x 330mm x 80mm,Non Woven 90gsm,Dark Orange,440mm,Same as bag colour,13000,17606,21906
Non Woven Bag,WS-A4,1C (Front),280mm x 330mm x 80mm,Non Woven 90gsm,Dark Orange,440mm,Same as bag colour,14000,18960,23590
Non Woven Bag,WS-A4,1C (Front),280mm x 330mm x 80mm,Non Woven 90gsm,Dark Orange,440mm,Same as bag colour,15000,20314,25274
Non Woven Bag,WS-A4,1C (Front),280mm x 330mm x 80mm,Non Woven 90gsm,Dark Orange,440mm,Same as bag colour,16000,21699,26989
Non Woven Bag,WS-A4,1C (Front),280mm x 330mm x 80mm,Non Woven 90gsm,Dark Orange,440mm,Same as bag colour,17000,23024,28644
Non Woven Bag,WS-A4,1C (Front),280mm x 330mm x 80mm,Non Woven 90gsm,Dark Orange,440mm,Same as bag colour,18000,24377,30327
Non Woven Bag,WS-A4,1C (Front),280mm x 330mm x 80mm,Non Woven 90gsm,Dark Orange,440mm,Same as bag colour,19000,25732,32012
Non Woven Bag,WS-A4,1C (Front),280mm x 330mm x 80mm,Non Woven 90gsm,Dark Orange,440mm,Same as bag colour,20000,27086,33696
Non Woven Bag,WS-A4,1C (Front),280mm x 330mm x 80mm,Non Woven 90gsm,Magenta,440mm,Same as bag colour,100,236,276
Non Woven Bag,WS-A4,1C (Front),280mm x 330mm x 80mm,Non Woven 90gsm,Magenta,440mm,Same as bag colour,200,390,460
Non Woven Bag,WS-A4,1C (Front),280mm x 330mm x 80mm,Non Woven 90gsm,Magenta,440mm,Same as bag colour,300,501,601
Non Woven Bag,WS-A4,1C (Front),280mm x 330mm x 80mm,Non Woven 90gsm,Magenta,440mm,Same as bag colour,400,654,794
Non Woven Bag,WS-A4,1C (Front),280mm x 330mm x 80mm,Non Woven 90gsm,Magenta,440mm,Same as bag colour,500,765,935
Non Woven Bag,WS-A4,1C (Front),280mm x 330mm x 80mm,Non Woven 90gsm,Magenta,440mm,Same as bag colour,600,918,1118
Non Woven Bag,WS-A4,1C (Front),280mm x 330mm x 80mm,Non Woven 90gsm,Magenta,440mm,Same as bag colour,700,1070,1310
Non Woven Bag,WS-A4,1C (Front),280mm x 330mm x 80mm,Non Woven 90gsm,Magenta,440mm,Same as bag colour,800,1224,1494
Non Woven Bag,WS-A4,1C (Front),280mm x 330mm x 80mm,Non Woven 90gsm,Magenta,440mm,Same as bag colour,900,1377,1677
Non Woven Bag,WS-A4,1C (Front),280mm x 330mm x 80mm,Non Woven 90gsm,Magenta,440mm,Same as bag colour,1000,1354,1694
Non Woven Bag,WS-A4,1C (Front),280mm x 330mm x 80mm,Non Woven 90gsm,Magenta,440mm,Same as bag colour,2000,2709,3379
Non Woven Bag,WS-A4,1C (Front),280mm x 330mm x 80mm,Non Woven 90gsm,Magenta,440mm,Same as bag colour,3000,4062,5062
Non Woven Bag,WS-A4,1C (Front),280mm x 330mm x 80mm,Non Woven 90gsm,Magenta,440mm,Same as bag colour,4000,5417,6747
Non Woven Bag,WS-A4,1C (Front),280mm x 330mm x 80mm,Non Woven 90gsm,Magenta,440mm,Same as bag colour,5000,6772,8432
Non Woven Bag,WS-A4,1C (Front),280mm x 330mm x 80mm,Non Woven 90gsm,Magenta,440mm,Same as bag colour,6000,8126,10116
Non Woven Bag,WS-A4,1C (Front),280mm x 330mm x 80mm,Non Woven 90gsm,Magenta,440mm,Same as bag colour,7000,9480,11800
Non Woven Bag,WS-A4,1C (Front),280mm x 330mm x 80mm,Non Woven 90gsm,Magenta,440mm,Same as bag colour,8000,10834,13484
Non Woven Bag,WS-A4,1C (Front),280mm x 330mm x 80mm,Non Woven 90gsm,Magenta,440mm,Same as bag colour,9000,12188,15168
Non Woven Bag,WS-A4,1C (Front),280mm x 330mm x 80mm,Non Woven 90gsm,Magenta,440mm,Same as bag colour,10000,13543,16853
Non Woven Bag,WS-A4,1C (Front),280mm x 330mm x 80mm,Non Woven 90gsm,Magenta,440mm,Same as bag colour,11000,14898,18538
Non Woven Bag,WS-A4,1C (Front),280mm x 330mm x 80mm,Non Woven 90gsm,Magenta,440mm,Same as bag colour,12000,16252,20222
Non Woven Bag,WS-A4,1C (Front),280mm x 330mm x 80mm,Non Woven 90gsm,Magenta,440mm,Same as bag colour,13000,17606,21906
Non Woven Bag,WS-A4,1C (Front),280mm x 330mm x 80mm,Non Woven 90gsm,Magenta,440mm,Same as bag colour,14000,18960,23590
Non Woven Bag,WS-A4,1C (Front),280mm x 330mm x 80mm,Non Woven 90gsm,Magenta,440mm,Same as bag colour,15000,20314,25274
Non Woven Bag,WS-A4,1C (Front),280mm x 330mm x 80mm,Non Woven 90gsm,Magenta,440mm,Same as bag colour,16000,21699,26989
Non Woven Bag,WS-A4,1C (Front),280mm x 330mm x 80mm,Non Woven 90gsm,Magenta,440mm,Same as bag colour,17000,23024,28644
Non Woven Bag,WS-A4,1C (Front),280mm x 330mm x 80mm,Non Woven 90gsm,Magenta,440mm,Same as bag colour,18000,24377,30327
Non Woven Bag,WS-A4,1C (Front),280mm x 330mm x 80mm,Non Woven 90gsm,Magenta,440mm,Same as bag colour,19000,25732,32012
Non Woven Bag,WS-A4,1C (Front),280mm x 330mm x 80mm,Non Woven 90gsm,Magenta,440mm,Same as bag colour,20000,27086,33696
Non Woven Bag,WS-A4,1C (Front),280mm x 330mm x 80mm,Non Woven 90gsm,Red,440mm,Same as bag colour,100,236,276
Non Woven Bag,WS-A4,1C (Front),280mm x 330mm x 80mm,Non Woven 90gsm,Red,440mm,Same as bag colour,200,390,460
Non Woven Bag,WS-A4,1C (Front),280mm x 330mm x 80mm,Non Woven 90gsm,Red,440mm,Same as bag colour,300,501,601
Non Woven Bag,WS-A4,1C (Front),280mm x 330mm x 80mm,Non Woven 90gsm,Red,440mm,Same as bag colour,400,654,794
Non Woven Bag,WS-A4,1C (Front),280mm x 330mm x 80mm,Non Woven 90gsm,Red,440mm,Same as bag colour,500,765,935
Non Woven Bag,WS-A4,1C (Front),280mm x 330mm x 80mm,Non Woven 90gsm,Red,440mm,Same as bag colour,600,918,1118
Non Woven Bag,WS-A4,1C (Front),280mm x 330mm x 80mm,Non Woven 90gsm,Red,440mm,Same as bag colour,700,1070,1310
Non Woven Bag,WS-A4,1C (Front),280mm x 330mm x 80mm,Non Woven 90gsm,Red,440mm,Same as bag colour,800,1224,1494
Non Woven Bag,WS-A4,1C (Front),280mm x 330mm x 80mm,Non Woven 90gsm,Red,440mm,Same as bag colour,900,1377,1677
Non Woven Bag,WS-A4,1C (Front),280mm x 330mm x 80mm,Non Woven 90gsm,Red,440mm,Same as bag colour,1000,1354,1694
Non Woven Bag,WS-A4,1C (Front),280mm x 330mm x 80mm,Non Woven 90gsm,Red,440mm,Same as bag colour,2000,2709,3379
Non Woven Bag,WS-A4,1C (Front),280mm x 330mm x 80mm,Non Woven 90gsm,Red,440mm,Same as bag colour,3000,4062,5062
Non Woven Bag,WS-A4,1C (Front),280mm x 330mm x 80mm,Non Woven 90gsm,Red,440mm,Same as bag colour,4000,5417,6747
Non Woven Bag,WS-A4,1C (Front),280mm x 330mm x 80mm,Non Woven 90gsm,Red,440mm,Same as bag colour,5000,6772,8432
Non Woven Bag,WS-A4,1C (Front),280mm x 330mm x 80mm,Non Woven 90gsm,Red,440mm,Same as bag colour,6000,8126,10116
Non Woven Bag,WS-A4,1C (Front),280mm x 330mm x 80mm,Non Woven 90gsm,Red,440mm,Same as bag colour,7000,9480,11800
Non Woven Bag,WS-A4,1C (Front),280mm x 330mm x 80mm,Non Woven 90gsm,Red,440mm,Same as bag colour,8000,10834,13484
Non Woven Bag,WS-A4,1C (Front),280mm x 330mm x 80mm,Non Woven 90gsm,Red,440mm,Same as bag colour,9000,12188,15168
Non Woven Bag,WS-A4,1C (Front),280mm x 330mm x 80mm,Non Woven 90gsm,Red,440mm,Same as bag colour,10000,13543,16853
Non Woven Bag,WS-A4,1C (Front),280mm x 330mm x 80mm,Non Woven 90gsm,Red,440mm,Same as bag colour,11000,14898,18538
Non Woven Bag,WS-A4,1C (Front),280mm x 330mm x 80mm,Non Woven 90gsm,Red,440mm,Same as bag colour,12000,16252,20222
Non Woven Bag,WS-A4,1C (Front),280mm x 330mm x 80mm,Non Woven 90gsm,Red,440mm,Same as bag colour,13000,17606,21906
Non Woven Bag,WS-A4,1C (Front),280mm x 330mm x 80mm,Non Woven 90gsm,Red,440mm,Same as bag colour,14000,18960,23590
Non Woven Bag,WS-A4,1C (Front),280mm x 330mm x 80mm,Non Woven 90gsm,Red,440mm,Same as bag colour,15000,20314,25274
Non Woven Bag,WS-A4,1C (Front),280mm x 330mm x 80mm,Non Woven 90gsm,Red,440mm,Same as bag colour,16000,21699,26989
Non Woven Bag,WS-A4,1C (Front),280mm x 330mm x 80mm,Non Woven 90gsm,Red,440mm,Same as bag colour,17000,23024,28644
Non Woven Bag,WS-A4,1C (Front),280mm x 330mm x 80mm,Non Woven 90gsm,Red,440mm,Same as bag colour,18000,24377,30327
Non Woven Bag,WS-A4,1C (Front),280mm x 330mm x 80mm,Non Woven 90gsm,Red,440mm,Same as bag colour,19000,25732,32012
Non Woven Bag,WS-A4,1C (Front),280mm x 330mm x 80mm,Non Woven 90gsm,Red,440mm,Same as bag colour,20000,27086,33696
Non Woven Bag,WS-A4,1C (Front),280mm x 330mm x 80mm,Non Woven 90gsm,Maroon,440mm,Same as bag colour,100,236,276
Non Woven Bag,WS-A4,1C (Front),280mm x 330mm x 80mm,Non Woven 90gsm,Maroon,440mm,Same as bag colour,200,390,460
Non Woven Bag,WS-A4,1C (Front),280mm x 330mm x 80mm,Non Woven 90gsm,Maroon,440mm,Same as bag colour,300,501,601
Non Woven Bag,WS-A4,1C (Front),280mm x 330mm x 80mm,Non Woven 90gsm,Maroon,440mm,Same as bag colour,400,654,794
Non Woven Bag,WS-A4,1C (Front),280mm x 330mm x 80mm,Non Woven 90gsm,Maroon,440mm,Same as bag colour,500,765,935
Non Woven Bag,WS-A4,1C (Front),280mm x 330mm x 80mm,Non Woven 90gsm,Maroon,440mm,Same as bag colour,600,918,1118
Non Woven Bag,WS-A4,1C (Front),280mm x 330mm x 80mm,Non Woven 90gsm,Maroon,440mm,Same as bag colour,700,1070,1310
Non Woven Bag,WS-A4,1C (Front),280mm x 330mm x 80mm,Non Woven 90gsm,Maroon,440mm,Same as bag colour,800,1224,1494
Non Woven Bag,WS-A4,1C (Front),280mm x 330mm x 80mm,Non Woven 90gsm,Maroon,440mm,Same as bag colour,900,1377,1677
Non Woven Bag,WS-A4,1C (Front),280mm x 330mm x 80mm,Non Woven 90gsm,Maroon,440mm,Same as bag colour,1000,1354,1694
Non Woven Bag,WS-A4,1C (Front),280mm x 330mm x 80mm,Non Woven 90gsm,Maroon,440mm,Same as bag colour,2000,2709,3379
Non Woven Bag,WS-A4,1C (Front),280mm x 330mm x 80mm,Non Woven 90gsm,Maroon,440mm,Same as bag colour,3000,4062,5062
Non Woven Bag,WS-A4,1C (Front),280mm x 330mm x 80mm,Non Woven 90gsm,Maroon,440mm,Same as bag colour,4000,5417,6747
Non Woven Bag,WS-A4,1C (Front),280mm x 330mm x 80mm,Non Woven 90gsm,Maroon,440mm,Same as bag colour,5000,6772,8432
Non Woven Bag,WS-A4,1C (Front),280mm x 330mm x 80mm,Non Woven 90gsm,Maroon,440mm,Same as bag colour,6000,8126,10116
Non Woven Bag,WS-A4,1C (Front),280mm x 330mm x 80mm,Non Woven 90gsm,Maroon,440mm,Same as bag colour,7000,9480,11800
Non Woven Bag,WS-A4,1C (Front),280mm x 330mm x 80mm,Non Woven 90gsm,Maroon,440mm,Same as bag colour,8000,10834,13484
Non Woven Bag,WS-A4,1C (Front),280mm x 330mm x 80mm,Non Woven 90gsm,Maroon,440mm,Same as bag colour,9000,12188,15168
Non Woven Bag,WS-A4,1C (Front),280mm x 330mm x 80mm,Non Woven 90gsm,Maroon,440mm,Same as bag colour,10000,13543,16853
Non Woven Bag,WS-A4,1C (Front),280mm x 330mm x 80mm,Non Woven 90gsm,Maroon,440mm,Same as bag colour,11000,14898,18538
Non Woven Bag,WS-A4,1C (Front),280mm x 330mm x 80mm,Non Woven 90gsm,Maroon,440mm,Same as bag colour,12000,16252,20222
Non Woven Bag,WS-A4,1C (Front),280mm x 330mm x 80mm,Non Woven 90gsm,Maroon,440mm,Same as bag colour,13000,17606,21906
Non Woven Bag,WS-A4,1C (Front),280mm x 330mm x 80mm,Non Woven 90gsm,Maroon,440mm,Same as bag colour,14000,18960,23590
Non Woven Bag,WS-A4,1C (Front),280mm x 330mm x 80mm,Non Woven 90gsm,Maroon,440mm,Same as bag colour,15000,20314,25274
Non Woven Bag,WS-A4,1C (Front),280mm x 330mm x 80mm,Non Woven 90gsm,Maroon,440mm,Same as bag colour,16000,21699,26989
Non Woven Bag,WS-A4,1C (Front),280mm x 330mm x 80mm,Non Woven 90gsm,Maroon,440mm,Same as bag colour,17000,23024,28644
Non Woven Bag,WS-A4,1C (Front),280mm x 330mm x 80mm,Non Woven 90gsm,Maroon,440mm,Same as bag colour,18000,24377,30327
Non Woven Bag,WS-A4,1C (Front),280mm x 330mm x 80mm,Non Woven 90gsm,Maroon,440mm,Same as bag colour,19000,25732,32012
Non Woven Bag,WS-A4,1C (Front),280mm x 330mm x 80mm,Non Woven 90gsm,Maroon,440mm,Same as bag colour,20000,27086,33696
Non Woven Bag,WS-A4,1C (Front),280mm x 330mm x 80mm,Non Woven 90gsm,Green,440mm,Same as bag colour,100,236,276
Non Woven Bag,WS-A4,1C (Front),280mm x 330mm x 80mm,Non Woven 90gsm,Green,440mm,Same as bag colour,200,390,460
Non Woven Bag,WS-A4,1C (Front),280mm x 330mm x 80mm,Non Woven 90gsm,Green,440mm,Same as bag colour,300,501,601
Non Woven Bag,WS-A4,1C (Front),280mm x 330mm x 80mm,Non Woven 90gsm,Green,440mm,Same as bag colour,400,654,794
Non Woven Bag,WS-A4,1C (Front),280mm x 330mm x 80mm,Non Woven 90gsm,Green,440mm,Same as bag colour,500,765,935
Non Woven Bag,WS-A4,1C (Front),280mm x 330mm x 80mm,Non Woven 90gsm,Green,440mm,Same as bag colour,600,918,1118
Non Woven Bag,WS-A4,1C (Front),280mm x 330mm x 80mm,Non Woven 90gsm,Green,440mm,Same as bag colour,700,1070,1310
Non Woven Bag,WS-A4,1C (Front),280mm x 330mm x 80mm,Non Woven 90gsm,Green,440mm,Same as bag colour,800,1224,1494
Non Woven Bag,WS-A4,1C (Front),280mm x 330mm x 80mm,Non Woven 90gsm,Green,440mm,Same as bag colour,900,1377,1677
Non Woven Bag,WS-A4,1C (Front),280mm x 330mm x 80mm,Non Woven 90gsm,Green,440mm,Same as bag colour,1000,1354,1694
Non Woven Bag,WS-A4,1C (Front),280mm x 330mm x 80mm,Non Woven 90gsm,Green,440mm,Same as bag colour,2000,2709,3379
Non Woven Bag,WS-A4,1C (Front),280mm x 330mm x 80mm,Non Woven 90gsm,Green,440mm,Same as bag colour,3000,4062,5062
Non Woven Bag,WS-A4,1C (Front),280mm x 330mm x 80mm,Non Woven 90gsm,Green,440mm,Same as bag colour,4000,5417,6747
Non Woven Bag,WS-A4,1C (Front),280mm x 330mm x 80mm,Non Woven 90gsm,Green,440mm,Same as bag colour,5000,6772,8432
Non Woven Bag,WS-A4,1C (Front),280mm x 330mm x 80mm,Non Woven 90gsm,Green,440mm,Same as bag colour,6000,8126,10116
Non Woven Bag,WS-A4,1C (Front),280mm x 330mm x 80mm,Non Woven 90gsm,Green,440mm,Same as bag colour,7000,9480,11800
Non Woven Bag,WS-A4,1C (Front),280mm x 330mm x 80mm,Non Woven 90gsm,Green,440mm,Same as bag colour,8000,10834,13484
Non Woven Bag,WS-A4,1C (Front),280mm x 330mm x 80mm,Non Woven 90gsm,Green,440mm,Same as bag colour,9000,12188,15168
Non Woven Bag,WS-A4,1C (Front),280mm x 330mm x 80mm,Non Woven 90gsm,Green,440mm,Same as bag colour,10000,13543,16853
Non Woven Bag,WS-A4,1C (Front),280mm x 330mm x 80mm,Non Woven 90gsm,Green,440mm,Same as bag colour,11000,14898,18538
Non Woven Bag,WS-A4,1C (Front),280mm x 330mm x 80mm,Non Woven 90gsm,Green,440mm,Same as bag colour,12000,16252,20222
Non Woven Bag,WS-A4,1C (Front),280mm x 330mm x 80mm,Non Woven 90gsm,Green,440mm,Same as bag colour,13000,17606,21906
Non Woven Bag,WS-A4,1C (Front),280mm x 330mm x 80mm,Non Woven 90gsm,Green,440mm,Same as bag colour,14000,18960,23590
Non Woven Bag,WS-A4,1C (Front),280mm x 330mm x 80mm,Non Woven 90gsm,Green,440mm,Same as bag colour,15000,20314,25274
Non Woven Bag,WS-A4,1C (Front),280mm x 330mm x 80mm,Non Woven 90gsm,Green,440mm,Same as bag colour,16000,21699,26989
Non Woven Bag,WS-A4,1C (Front),280mm x 330mm x 80mm,Non Woven 90gsm,Green,440mm,Same as bag colour,17000,23024,28644
Non Woven Bag,WS-A4,1C (Front),280mm x 330mm x 80mm,Non Woven 90gsm,Green,440mm,Same as bag colour,18000,24377,30327
Non Woven Bag,WS-A4,1C (Front),280mm x 330mm x 80mm,Non Woven 90gsm,Green,440mm,Same as bag colour,19000,25732,32012
Non Woven Bag,WS-A4,1C (Front),280mm x 330mm x 80mm,Non Woven 90gsm,Green,440mm,Same as bag colour,20000,27086,33696
Non Woven Bag,WS-A4,1C (Front),280mm x 330mm x 80mm,Non Woven 90gsm,Milo Green,440mm,Same as bag colour,100,236,276
Non Woven Bag,WS-A4,1C (Front),280mm x 330mm x 80mm,Non Woven 90gsm,Milo Green,440mm,Same as bag colour,200,390,460
Non Woven Bag,WS-A4,1C (Front),280mm x 330mm x 80mm,Non Woven 90gsm,Milo Green,440mm,Same as bag colour,300,501,601
Non Woven Bag,WS-A4,1C (Front),280mm x 330mm x 80mm,Non Woven 90gsm,Milo Green,440mm,Same as bag colour,400,654,794
Non Woven Bag,WS-A4,1C (Front),280mm x 330mm x 80mm,Non Woven 90gsm,Milo Green,440mm,Same as bag colour,500,765,935
Non Woven Bag,WS-A4,1C (Front),280mm x 330mm x 80mm,Non Woven 90gsm,Milo Green,440mm,Same as bag colour,600,918,1118
Non Woven Bag,WS-A4,1C (Front),280mm x 330mm x 80mm,Non Woven 90gsm,Milo Green,440mm,Same as bag colour,700,1070,1310
Non Woven Bag,WS-A4,1C (Front),280mm x 330mm x 80mm,Non Woven 90gsm,Milo Green,440mm,Same as bag colour,800,1224,1494
Non Woven Bag,WS-A4,1C (Front),280mm x 330mm x 80mm,Non Woven 90gsm,Milo Green,440mm,Same as bag colour,900,1377,1677
Non Woven Bag,WS-A4,1C (Front),280mm x 330mm x 80mm,Non Woven 90gsm,Milo Green,440mm,Same as bag colour,1000,1354,1694
Non Woven Bag,WS-A4,1C (Front),280mm x 330mm x 80mm,Non Woven 90gsm,Milo Green,440mm,Same as bag colour,2000,2709,3379
Non Woven Bag,WS-A4,1C (Front),280mm x 330mm x 80mm,Non Woven 90gsm,Milo Green,440mm,Same as bag colour,3000,4062,5062
Non Woven Bag,WS-A4,1C (Front),280mm x 330mm x 80mm,Non Woven 90gsm,Milo Green,440mm,Same as bag colour,4000,5417,6747
Non Woven Bag,WS-A4,1C (Front),280mm x 330mm x 80mm,Non Woven 90gsm,Milo Green,440mm,Same as bag colour,5000,6772,8432
Non Woven Bag,WS-A4,1C (Front),280mm x 330mm x 80mm,Non Woven 90gsm,Milo Green,440mm,Same as bag colour,6000,8126,10116
Non Woven Bag,WS-A4,1C (Front),280mm x 330mm x 80mm,Non Woven 90gsm,Milo Green,440mm,Same as bag colour,7000,9480,11800
Non Woven Bag,WS-A4,1C (Front),280mm x 330mm x 80mm,Non Woven 90gsm,Milo Green,440mm,Same as bag colour,8000,10834,13484
Non Woven Bag,WS-A4,1C (Front),280mm x 330mm x 80mm,Non Woven 90gsm,Milo Green,440mm,Same as bag colour,9000,12188,15168
Non Woven Bag,WS-A4,1C (Front),280mm x 330mm x 80mm,Non Woven 90gsm,Milo Green,440mm,Same as bag colour,10000,13543,16853
Non Woven Bag,WS-A4,1C (Front),280mm x 330mm x 80mm,Non Woven 90gsm,Milo Green,440mm,Same as bag colour,11000,14898,18538
Non Woven Bag,WS-A4,1C (Front),280mm x 330mm x 80mm,Non Woven 90gsm,Milo Green,440mm,Same as bag colour,12000,16252,20222
Non Woven Bag,WS-A4,1C (Front),280mm x 330mm x 80mm,Non Woven 90gsm,Milo Green,440mm,Same as bag colour,13000,17606,21906
Non Woven Bag,WS-A4,1C (Front),280mm x 330mm x 80mm,Non Woven 90gsm,Milo Green,440mm,Same as bag colour,14000,18960,23590
Non Woven Bag,WS-A4,1C (Front),280mm x 330mm x 80mm,Non Woven 90gsm,Milo Green,440mm,Same as bag colour,15000,20314,25274
Non Woven Bag,WS-A4,1C (Front),280mm x 330mm x 80mm,Non Woven 90gsm,Milo Green,440mm,Same as bag colour,16000,21699,26989
Non Woven Bag,WS-A4,1C (Front),280mm x 330mm x 80mm,Non Woven 90gsm,Milo Green,440mm,Same as bag colour,17000,23024,28644
Non Woven Bag,WS-A4,1C (Front),280mm x 330mm x 80mm,Non Woven 90gsm,Milo Green,440mm,Same as bag colour,18000,24377,30327
Non Woven Bag,WS-A4,1C (Front),280mm x 330mm x 80mm,Non Woven 90gsm,Milo Green,440mm,Same as bag colour,19000,25732,32012
Non Woven Bag,WS-A4,1C (Front),280mm x 330mm x 80mm,Non Woven 90gsm,Milo Green,440mm,Same as bag colour,20000,27086,33696
Non Woven Bag,WS-A4,1C (Front),280mm x 330mm x 80mm,Non Woven 90gsm,Dark Green,440mm,Same as bag colour,100,236,276
Non Woven Bag,WS-A4,1C (Front),280mm x 330mm x 80mm,Non Woven 90gsm,Dark Green,440mm,Same as bag colour,200,390,460
Non Woven Bag,WS-A4,1C (Front),280mm x 330mm x 80mm,Non Woven 90gsm,Dark Green,440mm,Same as bag colour,300,501,601
Non Woven Bag,WS-A4,1C (Front),280mm x 330mm x 80mm,Non Woven 90gsm,Dark Green,440mm,Same as bag colour,400,654,794
Non Woven Bag,WS-A4,1C (Front),280mm x 330mm x 80mm,Non Woven 90gsm,Dark Green,440mm,Same as bag colour,500,765,935
Non Woven Bag,WS-A4,1C (Front),280mm x 330mm x 80mm,Non Woven 90gsm,Dark Green,440mm,Same as bag colour,600,918,1118
Non Woven Bag,WS-A4,1C (Front),280mm x 330mm x 80mm,Non Woven 90gsm,Dark Green,440mm,Same as bag colour,700,1070,1310
Non Woven Bag,WS-A4,1C (Front),280mm x 330mm x 80mm,Non Woven 90gsm,Dark Green,440mm,Same as bag colour,800,1224,1494
Non Woven Bag,WS-A4,1C (Front),280mm x 330mm x 80mm,Non Woven 90gsm,Dark Green,440mm,Same as bag colour,900,1377,1677
Non Woven Bag,WS-A4,1C (Front),280mm x 330mm x 80mm,Non Woven 90gsm,Dark Green,440mm,Same as bag colour,1000,1354,1694
Non Woven Bag,WS-A4,1C (Front),280mm x 330mm x 80mm,Non Woven 90gsm,Dark Green,440mm,Same as bag colour,2000,2709,3379
Non Woven Bag,WS-A4,1C (Front),280mm x 330mm x 80mm,Non Woven 90gsm,Dark Green,440mm,Same as bag colour,3000,4062,5062
Non Woven Bag,WS-A4,1C (Front),280mm x 330mm x 80mm,Non Woven 90gsm,Dark Green,440mm,Same as bag colour,4000,5417,6747
Non Woven Bag,WS-A4,1C (Front),280mm x 330mm x 80mm,Non Woven 90gsm,Dark Green,440mm,Same as bag colour,5000,6772,8432
Non Woven Bag,WS-A4,1C (Front),280mm x 330mm x 80mm,Non Woven 90gsm,Dark Green,440mm,Same as bag colour,6000,8126,10116
Non Woven Bag,WS-A4,1C (Front),280mm x 330mm x 80mm,Non Woven 90gsm,Dark Green,440mm,Same as bag colour,7000,9480,11800
Non Woven Bag,WS-A4,1C (Front),280mm x 330mm x 80mm,Non Woven 90gsm,Dark Green,440mm,Same as bag colour,8000,10834,13484
Non Woven Bag,WS-A4,1C (Front),280mm x 330mm x 80mm,Non Woven 90gsm,Dark Green,440mm,Same as bag colour,9000,12188,15168
Non Woven Bag,WS-A4,1C (Front),280mm x 330mm x 80mm,Non Woven 90gsm,Dark Green,440mm,Same as bag colour,10000,13543,16853
Non Woven Bag,WS-A4,1C (Front),280mm x 330mm x 80mm,Non Woven 90gsm,Dark Green,440mm,Same as bag colour,11000,14898,18538
Non Woven Bag,WS-A4,1C (Front),280mm x 330mm x 80mm,Non Woven 90gsm,Dark Green,440mm,Same as bag colour,12000,16252,20222
Non Woven Bag,WS-A4,1C (Front),280mm x 330mm x 80mm,Non Woven 90gsm,Dark Green,440mm,Same as bag colour,13000,17606,21906
Non Woven Bag,WS-A4,1C (Front),280mm x 330mm x 80mm,Non Woven 90gsm,Dark Green,440mm,Same as bag colour,14000,18960,23590
Non Woven Bag,WS-A4,1C (Front),280mm x 330mm x 80mm,Non Woven 90gsm,Dark Green,440mm,Same as bag colour,15000,20314,25274
Non Woven Bag,WS-A4,1C (Front),280mm x 330mm x 80mm,Non Woven 90gsm,Dark Green,440mm,Same as bag colour,16000,21699,26989
Non Woven Bag,WS-A4,1C (Front),280mm x 330mm x 80mm,Non Woven 90gsm,Dark Green,440mm,Same as bag colour,17000,23024,28644
Non Woven Bag,WS-A4,1C (Front),280mm x 330mm x 80mm,Non Woven 90gsm,Dark Green,440mm,Same as bag colour,18000,24377,30327
Non Woven Bag,WS-A4,1C (Front),280mm x 330mm x 80mm,Non Woven 90gsm,Dark Green,440mm,Same as bag colour,19000,25732,32012
Non Woven Bag,WS-A4,1C (Front),280mm x 330mm x 80mm,Non Woven 90gsm,Dark Green,440mm,Same as bag colour,20000,27086,33696
Non Woven Bag,WS-A4,1C (Front),280mm x 330mm x 80mm,Non Woven 90gsm,Turquoise,440mm,Same as bag colour,100,236,276
Non Woven Bag,WS-A4,1C (Front),280mm x 330mm x 80mm,Non Woven 90gsm,Turquoise,440mm,Same as bag colour,200,390,460
Non Woven Bag,WS-A4,1C (Front),280mm x 330mm x 80mm,Non Woven 90gsm,Turquoise,440mm,Same as bag colour,300,501,601
Non Woven Bag,WS-A4,1C (Front),280mm x 330mm x 80mm,Non Woven 90gsm,Turquoise,440mm,Same as bag colour,400,654,794
Non Woven Bag,WS-A4,1C (Front),280mm x 330mm x 80mm,Non Woven 90gsm,Turquoise,440mm,Same as bag colour,500,765,935
Non Woven Bag,WS-A4,1C (Front),280mm x 330mm x 80mm,Non Woven 90gsm,Turquoise,440mm,Same as bag colour,600,918,1118
Non Woven Bag,WS-A4,1C (Front),280mm x 330mm x 80mm,Non Woven 90gsm,Turquoise,440mm,Same as bag colour,700,1070,1310
Non Woven Bag,WS-A4,1C (Front),280mm x 330mm x 80mm,Non Woven 90gsm,Turquoise,440mm,Same as bag colour,800,1224,1494
Non Woven Bag,WS-A4,1C (Front),280mm x 330mm x 80mm,Non Woven 90gsm,Turquoise,440mm,Same as bag colour,900,1377,1677
Non Woven Bag,WS-A4,1C (Front),280mm x 330mm x 80mm,Non Woven 90gsm,Turquoise,440mm,Same as bag colour,1000,1354,1694
Non Woven Bag,WS-A4,1C (Front),280mm x 330mm x 80mm,Non Woven 90gsm,Turquoise,440mm,Same as bag colour,2000,2709,3379
Non Woven Bag,WS-A4,1C (Front),280mm x 330mm x 80mm,Non Woven 90gsm,Turquoise,440mm,Same as bag colour,3000,4062,5062
Non Woven Bag,WS-A4,1C (Front),280mm x 330mm x 80mm,Non Woven 90gsm,Turquoise,440mm,Same as bag colour,4000,5417,6747
Non Woven Bag,WS-A4,1C (Front),280mm x 330mm x 80mm,Non Woven 90gsm,Turquoise,440mm,Same as bag colour,5000,6772,8432
Non Woven Bag,WS-A4,1C (Front),280mm x 330mm x 80mm,Non Woven 90gsm,Turquoise,440mm,Same as bag colour,6000,8126,10116
Non Woven Bag,WS-A4,1C (Front),280mm x 330mm x 80mm,Non Woven 90gsm,Turquoise,440mm,Same as bag colour,7000,9480,11800
Non Woven Bag,WS-A4,1C (Front),280mm x 330mm x 80mm,Non Woven 90gsm,Turquoise,440mm,Same as bag colour,8000,10834,13484
Non Woven Bag,WS-A4,1C (Front),280mm x 330mm x 80mm,Non Woven 90gsm,Turquoise,440mm,Same as bag colour,9000,12188,15168
Non Woven Bag,WS-A4,1C (Front),280mm x 330mm x 80mm,Non Woven 90gsm,Turquoise,440mm,Same as bag colour,10000,13543,16853
Non Woven Bag,WS-A4,1C (Front),280mm x 330mm x 80mm,Non Woven 90gsm,Turquoise,440mm,Same as bag colour,11000,14898,18538
Non Woven Bag,WS-A4,1C (Front),280mm x 330mm x 80mm,Non Woven 90gsm,Turquoise,440mm,Same as bag colour,12000,16252,20222
Non Woven Bag,WS-A4,1C (Front),280mm x 330mm x 80mm,Non Woven 90gsm,Turquoise,440mm,Same as bag colour,13000,17606,21906
Non Woven Bag,WS-A4,1C (Front),280mm x 330mm x 80mm,Non Woven 90gsm,Turquoise,440mm,Same as bag colour,14000,18960,23590
Non Woven Bag,WS-A4,1C (Front),280mm x 330mm x 80mm,Non Woven 90gsm,Turquoise,440mm,Same as bag colour,15000,20314,25274
Non Woven Bag,WS-A4,1C (Front),280mm x 330mm x 80mm,Non Woven 90gsm,Turquoise,440mm,Same as bag colour,16000,21699,26989
Non Woven Bag,WS-A4,1C (Front),280mm x 330mm x 80mm,Non Woven 90gsm,Turquoise,440mm,Same as bag colour,17000,23024,28644
Non Woven Bag,WS-A4,1C (Front),280mm x 330mm x 80mm,Non Woven 90gsm,Turquoise,440mm,Same as bag colour,18000,24377,30327
Non Woven Bag,WS-A4,1C (Front),280mm x 330mm x 80mm,Non Woven 90gsm,Turquoise,440mm,Same as bag colour,19000,25732,32012
Non Woven Bag,WS-A4,1C (Front),280mm x 330mm x 80mm,Non Woven 90gsm,Turquoise,440mm,Same as bag colour,20000,27086,33696
Non Woven Bag,WS-A4,1C (Front),280mm x 330mm x 80mm,Non Woven 90gsm,Cyan,440mm,Same as bag colour,100,236,276
Non Woven Bag,WS-A4,1C (Front),280mm x 330mm x 80mm,Non Woven 90gsm,Cyan,440mm,Same as bag colour,200,390,460
Non Woven Bag,WS-A4,1C (Front),280mm x 330mm x 80mm,Non Woven 90gsm,Cyan,440mm,Same as bag colour,300,501,601
Non Woven Bag,WS-A4,1C (Front),280mm x 330mm x 80mm,Non Woven 90gsm,Cyan,440mm,Same as bag colour,400,654,794
Non Woven Bag,WS-A4,1C (Front),280mm x 330mm x 80mm,Non Woven 90gsm,Cyan,440mm,Same as bag colour,500,765,935
Non Woven Bag,WS-A4,1C (Front),280mm x 330mm x 80mm,Non Woven 90gsm,Cyan,440mm,Same as bag colour,600,918,1118
Non Woven Bag,WS-A4,1C (Front),280mm x 330mm x 80mm,Non Woven 90gsm,Cyan,440mm,Same as bag colour,700,1070,1310
Non Woven Bag,WS-A4,1C (Front),280mm x 330mm x 80mm,Non Woven 90gsm,Cyan,440mm,Same as bag colour,800,1224,1494
Non Woven Bag,WS-A4,1C (Front),280mm x 330mm x 80mm,Non Woven 90gsm,Cyan,440mm,Same as bag colour,900,1377,1677
Non Woven Bag,WS-A4,1C (Front),280mm x 330mm x 80mm,Non Woven 90gsm,Cyan,440mm,Same as bag colour,1000,1354,1694
Non Woven Bag,WS-A4,1C (Front),280mm x 330mm x 80mm,Non Woven 90gsm,Cyan,440mm,Same as bag colour,2000,2709,3379
Non Woven Bag,WS-A4,1C (Front),280mm x 330mm x 80mm,Non Woven 90gsm,Cyan,440mm,Same as bag colour,3000,4062,5062
Non Woven Bag,WS-A4,1C (Front),280mm x 330mm x 80mm,Non Woven 90gsm,Cyan,440mm,Same as bag colour,4000,5417,6747
Non Woven Bag,WS-A4,1C (Front),280mm x 330mm x 80mm,Non Woven 90gsm,Cyan,440mm,Same as bag colour,5000,6772,8432
Non Woven Bag,WS-A4,1C (Front),280mm x 330mm x 80mm,Non Woven 90gsm,Cyan,440mm,Same as bag colour,6000,8126,10116
Non Woven Bag,WS-A4,1C (Front),280mm x 330mm x 80mm,Non Woven 90gsm,Cyan,440mm,Same as bag colour,7000,9480,11800
Non Woven Bag,WS-A4,1C (Front),280mm x 330mm x 80mm,Non Woven 90gsm,Cyan,440mm,Same as bag colour,8000,10834,13484
Non Woven Bag,WS-A4,1C (Front),280mm x 330mm x 80mm,Non Woven 90gsm,Cyan,440mm,Same as bag colour,9000,12188,15168
Non Woven Bag,WS-A4,1C (Front),280mm x 330mm x 80mm,Non Woven 90gsm,Cyan,440mm,Same as bag colour,10000,13543,16853
Non Woven Bag,WS-A4,1C (Front),280mm x 330mm x 80mm,Non Woven 90gsm,Cyan,440mm,Same as bag colour,11000,14898,18538
Non Woven Bag,WS-A4,1C (Front),280mm x 330mm x 80mm,Non Woven 90gsm,Cyan,440mm,Same as bag colour,12000,16252,20222
Non Woven Bag,WS-A4,1C (Front),280mm x 330mm x 80mm,Non Woven 90gsm,Cyan,440mm,Same as bag colour,13000,17606,21906
Non Woven Bag,WS-A4,1C (Front),280mm x 330mm x 80mm,Non Woven 90gsm,Cyan,440mm,Same as bag colour,14000,18960,23590
Non Woven Bag,WS-A4,1C (Front),280mm x 330mm x 80mm,Non Woven 90gsm,Cyan,440mm,Same as bag colour,15000,20314,25274
Non Woven Bag,WS-A4,1C (Front),280mm x 330mm x 80mm,Non Woven 90gsm,Cyan,440mm,Same as bag colour,16000,21699,26989
Non Woven Bag,WS-A4,1C (Front),280mm x 330mm x 80mm,Non Woven 90gsm,Cyan,440mm,Same as bag colour,17000,23024,28644
Non Woven Bag,WS-A4,1C (Front),280mm x 330mm x 80mm,Non Woven 90gsm,Cyan,440mm,Same as bag colour,18000,24377,30327
Non Woven Bag,WS-A4,1C (Front),280mm x 330mm x 80mm,Non Woven 90gsm,Cyan,440mm,Same as bag colour,19000,25732,32012
Non Woven Bag,WS-A4,1C (Front),280mm x 330mm x 80mm,Non Woven 90gsm,Cyan,440mm,Same as bag colour,20000,27086,33696
Non Woven Bag,WS-A4,1C (Front),280mm x 330mm x 80mm,Non Woven 90gsm,Royal Blue,440mm,Same as bag colour,100,236,276
Non Woven Bag,WS-A4,1C (Front),280mm x 330mm x 80mm,Non Woven 90gsm,Royal Blue,440mm,Same as bag colour,200,390,460
Non Woven Bag,WS-A4,1C (Front),280mm x 330mm x 80mm,Non Woven 90gsm,Royal Blue,440mm,Same as bag colour,300,501,601
Non Woven Bag,WS-A4,1C (Front),280mm x 330mm x 80mm,Non Woven 90gsm,Royal Blue,440mm,Same as bag colour,400,654,794
Non Woven Bag,WS-A4,1C (Front),280mm x 330mm x 80mm,Non Woven 90gsm,Royal Blue,440mm,Same as bag colour,500,765,935
Non Woven Bag,WS-A4,1C (Front),280mm x 330mm x 80mm,Non Woven 90gsm,Royal Blue,440mm,Same as bag colour,600,918,1118
Non Woven Bag,WS-A4,1C (Front),280mm x 330mm x 80mm,Non Woven 90gsm,Royal Blue,440mm,Same as bag colour,700,1070,1310
Non Woven Bag,WS-A4,1C (Front),280mm x 330mm x 80mm,Non Woven 90gsm,Royal Blue,440mm,Same as bag colour,800,1224,1494
Non Woven Bag,WS-A4,1C (Front),280mm x 330mm x 80mm,Non Woven 90gsm,Royal Blue,440mm,Same as bag colour,900,1377,1677
Non Woven Bag,WS-A4,1C (Front),280mm x 330mm x 80mm,Non Woven 90gsm,Royal Blue,440mm,Same as bag colour,1000,1354,1694
Non Woven Bag,WS-A4,1C (Front),280mm x 330mm x 80mm,Non Woven 90gsm,Royal Blue,440mm,Same as bag colour,2000,2709,3379
Non Woven Bag,WS-A4,1C (Front),280mm x 330mm x 80mm,Non Woven 90gsm,Royal Blue,440mm,Same as bag colour,3000,4062,5062
Non Woven Bag,WS-A4,1C (Front),280mm x 330mm x 80mm,Non Woven 90gsm,Royal Blue,440mm,Same as bag colour,4000,5417,6747
Non Woven Bag,WS-A4,1C (Front),280mm x 330mm x 80mm,Non Woven 90gsm,Royal Blue,440mm,Same as bag colour,5000,6772,8432
Non Woven Bag,WS-A4,1C (Front),280mm x 330mm x 80mm,Non Woven 90gsm,Royal Blue,440mm,Same as bag colour,6000,8126,10116
Non Woven Bag,WS-A4,1C (Front),280mm x 330mm x 80mm,Non Woven 90gsm,Royal Blue,440mm,Same as bag colour,7000,9480,11800
Non Woven Bag,WS-A4,1C (Front),280mm x 330mm x 80mm,Non Woven 90gsm,Royal Blue,440mm,Same as bag colour,8000,10834,13484
Non Woven Bag,WS-A4,1C (Front),280mm x 330mm x 80mm,Non Woven 90gsm,Royal Blue,440mm,Same as bag colour,9000,12188,15168
Non Woven Bag,WS-A4,1C (Front),280mm x 330mm x 80mm,Non Woven 90gsm,Royal Blue,440mm,Same as bag colour,10000,13543,16853
Non Woven Bag,WS-A4,1C (Front),280mm x 330mm x 80mm,Non Woven 90gsm,Royal Blue,440mm,Same as bag colour,11000,14898,18538
Non Woven Bag,WS-A4,1C (Front),280mm x 330mm x 80mm,Non Woven 90gsm,Royal Blue,440mm,Same as bag colour,12000,16252,20222
Non Woven Bag,WS-A4,1C (Front),280mm x 330mm x 80mm,Non Woven 90gsm,Royal Blue,440mm,Same as bag colour,13000,17606,21906
Non Woven Bag,WS-A4,1C (Front),280mm x 330mm x 80mm,Non Woven 90gsm,Royal Blue,440mm,Same as bag colour,14000,18960,23590
Non Woven Bag,WS-A4,1C (Front),280mm x 330mm x 80mm,Non Woven 90gsm,Royal Blue,440mm,Same as bag colour,15000,20314,25274
Non Woven Bag,WS-A4,1C (Front),280mm x 330mm x 80mm,Non Woven 90gsm,Royal Blue,440mm,Same as bag colour,16000,21699,26989
Non Woven Bag,WS-A4,1C (Front),280mm x 330mm x 80mm,Non Woven 90gsm,Royal Blue,440mm,Same as bag colour,17000,23024,28644
Non Woven Bag,WS-A4,1C (Front),280mm x 330mm x 80mm,Non Woven 90gsm,Royal Blue,440mm,Same as bag colour,18000,24377,30327
Non Woven Bag,WS-A4,1C (Front),280mm x 330mm x 80mm,Non Woven 90gsm,Royal Blue,440mm,Same as bag colour,19000,25732,32012
Non Woven Bag,WS-A4,1C (Front),280mm x 330mm x 80mm,Non Woven 90gsm,Royal Blue,440mm,Same as bag colour,20000,27086,33696
Non Woven Bag,WS-A4,1C (Front),280mm x 330mm x 80mm,Non Woven 90gsm,Navy Blue,440mm,Same as bag colour,100,236,276
Non Woven Bag,WS-A4,1C (Front),280mm x 330mm x 80mm,Non Woven 90gsm,Navy Blue,440mm,Same as bag colour,200,390,460
Non Woven Bag,WS-A4,1C (Front),280mm x 330mm x 80mm,Non Woven 90gsm,Navy Blue,440mm,Same as bag colour,300,501,601
Non Woven Bag,WS-A4,1C (Front),280mm x 330mm x 80mm,Non Woven 90gsm,Navy Blue,440mm,Same as bag colour,400,654,794
Non Woven Bag,WS-A4,1C (Front),280mm x 330mm x 80mm,Non Woven 90gsm,Navy Blue,440mm,Same as bag colour,500,765,935
Non Woven Bag,WS-A4,1C (Front),280mm x 330mm x 80mm,Non Woven 90gsm,Navy Blue,440mm,Same as bag colour,600,918,1118
Non Woven Bag,WS-A4,1C (Front),280mm x 330mm x 80mm,Non Woven 90gsm,Navy Blue,440mm,Same as bag colour,700,1070,1310
Non Woven Bag,WS-A4,1C (Front),280mm x 330mm x 80mm,Non Woven 90gsm,Navy Blue,440mm,Same as bag colour,800,1224,1494
Non Woven Bag,WS-A4,1C (Front),280mm x 330mm x 80mm,Non Woven 90gsm,Navy Blue,440mm,Same as bag colour,900,1377,1677
Non Woven Bag,WS-A4,1C (Front),280mm x 330mm x 80mm,Non Woven 90gsm,Navy Blue,440mm,Same as bag colour,1000,1354,1694
Non Woven Bag,WS-A4,1C (Front),280mm x 330mm x 80mm,Non Woven 90gsm,Navy Blue,440mm,Same as bag colour,2000,2709,3379
Non Woven Bag,WS-A4,1C (Front),280mm x 330mm x 80mm,Non Woven 90gsm,Navy Blue,440mm,Same as bag colour,3000,4062,5062
Non Woven Bag,WS-A4,1C (Front),280mm x 330mm x 80mm,Non Woven 90gsm,Navy Blue,440mm,Same as bag colour,4000,5417,6747
Non Woven Bag,WS-A4,1C (Front),280mm x 330mm x 80mm,Non Woven 90gsm,Navy Blue,440mm,Same as bag colour,5000,6772,8432
Non Woven Bag,WS-A4,1C (Front),280mm x 330mm x 80mm,Non Woven 90gsm,Navy Blue,440mm,Same as bag colour,6000,8126,10116
Non Woven Bag,WS-A4,1C (Front),280mm x 330mm x 80mm,Non Woven 90gsm,Navy Blue,440mm,Same as bag colour,7000,9480,11800
Non Woven Bag,WS-A4,1C (Front),280mm x 330mm x 80mm,Non Woven 90gsm,Navy Blue,440mm,Same as bag colour,8000,10834,13484
Non Woven Bag,WS-A4,1C (Front),280mm x 330mm x 80mm,Non Woven 90gsm,Navy Blue,440mm,Same as bag colour,9000,12188,15168
Non Woven Bag,WS-A4,1C (Front),280mm x 330mm x 80mm,Non Woven 90gsm,Navy Blue,440mm,Same as bag colour,10000,13543,16853
Non Woven Bag,WS-A4,1C (Front),280mm x 330mm x 80mm,Non Woven 90gsm,Navy Blue,440mm,Same as bag colour,11000,14898,18538
Non Woven Bag,WS-A4,1C (Front),280mm x 330mm x 80mm,Non Woven 90gsm,Navy Blue,440mm,Same as bag colour,12000,16252,20222
Non Woven Bag,WS-A4,1C (Front),280mm x 330mm x 80mm,Non Woven 90gsm,Navy Blue,440mm,Same as bag colour,13000,17606,21906
Non Woven Bag,WS-A4,1C (Front),280mm x 330mm x 80mm,Non Woven 90gsm,Navy Blue,440mm,Same as bag colour,14000,18960,23590
Non Woven Bag,WS-A4,1C (Front),280mm x 330mm x 80mm,Non Woven 90gsm,Navy Blue,440mm,Same as bag colour,15000,20314,25274
Non Woven Bag,WS-A4,1C (Front),280mm x 330mm x 80mm,Non Woven 90gsm,Navy Blue,440mm,Same as bag colour,16000,21699,26989
Non Woven Bag,WS-A4,1C (Front),280mm x 330mm x 80mm,Non Woven 90gsm,Navy Blue,440mm,Same as bag colour,17000,23024,28644
Non Woven Bag,WS-A4,1C (Front),280mm x 330mm x 80mm,Non Woven 90gsm,Navy Blue,440mm,Same as bag colour,18000,24377,30327
Non Woven Bag,WS-A4,1C (Front),280mm x 330mm x 80mm,Non Woven 90gsm,Navy Blue,440mm,Same as bag colour,19000,25732,32012
Non Woven Bag,WS-A4,1C (Front),280mm x 330mm x 80mm,Non Woven 90gsm,Navy Blue,440mm,Same as bag colour,20000,27086,33696
Non Woven Bag,WS-A4,1C (Front),280mm x 330mm x 80mm,Non Woven 90gsm,Dark Purple,440mm,Same as bag colour,100,236,276
Non Woven Bag,WS-A4,1C (Front),280mm x 330mm x 80mm,Non Woven 90gsm,Dark Purple,440mm,Same as bag colour,200,390,460
Non Woven Bag,WS-A4,1C (Front),280mm x 330mm x 80mm,Non Woven 90gsm,Dark Purple,440mm,Same as bag colour,300,501,601
Non Woven Bag,WS-A4,1C (Front),280mm x 330mm x 80mm,Non Woven 90gsm,Dark Purple,440mm,Same as bag colour,400,654,794
Non Woven Bag,WS-A4,1C (Front),280mm x 330mm x 80mm,Non Woven 90gsm,Dark Purple,440mm,Same as bag colour,500,765,935
Non Woven Bag,WS-A4,1C (Front),280mm x 330mm x 80mm,Non Woven 90gsm,Dark Purple,440mm,Same as bag colour,600,918,1118
Non Woven Bag,WS-A4,1C (Front),280mm x 330mm x 80mm,Non Woven 90gsm,Dark Purple,440mm,Same as bag colour,700,1070,1310
Non Woven Bag,WS-A4,1C (Front),280mm x 330mm x 80mm,Non Woven 90gsm,Dark Purple,440mm,Same as bag colour,800,1224,1494
Non Woven Bag,WS-A4,1C (Front),280mm x 330mm x 80mm,Non Woven 90gsm,Dark Purple,440mm,Same as bag colour,900,1377,1677
Non Woven Bag,WS-A4,1C (Front),280mm x 330mm x 80mm,Non Woven 90gsm,Dark Purple,440mm,Same as bag colour,1000,1354,1694
Non Woven Bag,WS-A4,1C (Front),280mm x 330mm x 80mm,Non Woven 90gsm,Dark Purple,440mm,Same as bag colour,2000,2709,3379
Non Woven Bag,WS-A4,1C (Front),280mm x 330mm x 80mm,Non Woven 90gsm,Dark Purple,440mm,Same as bag colour,3000,4062,5062
Non Woven Bag,WS-A4,1C (Front),280mm x 330mm x 80mm,Non Woven 90gsm,Dark Purple,440mm,Same as bag colour,4000,5417,6747
Non Woven Bag,WS-A4,1C (Front),280mm x 330mm x 80mm,Non Woven 90gsm,Dark Purple,440mm,Same as bag colour,5000,6772,8432
Non Woven Bag,WS-A4,1C (Front),280mm x 330mm x 80mm,Non Woven 90gsm,Dark Purple,440mm,Same as bag colour,6000,8126,10116
Non Woven Bag,WS-A4,1C (Front),280mm x 330mm x 80mm,Non Woven 90gsm,Dark Purple,440mm,Same as bag colour,7000,9480,11800
Non Woven Bag,WS-A4,1C (Front),280mm x 330mm x 80mm,Non Woven 90gsm,Dark Purple,440mm,Same as bag colour,8000,10834,13484
Non Woven Bag,WS-A4,1C (Front),280mm x 330mm x 80mm,Non Woven 90gsm,Dark Purple,440mm,Same as bag colour,9000,12188,15168
Non Woven Bag,WS-A4,1C (Front),280mm x 330mm x 80mm,Non Woven 90gsm,Dark Purple,440mm,Same as bag colour,10000,13543,16853
Non Woven Bag,WS-A4,1C (Front),280mm x 330mm x 80mm,Non Woven 90gsm,Dark Purple,440mm,Same as bag colour,11000,14898,18538
Non Woven Bag,WS-A4,1C (Front),280mm x 330mm x 80mm,Non Woven 90gsm,Dark Purple,440mm,Same as bag colour,12000,16252,20222
Non Woven Bag,WS-A4,1C (Front),280mm x 330mm x 80mm,Non Woven 90gsm,Dark Purple,440mm,Same as bag colour,13000,17606,21906
Non Woven Bag,WS-A4,1C (Front),280mm x 330mm x 80mm,Non Woven 90gsm,Dark Purple,440mm,Same as bag colour,14000,18960,23590
Non Woven Bag,WS-A4,1C (Front),280mm x 330mm x 80mm,Non Woven 90gsm,Dark Purple,440mm,Same as bag colour,15000,20314,25274
Non Woven Bag,WS-A4,1C (Front),280mm x 330mm x 80mm,Non Woven 90gsm,Dark Purple,440mm,Same as bag colour,16000,21699,26989
Non Woven Bag,WS-A4,1C (Front),280mm x 330mm x 80mm,Non Woven 90gsm,Dark Purple,440mm,Same as bag colour,17000,23024,28644
Non Woven Bag,WS-A4,1C (Front),280mm x 330mm x 80mm,Non Woven 90gsm,Dark Purple,440mm,Same as bag colour,18000,24377,30327
Non Woven Bag,WS-A4,1C (Front),280mm x 330mm x 80mm,Non Woven 90gsm,Dark Purple,440mm,Same as bag colour,19000,25732,32012
Non Woven Bag,WS-A4,1C (Front),280mm x 330mm x 80mm,Non Woven 90gsm,Dark Purple,440mm,Same as bag colour,20000,27086,33696
Non Woven Bag,WS-A4,1C (Front),280mm x 330mm x 80mm,Non Woven 90gsm,Light Brown,440mm,Same as bag colour,100,236,276
Non Woven Bag,WS-A4,1C (Front),280mm x 330mm x 80mm,Non Woven 90gsm,Light Brown,440mm,Same as bag colour,200,390,460
Non Woven Bag,WS-A4,1C (Front),280mm x 330mm x 80mm,Non Woven 90gsm,Light Brown,440mm,Same as bag colour,300,501,601
Non Woven Bag,WS-A4,1C (Front),280mm x 330mm x 80mm,Non Woven 90gsm,Light Brown,440mm,Same as bag colour,400,654,794
Non Woven Bag,WS-A4,1C (Front),280mm x 330mm x 80mm,Non Woven 90gsm,Light Brown,440mm,Same as bag colour,500,765,935
Non Woven Bag,WS-A4,1C (Front),280mm x 330mm x 80mm,Non Woven 90gsm,Light Brown,440mm,Same as bag colour,600,918,1118
Non Woven Bag,WS-A4,1C (Front),280mm x 330mm x 80mm,Non Woven 90gsm,Light Brown,440mm,Same as bag colour,700,1070,1310
Non Woven Bag,WS-A4,1C (Front),280mm x 330mm x 80mm,Non Woven 90gsm,Light Brown,440mm,Same as bag colour,800,1224,1494
Non Woven Bag,WS-A4,1C (Front),280mm x 330mm x 80mm,Non Woven 90gsm,Light Brown,440mm,Same as bag colour,900,1377,1677
Non Woven Bag,WS-A4,1C (Front),280mm x 330mm x 80mm,Non Woven 90gsm,Light Brown,440mm,Same as bag colour,1000,1354,1694
Non Woven Bag,WS-A4,1C (Front),280mm x 330mm x 80mm,Non Woven 90gsm,Light Brown,440mm,Same as bag colour,2000,2709,3379
Non Woven Bag,WS-A4,1C (Front),280mm x 330mm x 80mm,Non Woven 90gsm,Light Brown,440mm,Same as bag colour,3000,4062,5062
Non Woven Bag,WS-A4,1C (Front),280mm x 330mm x 80mm,Non Woven 90gsm,Light Brown,440mm,Same as bag colour,4000,5417,6747
Non Woven Bag,WS-A4,1C (Front),280mm x 330mm x 80mm,Non Woven 90gsm,Light Brown,440mm,Same as bag colour,5000,6772,8432
Non Woven Bag,WS-A4,1C (Front),280mm x 330mm x 80mm,Non Woven 90gsm,Light Brown,440mm,Same as bag colour,6000,8126,10116
Non Woven Bag,WS-A4,1C (Front),280mm x 330mm x 80mm,Non Woven 90gsm,Light Brown,440mm,Same as bag colour,7000,9480,11800
Non Woven Bag,WS-A4,1C (Front),280mm x 330mm x 80mm,Non Woven 90gsm,Light Brown,440mm,Same as bag colour,8000,10834,13484
Non Woven Bag,WS-A4,1C (Front),280mm x 330mm x 80mm,Non Woven 90gsm,Light Brown,440mm,Same as bag colour,9000,12188,15168
Non Woven Bag,WS-A4,1C (Front),280mm x 330mm x 80mm,Non Woven 90gsm,Light Brown,440mm,Same as bag colour,10000,13543,16853
Non Woven Bag,WS-A4,1C (Front),280mm x 330mm x 80mm,Non Woven 90gsm,Light Brown,440mm,Same as bag colour,11000,14898,18538
Non Woven Bag,WS-A4,1C (Front),280mm x 330mm x 80mm,Non Woven 90gsm,Light Brown,440mm,Same as bag colour,12000,16252,20222
Non Woven Bag,WS-A4,1C (Front),280mm x 330mm x 80mm,Non Woven 90gsm,Light Brown,440mm,Same as bag colour,13000,17606,21906
Non Woven Bag,WS-A4,1C (Front),280mm x 330mm x 80mm,Non Woven 90gsm,Light Brown,440mm,Same as bag colour,14000,18960,23590
Non Woven Bag,WS-A4,1C (Front),280mm x 330mm x 80mm,Non Woven 90gsm,Light Brown,440mm,Same as bag colour,15000,20314,25274
Non Woven Bag,WS-A4,1C (Front),280mm x 330mm x 80mm,Non Woven 90gsm,Light Brown,440mm,Same as bag colour,16000,21699,26989
Non Woven Bag,WS-A4,1C (Front),280mm x 330mm x 80mm,Non Woven 90gsm,Light Brown,440mm,Same as bag colour,17000,23024,28644
Non Woven Bag,WS-A4,1C (Front),280mm x 330mm x 80mm,Non Woven 90gsm,Light Brown,440mm,Same as bag colour,18000,24377,30327
Non Woven Bag,WS-A4,1C (Front),280mm x 330mm x 80mm,Non Woven 90gsm,Light Brown,440mm,Same as bag colour,19000,25732,32012
Non Woven Bag,WS-A4,1C (Front),280mm x 330mm x 80mm,Non Woven 90gsm,Light Brown,440mm,Same as bag colour,20000,27086,33696
Non Woven Bag,WS-A4,1C (Front),280mm x 330mm x 80mm,Non Woven 90gsm,Dark Brown,440mm,Same as bag colour,100,236,276
Non Woven Bag,WS-A4,1C (Front),280mm x 330mm x 80mm,Non Woven 90gsm,Dark Brown,440mm,Same as bag colour,200,390,460
Non Woven Bag,WS-A4,1C (Front),280mm x 330mm x 80mm,Non Woven 90gsm,Dark Brown,440mm,Same as bag colour,300,501,601
Non Woven Bag,WS-A4,1C (Front),280mm x 330mm x 80mm,Non Woven 90gsm,Dark Brown,440mm,Same as bag colour,400,654,794
Non Woven Bag,WS-A4,1C (Front),280mm x 330mm x 80mm,Non Woven 90gsm,Dark Brown,440mm,Same as bag colour,500,765,935
Non Woven Bag,WS-A4,1C (Front),280mm x 330mm x 80mm,Non Woven 90gsm,Dark Brown,440mm,Same as bag colour,600,918,1118
Non Woven Bag,WS-A4,1C (Front),280mm x 330mm x 80mm,Non Woven 90gsm,Dark Brown,440mm,Same as bag colour,700,1070,1310
Non Woven Bag,WS-A4,1C (Front),280mm x 330mm x 80mm,Non Woven 90gsm,Dark Brown,440mm,Same as bag colour,800,1224,1494
Non Woven Bag,WS-A4,1C (Front),280mm x 330mm x 80mm,Non Woven 90gsm,Dark Brown,440mm,Same as bag colour,900,1377,1677
Non Woven Bag,WS-A4,1C (Front),280mm x 330mm x 80mm,Non Woven 90gsm,Dark Brown,440mm,Same as bag colour,1000,1354,1694
Non Woven Bag,WS-A4,1C (Front),280mm x 330mm x 80mm,Non Woven 90gsm,Dark Brown,440mm,Same as bag colour,2000,2709,3379
Non Woven Bag,WS-A4,1C (Front),280mm x 330mm x 80mm,Non Woven 90gsm,Dark Brown,440mm,Same as bag colour,3000,4062,5062
Non Woven Bag,WS-A4,1C (Front),280mm x 330mm x 80mm,Non Woven 90gsm,Dark Brown,440mm,Same as bag colour,4000,5417,6747
Non Woven Bag,WS-A4,1C (Front),280mm x 330mm x 80mm,Non Woven 90gsm,Dark Brown,440mm,Same as bag colour,5000,6772,8432
Non Woven Bag,WS-A4,1C (Front),280mm x 330mm x 80mm,Non Woven 90gsm,Dark Brown,440mm,Same as bag colour,6000,8126,10116
Non Woven Bag,WS-A4,1C (Front),280mm x 330mm x 80mm,Non Woven 90gsm,Dark Brown,440mm,Same as bag colour,7000,9480,11800
Non Woven Bag,WS-A4,1C (Front),280mm x 330mm x 80mm,Non Woven 90gsm,Dark Brown,440mm,Same as bag colour,8000,10834,13484
Non Woven Bag,WS-A4,1C (Front),280mm x 330mm x 80mm,Non Woven 90gsm,Dark Brown,440mm,Same as bag colour,9000,12188,15168
Non Woven Bag,WS-A4,1C (Front),280mm x 330mm x 80mm,Non Woven 90gsm,Dark Brown,440mm,Same as bag colour,10000,13543,16853
Non Woven Bag,WS-A4,1C (Front),280mm x 330mm x 80mm,Non Woven 90gsm,Dark Brown,440mm,Same as bag colour,11000,14898,18538
Non Woven Bag,WS-A4,1C (Front),280mm x 330mm x 80mm,Non Woven 90gsm,Dark Brown,440mm,Same as bag colour,12000,16252,20222
Non Woven Bag,WS-A4,1C (Front),280mm x 330mm x 80mm,Non Woven 90gsm,Dark Brown,440mm,Same as bag colour,13000,17606,21906
Non Woven Bag,WS-A4,1C (Front),280mm x 330mm x 80mm,Non Woven 90gsm,Dark Brown,440mm,Same as bag colour,14000,18960,23590
Non Woven Bag,WS-A4,1C (Front),280mm x 330mm x 80mm,Non Woven 90gsm,Dark Brown,440mm,Same as bag colour,15000,20314,25274
Non Woven Bag,WS-A4,1C (Front),280mm x 330mm x 80mm,Non Woven 90gsm,Dark Brown,440mm,Same as bag colour,16000,21699,26989
Non Woven Bag,WS-A4,1C (Front),280mm x 330mm x 80mm,Non Woven 90gsm,Dark Brown,440mm,Same as bag colour,17000,23024,28644
Non Woven Bag,WS-A4,1C (Front),280mm x 330mm x 80mm,Non Woven 90gsm,Dark Brown,440mm,Same as bag colour,18000,24377,30327
Non Woven Bag,WS-A4,1C (Front),280mm x 330mm x 80mm,Non Woven 90gsm,Dark Brown,440mm,Same as bag colour,19000,25732,32012
Non Woven Bag,WS-A4,1C (Front),280mm x 330mm x 80mm,Non Woven 90gsm,Dark Brown,440mm,Same as bag colour,20000,27086,33696
Non Woven Bag,WS-A4,1C (Front),280mm x 330mm x 80mm,Non Woven 90gsm,Grey,440mm,Same as bag colour,100,236,276
Non Woven Bag,WS-A4,1C (Front),280mm x 330mm x 80mm,Non Woven 90gsm,Grey,440mm,Same as bag colour,200,390,460
Non Woven Bag,WS-A4,1C (Front),280mm x 330mm x 80mm,Non Woven 90gsm,Grey,440mm,Same as bag colour,300,501,601
Non Woven Bag,WS-A4,1C (Front),280mm x 330mm x 80mm,Non Woven 90gsm,Grey,440mm,Same as bag colour,400,654,794
Non Woven Bag,WS-A4,1C (Front),280mm x 330mm x 80mm,Non Woven 90gsm,Grey,440mm,Same as bag colour,500,765,935
Non Woven Bag,WS-A4,1C (Front),280mm x 330mm x 80mm,Non Woven 90gsm,Grey,440mm,Same as bag colour,600,918,1118
Non Woven Bag,WS-A4,1C (Front),280mm x 330mm x 80mm,Non Woven 90gsm,Grey,440mm,Same as bag colour,700,1070,1310
Non Woven Bag,WS-A4,1C (Front),280mm x 330mm x 80mm,Non Woven 90gsm,Grey,440mm,Same as bag colour,800,1224,1494
Non Woven Bag,WS-A4,1C (Front),280mm x 330mm x 80mm,Non Woven 90gsm,Grey,440mm,Same as bag colour,900,1377,1677
Non Woven Bag,WS-A4,1C (Front),280mm x 330mm x 80mm,Non Woven 90gsm,Grey,440mm,Same as bag colour,1000,1354,1694
Non Woven Bag,WS-A4,1C (Front),280mm x 330mm x 80mm,Non Woven 90gsm,Grey,440mm,Same as bag colour,2000,2709,3379
Non Woven Bag,WS-A4,1C (Front),280mm x 330mm x 80mm,Non Woven 90gsm,Grey,440mm,Same as bag colour,3000,4062,5062
Non Woven Bag,WS-A4,1C (Front),280mm x 330mm x 80mm,Non Woven 90gsm,Grey,440mm,Same as bag colour,4000,5417,6747
Non Woven Bag,WS-A4,1C (Front),280mm x 330mm x 80mm,Non Woven 90gsm,Grey,440mm,Same as bag colour,5000,6772,8432
Non Woven Bag,WS-A4,1C (Front),280mm x 330mm x 80mm,Non Woven 90gsm,Grey,440mm,Same as bag colour,6000,8126,10116
Non Woven Bag,WS-A4,1C (Front),280mm x 330mm x 80mm,Non Woven 90gsm,Grey,440mm,Same as bag colour,7000,9480,11800
Non Woven Bag,WS-A4,1C (Front),280mm x 330mm x 80mm,Non Woven 90gsm,Grey,440mm,Same as bag colour,8000,10834,13484
Non Woven Bag,WS-A4,1C (Front),280mm x 330mm x 80mm,Non Woven 90gsm,Grey,440mm,Same as bag colour,9000,12188,15168
Non Woven Bag,WS-A4,1C (Front),280mm x 330mm x 80mm,Non Woven 90gsm,Grey,440mm,Same as bag colour,10000,13543,16853
Non Woven Bag,WS-A4,1C (Front),280mm x 330mm x 80mm,Non Woven 90gsm,Grey,440mm,Same as bag colour,11000,14898,18538
Non Woven Bag,WS-A4,1C (Front),280mm x 330mm x 80mm,Non Woven 90gsm,Grey,440mm,Same as bag colour,12000,16252,20222
Non Woven Bag,WS-A4,1C (Front),280mm x 330mm x 80mm,Non Woven 90gsm,Grey,440mm,Same as bag colour,13000,17606,21906
Non Woven Bag,WS-A4,1C (Front),280mm x 330mm x 80mm,Non Woven 90gsm,Grey,440mm,Same as bag colour,14000,18960,23590
Non Woven Bag,WS-A4,1C (Front),280mm x 330mm x 80mm,Non Woven 90gsm,Grey,440mm,Same as bag colour,15000,20314,25274
Non Woven Bag,WS-A4,1C (Front),280mm x 330mm x 80mm,Non Woven 90gsm,Grey,440mm,Same as bag colour,16000,21699,26989
Non Woven Bag,WS-A4,1C (Front),280mm x 330mm x 80mm,Non Woven 90gsm,Grey,440mm,Same as bag colour,17000,23024,28644
Non Woven Bag,WS-A4,1C (Front),280mm x 330mm x 80mm,Non Woven 90gsm,Grey,440mm,Same as bag colour,18000,24377,30327
Non Woven Bag,WS-A4,1C (Front),280mm x 330mm x 80mm,Non Woven 90gsm,Grey,440mm,Same as bag colour,19000,25732,32012
Non Woven Bag,WS-A4,1C (Front),280mm x 330mm x 80mm,Non Woven 90gsm,Grey,440mm,Same as bag colour,20000,27086,33696
Non Woven Bag,WS-A4,1C (Both),280mm x 330mm x 80mm,Non Woven 90gsm,Black,440mm,Same as bag colour,100,342,382
Non Woven Bag,WS-A4,1C (Both),280mm x 330mm x 80mm,Non Woven 90gsm,Black,440mm,Same as bag colour,200,464,534
Non Woven Bag,WS-A4,1C (Both),280mm x 330mm x 80mm,Non Woven 90gsm,Black,440mm,Same as bag colour,300,615,715
Non Woven Bag,WS-A4,1C (Both),280mm x 330mm x 80mm,Non Woven 90gsm,Black,440mm,Same as bag colour,400,806,946
Non Woven Bag,WS-A4,1C (Both),280mm x 330mm x 80mm,Non Woven 90gsm,Black,440mm,Same as bag colour,500,956,1126
Non Woven Bag,WS-A4,1C (Both),280mm x 330mm x 80mm,Non Woven 90gsm,Black,440mm,Same as bag colour,600,1148,1348
Non Woven Bag,WS-A4,1C (Both),280mm x 330mm x 80mm,Non Woven 90gsm,Black,440mm,Same as bag colour,700,1339,1579
Non Woven Bag,WS-A4,1C (Both),280mm x 330mm x 80mm,Non Woven 90gsm,Black,440mm,Same as bag colour,800,1531,1801
Non Woven Bag,WS-A4,1C (Both),280mm x 330mm x 80mm,Non Woven 90gsm,Black,440mm,Same as bag colour,900,1722,2022
Non Woven Bag,WS-A4,1C (Both),280mm x 330mm x 80mm,Non Woven 90gsm,Black,440mm,Same as bag colour,1000,1776,2116
Non Woven Bag,WS-A4,1C (Both),280mm x 330mm x 80mm,Non Woven 90gsm,Black,440mm,Same as bag colour,2000,3552,4222
Non Woven Bag,WS-A4,1C (Both),280mm x 330mm x 80mm,Non Woven 90gsm,Black,440mm,Same as bag colour,3000,5328,6328
Non Woven Bag,WS-A4,1C (Both),280mm x 330mm x 80mm,Non Woven 90gsm,Black,440mm,Same as bag colour,4000,7105,8435
Non Woven Bag,WS-A4,1C (Both),280mm x 330mm x 80mm,Non Woven 90gsm,Black,440mm,Same as bag colour,5000,8830,10490
Non Woven Bag,WS-A4,1C (Both),280mm x 330mm x 80mm,Non Woven 90gsm,Black,440mm,Same as bag colour,6000,10656,12646
Non Woven Bag,WS-A4,1C (Both),280mm x 330mm x 80mm,Non Woven 90gsm,Black,440mm,Same as bag colour,7000,12432,14752
Non Woven Bag,WS-A4,1C (Both),280mm x 330mm x 80mm,Non Woven 90gsm,Black,440mm,Same as bag colour,8000,14208,16858
Non Woven Bag,WS-A4,1C (Both),280mm x 330mm x 80mm,Non Woven 90gsm,Black,440mm,Same as bag colour,9000,15985,18965
Non Woven Bag,WS-A4,1C (Both),280mm x 330mm x 80mm,Non Woven 90gsm,Black,440mm,Same as bag colour,10000,17760,21070
Non Woven Bag,WS-A4,1C (Both),280mm x 330mm x 80mm,Non Woven 90gsm,Black,440mm,Same as bag colour,11000,19536,23176
Non Woven Bag,WS-A4,1C (Both),280mm x 330mm x 80mm,Non Woven 90gsm,Black,440mm,Same as bag colour,12000,21312,25282
Non Woven Bag,WS-A4,1C (Both),280mm x 330mm x 80mm,Non Woven 90gsm,Black,440mm,Same as bag colour,13000,23088,27388
Non Woven Bag,WS-A4,1C (Both),280mm x 330mm x 80mm,Non Woven 90gsm,Black,440mm,Same as bag colour,14000,24866,29496
Non Woven Bag,WS-A4,1C (Both),280mm x 330mm x 80mm,Non Woven 90gsm,Black,440mm,Same as bag colour,15000,26641,31601
Non Woven Bag,WS-A4,1C (Both),280mm x 330mm x 80mm,Non Woven 90gsm,Black,440mm,Same as bag colour,16000,28416,33706
Non Woven Bag,WS-A4,1C (Both),280mm x 330mm x 80mm,Non Woven 90gsm,Black,440mm,Same as bag colour,17000,30193,35813
Non Woven Bag,WS-A4,1C (Both),280mm x 330mm x 80mm,Non Woven 90gsm,Black,440mm,Same as bag colour,18000,31968,37918
Non Woven Bag,WS-A4,1C (Both),280mm x 330mm x 80mm,Non Woven 90gsm,Black,440mm,Same as bag colour,19000,33746,40026
Non Woven Bag,WS-A4,1C (Both),280mm x 330mm x 80mm,Non Woven 90gsm,Black,440mm,Same as bag colour,20000,35521,42131
Non Woven Bag,WS-A4,1C (Both),280mm x 330mm x 80mm,Non Woven 90gsm,White,440mm,Same as bag colour,100,342,382
Non Woven Bag,WS-A4,1C (Both),280mm x 330mm x 80mm,Non Woven 90gsm,White,440mm,Same as bag colour,200,464,534
Non Woven Bag,WS-A4,1C (Both),280mm x 330mm x 80mm,Non Woven 90gsm,White,440mm,Same as bag colour,300,615,715
Non Woven Bag,WS-A4,1C (Both),280mm x 330mm x 80mm,Non Woven 90gsm,White,440mm,Same as bag colour,400,806,946
Non Woven Bag,WS-A4,1C (Both),280mm x 330mm x 80mm,Non Woven 90gsm,White,440mm,Same as bag colour,500,956,1126
Non Woven Bag,WS-A4,1C (Both),280mm x 330mm x 80mm,Non Woven 90gsm,White,440mm,Same as bag colour,600,1148,1348
Non Woven Bag,WS-A4,1C (Both),280mm x 330mm x 80mm,Non Woven 90gsm,White,440mm,Same as bag colour,700,1339,1579
Non Woven Bag,WS-A4,1C (Both),280mm x 330mm x 80mm,Non Woven 90gsm,White,440mm,Same as bag colour,800,1531,1801
Non Woven Bag,WS-A4,1C (Both),280mm x 330mm x 80mm,Non Woven 90gsm,White,440mm,Same as bag colour,900,1722,2022
Non Woven Bag,WS-A4,1C (Both),280mm x 330mm x 80mm,Non Woven 90gsm,White,440mm,Same as bag colour,1000,1776,2116
Non Woven Bag,WS-A4,1C (Both),280mm x 330mm x 80mm,Non Woven 90gsm,White,440mm,Same as bag colour,2000,3552,4222
Non Woven Bag,WS-A4,1C (Both),280mm x 330mm x 80mm,Non Woven 90gsm,White,440mm,Same as bag colour,3000,5328,6328
Non Woven Bag,WS-A4,1C (Both),280mm x 330mm x 80mm,Non Woven 90gsm,White,440mm,Same as bag colour,4000,7105,8435
Non Woven Bag,WS-A4,1C (Both),280mm x 330mm x 80mm,Non Woven 90gsm,White,440mm,Same as bag colour,5000,8830,10490
Non Woven Bag,WS-A4,1C (Both),280mm x 330mm x 80mm,Non Woven 90gsm,White,440mm,Same as bag colour,6000,10656,12646
Non Woven Bag,WS-A4,1C (Both),280mm x 330mm x 80mm,Non Woven 90gsm,White,440mm,Same as bag colour,7000,12432,14752
Non Woven Bag,WS-A4,1C (Both),280mm x 330mm x 80mm,Non Woven 90gsm,White,440mm,Same as bag colour,8000,14208,16858
Non Woven Bag,WS-A4,1C (Both),280mm x 330mm x 80mm,Non Woven 90gsm,White,440mm,Same as bag colour,9000,15985,18965
Non Woven Bag,WS-A4,1C (Both),280mm x 330mm x 80mm,Non Woven 90gsm,White,440mm,Same as bag colour,10000,17760,21070
Non Woven Bag,WS-A4,1C (Both),280mm x 330mm x 80mm,Non Woven 90gsm,White,440mm,Same as bag colour,11000,19536,23176
Non Woven Bag,WS-A4,1C (Both),280mm x 330mm x 80mm,Non Woven 90gsm,White,440mm,Same as bag colour,12000,21312,25282
Non Woven Bag,WS-A4,1C (Both),280mm x 330mm x 80mm,Non Woven 90gsm,White,440mm,Same as bag colour,13000,23088,27388
Non Woven Bag,WS-A4,1C (Both),280mm x 330mm x 80mm,Non Woven 90gsm,White,440mm,Same as bag colour,14000,24866,29496
Non Woven Bag,WS-A4,1C (Both),280mm x 330mm x 80mm,Non Woven 90gsm,White,440mm,Same as bag colour,15000,26641,31601
Non Woven Bag,WS-A4,1C (Both),280mm x 330mm x 80mm,Non Woven 90gsm,White,440mm,Same as bag colour,16000,28416,33706
Non Woven Bag,WS-A4,1C (Both),280mm x 330mm x 80mm,Non Woven 90gsm,White,440mm,Same as bag colour,17000,30193,35813
Non Woven Bag,WS-A4,1C (Both),280mm x 330mm x 80mm,Non Woven 90gsm,White,440mm,Same as bag colour,18000,31968,37918
Non Woven Bag,WS-A4,1C (Both),280mm x 330mm x 80mm,Non Woven 90gsm,White,440mm,Same as bag colour,19000,33746,40026
Non Woven Bag,WS-A4,1C (Both),280mm x 330mm x 80mm,Non Woven 90gsm,White,440mm,Same as bag colour,20000,35521,42131
Non Woven Bag,WS-A4,1C (Both),280mm x 330mm x 80mm,Non Woven 90gsm,Beige,440mm,Same as bag colour,100,342,382
Non Woven Bag,WS-A4,1C (Both),280mm x 330mm x 80mm,Non Woven 90gsm,Beige,440mm,Same as bag colour,200,464,534
Non Woven Bag,WS-A4,1C (Both),280mm x 330mm x 80mm,Non Woven 90gsm,Beige,440mm,Same as bag colour,300,615,715
Non Woven Bag,WS-A4,1C (Both),280mm x 330mm x 80mm,Non Woven 90gsm,Beige,440mm,Same as bag colour,400,806,946
Non Woven Bag,WS-A4,1C (Both),280mm x 330mm x 80mm,Non Woven 90gsm,Beige,440mm,Same as bag colour,500,956,1126
Non Woven Bag,WS-A4,1C (Both),280mm x 330mm x 80mm,Non Woven 90gsm,Beige,440mm,Same as bag colour,600,1148,1348
Non Woven Bag,WS-A4,1C (Both),280mm x 330mm x 80mm,Non Woven 90gsm,Beige,440mm,Same as bag colour,700,1339,1579
Non Woven Bag,WS-A4,1C (Both),280mm x 330mm x 80mm,Non Woven 90gsm,Beige,440mm,Same as bag colour,800,1531,1801
Non Woven Bag,WS-A4,1C (Both),280mm x 330mm x 80mm,Non Woven 90gsm,Beige,440mm,Same as bag colour,900,1722,2022
Non Woven Bag,WS-A4,1C (Both),280mm x 330mm x 80mm,Non Woven 90gsm,Beige,440mm,Same as bag colour,1000,1776,2116
Non Woven Bag,WS-A4,1C (Both),280mm x 330mm x 80mm,Non Woven 90gsm,Beige,440mm,Same as bag colour,2000,3552,4222
Non Woven Bag,WS-A4,1C (Both),280mm x 330mm x 80mm,Non Woven 90gsm,Beige,440mm,Same as bag colour,3000,5328,6328
Non Woven Bag,WS-A4,1C (Both),280mm x 330mm x 80mm,Non Woven 90gsm,Beige,440mm,Same as bag colour,4000,7105,8435
Non Woven Bag,WS-A4,1C (Both),280mm x 330mm x 80mm,Non Woven 90gsm,Beige,440mm,Same as bag colour,5000,8830,10490
Non Woven Bag,WS-A4,1C (Both),280mm x 330mm x 80mm,Non Woven 90gsm,Beige,440mm,Same as bag colour,6000,10656,12646
Non Woven Bag,WS-A4,1C (Both),280mm x 330mm x 80mm,Non Woven 90gsm,Beige,440mm,Same as bag colour,7000,12432,14752
Non Woven Bag,WS-A4,1C (Both),280mm x 330mm x 80mm,Non Woven 90gsm,Beige,440mm,Same as bag colour,8000,14208,16858
Non Woven Bag,WS-A4,1C (Both),280mm x 330mm x 80mm,Non Woven 90gsm,Beige,440mm,Same as bag colour,9000,15985,18965
Non Woven Bag,WS-A4,1C (Both),280mm x 330mm x 80mm,Non Woven 90gsm,Beige,440mm,Same as bag colour,10000,17760,21070
Non Woven Bag,WS-A4,1C (Both),280mm x 330mm x 80mm,Non Woven 90gsm,Beige,440mm,Same as bag colour,11000,19536,23176
Non Woven Bag,WS-A4,1C (Both),280mm x 330mm x 80mm,Non Woven 90gsm,Beige,440mm,Same as bag colour,12000,21312,25282
Non Woven Bag,WS-A4,1C (Both),280mm x 330mm x 80mm,Non Woven 90gsm,Beige,440mm,Same as bag colour,13000,23088,27388
Non Woven Bag,WS-A4,1C (Both),280mm x 330mm x 80mm,Non Woven 90gsm,Beige,440mm,Same as bag colour,14000,24866,29496
Non Woven Bag,WS-A4,1C (Both),280mm x 330mm x 80mm,Non Woven 90gsm,Beige,440mm,Same as bag colour,15000,26641,31601
Non Woven Bag,WS-A4,1C (Both),280mm x 330mm x 80mm,Non Woven 90gsm,Beige,440mm,Same as bag colour,16000,28416,33706
Non Woven Bag,WS-A4,1C (Both),280mm x 330mm x 80mm,Non Woven 90gsm,Beige,440mm,Same as bag colour,17000,30193,35813
Non Woven Bag,WS-A4,1C (Both),280mm x 330mm x 80mm,Non Woven 90gsm,Beige,440mm,Same as bag colour,18000,31968,37918
Non Woven Bag,WS-A4,1C (Both),280mm x 330mm x 80mm,Non Woven 90gsm,Beige,440mm,Same as bag colour,19000,33746,40026
Non Woven Bag,WS-A4,1C (Both),280mm x 330mm x 80mm,Non Woven 90gsm,Beige,440mm,Same as bag colour,20000,35521,42131
Non Woven Bag,WS-A4,1C (Both),280mm x 330mm x 80mm,Non Woven 90gsm,Orange,440mm,Same as bag colour,100,342,382
Non Woven Bag,WS-A4,1C (Both),280mm x 330mm x 80mm,Non Woven 90gsm,Orange,440mm,Same as bag colour,200,464,534
Non Woven Bag,WS-A4,1C (Both),280mm x 330mm x 80mm,Non Woven 90gsm,Orange,440mm,Same as bag colour,300,615,715
Non Woven Bag,WS-A4,1C (Both),280mm x 330mm x 80mm,Non Woven 90gsm,Orange,440mm,Same as bag colour,400,806,946
Non Woven Bag,WS-A4,1C (Both),280mm x 330mm x 80mm,Non Woven 90gsm,Orange,440mm,Same as bag colour,500,956,1126
Non Woven Bag,WS-A4,1C (Both),280mm x 330mm x 80mm,Non Woven 90gsm,Orange,440mm,Same as bag colour,600,1148,1348
Non Woven Bag,WS-A4,1C (Both),280mm x 330mm x 80mm,Non Woven 90gsm,Orange,440mm,Same as bag colour,700,1339,1579
Non Woven Bag,WS-A4,1C (Both),280mm x 330mm x 80mm,Non Woven 90gsm,Orange,440mm,Same as bag colour,800,1531,1801
Non Woven Bag,WS-A4,1C (Both),280mm x 330mm x 80mm,Non Woven 90gsm,Orange,440mm,Same as bag colour,900,1722,2022
Non Woven Bag,WS-A4,1C (Both),280mm x 330mm x 80mm,Non Woven 90gsm,Orange,440mm,Same as bag colour,1000,1776,2116
Non Woven Bag,WS-A4,1C (Both),280mm x 330mm x 80mm,Non Woven 90gsm,Orange,440mm,Same as bag colour,2000,3552,4222
Non Woven Bag,WS-A4,1C (Both),280mm x 330mm x 80mm,Non Woven 90gsm,Orange,440mm,Same as bag colour,3000,5328,6328
Non Woven Bag,WS-A4,1C (Both),280mm x 330mm x 80mm,Non Woven 90gsm,Orange,440mm,Same as bag colour,4000,7105,8435
Non Woven Bag,WS-A4,1C (Both),280mm x 330mm x 80mm,Non Woven 90gsm,Orange,440mm,Same as bag colour,5000,8830,10490
Non Woven Bag,WS-A4,1C (Both),280mm x 330mm x 80mm,Non Woven 90gsm,Orange,440mm,Same as bag colour,6000,10656,12646
Non Woven Bag,WS-A4,1C (Both),280mm x 330mm x 80mm,Non Woven 90gsm,Orange,440mm,Same as bag colour,7000,12432,14752
Non Woven Bag,WS-A4,1C (Both),280mm x 330mm x 80mm,Non Woven 90gsm,Orange,440mm,Same as bag colour,8000,14208,16858
Non Woven Bag,WS-A4,1C (Both),280mm x 330mm x 80mm,Non Woven 90gsm,Orange,440mm,Same as bag colour,9000,15985,18965
Non Woven Bag,WS-A4,1C (Both),280mm x 330mm x 80mm,Non Woven 90gsm,Orange,440mm,Same as bag colour,10000,17760,21070
Non Woven Bag,WS-A4,1C (Both),280mm x 330mm x 80mm,Non Woven 90gsm,Orange,440mm,Same as bag colour,11000,19536,23176
Non Woven Bag,WS-A4,1C (Both),280mm x 330mm x 80mm,Non Woven 90gsm,Orange,440mm,Same as bag colour,12000,21312,25282
Non Woven Bag,WS-A4,1C (Both),280mm x 330mm x 80mm,Non Woven 90gsm,Orange,440mm,Same as bag colour,13000,23088,27388
Non Woven Bag,WS-A4,1C (Both),280mm x 330mm x 80mm,Non Woven 90gsm,Orange,440mm,Same as bag colour,14000,24866,29496
Non Woven Bag,WS-A4,1C (Both),280mm x 330mm x 80mm,Non Woven 90gsm,Orange,440mm,Same as bag colour,15000,26641,31601
Non Woven Bag,WS-A4,1C (Both),280mm x 330mm x 80mm,Non Woven 90gsm,Orange,440mm,Same as bag colour,16000,28416,33706
Non Woven Bag,WS-A4,1C (Both),280mm x 330mm x 80mm,Non Woven 90gsm,Orange,440mm,Same as bag colour,17000,30193,35813
Non Woven Bag,WS-A4,1C (Both),280mm x 330mm x 80mm,Non Woven 90gsm,Orange,440mm,Same as bag colour,18000,31968,37918
Non Woven Bag,WS-A4,1C (Both),280mm x 330mm x 80mm,Non Woven 90gsm,Orange,440mm,Same as bag colour,19000,33746,40026
Non Woven Bag,WS-A4,1C (Both),280mm x 330mm x 80mm,Non Woven 90gsm,Orange,440mm,Same as bag colour,20000,35521,42131
Non Woven Bag,WS-A4,1C (Both),280mm x 330mm x 80mm,Non Woven 90gsm,Dark Orange,440mm,Same as bag colour,100,342,382
Non Woven Bag,WS-A4,1C (Both),280mm x 330mm x 80mm,Non Woven 90gsm,Dark Orange,440mm,Same as bag colour,200,464,534
Non Woven Bag,WS-A4,1C (Both),280mm x 330mm x 80mm,Non Woven 90gsm,Dark Orange,440mm,Same as bag colour,300,615,715
Non Woven Bag,WS-A4,1C (Both),280mm x 330mm x 80mm,Non Woven 90gsm,Dark Orange,440mm,Same as bag colour,400,806,946
Non Woven Bag,WS-A4,1C (Both),280mm x 330mm x 80mm,Non Woven 90gsm,Dark Orange,440mm,Same as bag colour,500,956,1126
Non Woven Bag,WS-A4,1C (Both),280mm x 330mm x 80mm,Non Woven 90gsm,Dark Orange,440mm,Same as bag colour,600,1148,1348
Non Woven Bag,WS-A4,1C (Both),280mm x 330mm x 80mm,Non Woven 90gsm,Dark Orange,440mm,Same as bag colour,700,1339,1579
Non Woven Bag,WS-A4,1C (Both),280mm x 330mm x 80mm,Non Woven 90gsm,Dark Orange,440mm,Same as bag colour,800,1531,1801
Non Woven Bag,WS-A4,1C (Both),280mm x 330mm x 80mm,Non Woven 90gsm,Dark Orange,440mm,Same as bag colour,900,1722,2022
Non Woven Bag,WS-A4,1C (Both),280mm x 330mm x 80mm,Non Woven 90gsm,Dark Orange,440mm,Same as bag colour,1000,1776,2116
Non Woven Bag,WS-A4,1C (Both),280mm x 330mm x 80mm,Non Woven 90gsm,Dark Orange,440mm,Same as bag colour,2000,3552,4222
Non Woven Bag,WS-A4,1C (Both),280mm x 330mm x 80mm,Non Woven 90gsm,Dark Orange,440mm,Same as bag colour,3000,5328,6328
Non Woven Bag,WS-A4,1C (Both),280mm x 330mm x 80mm,Non Woven 90gsm,Dark Orange,440mm,Same as bag colour,4000,7105,8435
Non Woven Bag,WS-A4,1C (Both),280mm x 330mm x 80mm,Non Woven 90gsm,Dark Orange,440mm,Same as bag colour,5000,8830,10490
Non Woven Bag,WS-A4,1C (Both),280mm x 330mm x 80mm,Non Woven 90gsm,Dark Orange,440mm,Same as bag colour,6000,10656,12646
Non Woven Bag,WS-A4,1C (Both),280mm x 330mm x 80mm,Non Woven 90gsm,Dark Orange,440mm,Same as bag colour,7000,12432,14752
Non Woven Bag,WS-A4,1C (Both),280mm x 330mm x 80mm,Non Woven 90gsm,Dark Orange,440mm,Same as bag colour,8000,14208,16858
Non Woven Bag,WS-A4,1C (Both),280mm x 330mm x 80mm,Non Woven 90gsm,Dark Orange,440mm,Same as bag colour,9000,15985,18965
Non Woven Bag,WS-A4,1C (Both),280mm x 330mm x 80mm,Non Woven 90gsm,Dark Orange,440mm,Same as bag colour,10000,17760,21070
Non Woven Bag,WS-A4,1C (Both),280mm x 330mm x 80mm,Non Woven 90gsm,Dark Orange,440mm,Same as bag colour,11000,19536,23176
Non Woven Bag,WS-A4,1C (Both),280mm x 330mm x 80mm,Non Woven 90gsm,Dark Orange,440mm,Same as bag colour,12000,21312,25282
Non Woven Bag,WS-A4,1C (Both),280mm x 330mm x 80mm,Non Woven 90gsm,Dark Orange,440mm,Same as bag colour,13000,23088,27388
Non Woven Bag,WS-A4,1C (Both),280mm x 330mm x 80mm,Non Woven 90gsm,Dark Orange,440mm,Same as bag colour,14000,24866,29496
Non Woven Bag,WS-A4,1C (Both),280mm x 330mm x 80mm,Non Woven 90gsm,Dark Orange,440mm,Same as bag colour,15000,26641,31601
Non Woven Bag,WS-A4,1C (Both),280mm x 330mm x 80mm,Non Woven 90gsm,Dark Orange,440mm,Same as bag colour,16000,28416,33706
Non Woven Bag,WS-A4,1C (Both),280mm x 330mm x 80mm,Non Woven 90gsm,Dark Orange,440mm,Same as bag colour,17000,30193,35813
Non Woven Bag,WS-A4,1C (Both),280mm x 330mm x 80mm,Non Woven 90gsm,Dark Orange,440mm,Same as bag colour,18000,31968,37918
Non Woven Bag,WS-A4,1C (Both),280mm x 330mm x 80mm,Non Woven 90gsm,Dark Orange,440mm,Same as bag colour,19000,33746,40026
Non Woven Bag,WS-A4,1C (Both),280mm x 330mm x 80mm,Non Woven 90gsm,Dark Orange,440mm,Same as bag colour,20000,35521,42131
Non Woven Bag,WS-A4,1C (Both),280mm x 330mm x 80mm,Non Woven 90gsm,Magenta,440mm,Same as bag colour,100,342,382
Non Woven Bag,WS-A4,1C (Both),280mm x 330mm x 80mm,Non Woven 90gsm,Magenta,440mm,Same as bag colour,200,464,534
Non Woven Bag,WS-A4,1C (Both),280mm x 330mm x 80mm,Non Woven 90gsm,Magenta,440mm,Same as bag colour,300,615,715
Non Woven Bag,WS-A4,1C (Both),280mm x 330mm x 80mm,Non Woven 90gsm,Magenta,440mm,Same as bag colour,400,806,946
Non Woven Bag,WS-A4,1C (Both),280mm x 330mm x 80mm,Non Woven 90gsm,Magenta,440mm,Same as bag colour,500,956,1126
Non Woven Bag,WS-A4,1C (Both),280mm x 330mm x 80mm,Non Woven 90gsm,Magenta,440mm,Same as bag colour,600,1148,1348
Non Woven Bag,WS-A4,1C (Both),280mm x 330mm x 80mm,Non Woven 90gsm,Magenta,440mm,Same as bag colour,700,1339,1579
Non Woven Bag,WS-A4,1C (Both),280mm x 330mm x 80mm,Non Woven 90gsm,Magenta,440mm,Same as bag colour,800,1531,1801
Non Woven Bag,WS-A4,1C (Both),280mm x 330mm x 80mm,Non Woven 90gsm,Magenta,440mm,Same as bag colour,900,1722,2022
Non Woven Bag,WS-A4,1C (Both),280mm x 330mm x 80mm,Non Woven 90gsm,Magenta,440mm,Same as bag colour,1000,1776,2116
Non Woven Bag,WS-A4,1C (Both),280mm x 330mm x 80mm,Non Woven 90gsm,Magenta,440mm,Same as bag colour,2000,3552,4222
Non Woven Bag,WS-A4,1C (Both),280mm x 330mm x 80mm,Non Woven 90gsm,Magenta,440mm,Same as bag colour,3000,5328,6328
Non Woven Bag,WS-A4,1C (Both),280mm x 330mm x 80mm,Non Woven 90gsm,Magenta,440mm,Same as bag colour,4000,7105,8435
Non Woven Bag,WS-A4,1C (Both),280mm x 330mm x 80mm,Non Woven 90gsm,Magenta,440mm,Same as bag colour,5000,8830,10490
Non Woven Bag,WS-A4,1C (Both),280mm x 330mm x 80mm,Non Woven 90gsm,Magenta,440mm,Same as bag colour,6000,10656,12646
Non Woven Bag,WS-A4,1C (Both),280mm x 330mm x 80mm,Non Woven 90gsm,Magenta,440mm,Same as bag colour,7000,12432,14752
Non Woven Bag,WS-A4,1C (Both),280mm x 330mm x 80mm,Non Woven 90gsm,Magenta,440mm,Same as bag colour,8000,14208,16858
Non Woven Bag,WS-A4,1C (Both),280mm x 330mm x 80mm,Non Woven 90gsm,Magenta,440mm,Same as bag colour,9000,15985,18965
Non Woven Bag,WS-A4,1C (Both),280mm x 330mm x 80mm,Non Woven 90gsm,Magenta,440mm,Same as bag colour,10000,17760,21070
Non Woven Bag,WS-A4,1C (Both),280mm x 330mm x 80mm,Non Woven 90gsm,Magenta,440mm,Same as bag colour,11000,19536,23176
Non Woven Bag,WS-A4,1C (Both),280mm x 330mm x 80mm,Non Woven 90gsm,Magenta,440mm,Same as bag colour,12000,21312,25282
Non Woven Bag,WS-A4,1C (Both),280mm x 330mm x 80mm,Non Woven 90gsm,Magenta,440mm,Same as bag colour,13000,23088,27388
Non Woven Bag,WS-A4,1C (Both),280mm x 330mm x 80mm,Non Woven 90gsm,Magenta,440mm,Same as bag colour,14000,24866,29496
Non Woven Bag,WS-A4,1C (Both),280mm x 330mm x 80mm,Non Woven 90gsm,Magenta,440mm,Same as bag colour,15000,26641,31601
Non Woven Bag,WS-A4,1C (Both),280mm x 330mm x 80mm,Non Woven 90gsm,Magenta,440mm,Same as bag colour,16000,28416,33706
Non Woven Bag,WS-A4,1C (Both),280mm x 330mm x 80mm,Non Woven 90gsm,Magenta,440mm,Same as bag colour,17000,30193,35813
Non Woven Bag,WS-A4,1C (Both),280mm x 330mm x 80mm,Non Woven 90gsm,Magenta,440mm,Same as bag colour,18000,31968,37918
Non Woven Bag,WS-A4,1C (Both),280mm x 330mm x 80mm,Non Woven 90gsm,Magenta,440mm,Same as bag colour,19000,33746,40026
Non Woven Bag,WS-A4,1C (Both),280mm x 330mm x 80mm,Non Woven 90gsm,Magenta,440mm,Same as bag colour,20000,35521,42131
Non Woven Bag,WS-A4,1C (Both),280mm x 330mm x 80mm,Non Woven 90gsm,Red,440mm,Same as bag colour,100,342,382
Non Woven Bag,WS-A4,1C (Both),280mm x 330mm x 80mm,Non Woven 90gsm,Red,440mm,Same as bag colour,200,464,534
Non Woven Bag,WS-A4,1C (Both),280mm x 330mm x 80mm,Non Woven 90gsm,Red,440mm,Same as bag colour,300,615,715
Non Woven Bag,WS-A4,1C (Both),280mm x 330mm x 80mm,Non Woven 90gsm,Red,440mm,Same as bag colour,400,806,946
Non Woven Bag,WS-A4,1C (Both),280mm x 330mm x 80mm,Non Woven 90gsm,Red,440mm,Same as bag colour,500,956,1126
Non Woven Bag,WS-A4,1C (Both),280mm x 330mm x 80mm,Non Woven 90gsm,Red,440mm,Same as bag colour,600,1148,1348
Non Woven Bag,WS-A4,1C (Both),280mm x 330mm x 80mm,Non Woven 90gsm,Red,440mm,Same as bag colour,700,1339,1579
Non Woven Bag,WS-A4,1C (Both),280mm x 330mm x 80mm,Non Woven 90gsm,Red,440mm,Same as bag colour,800,1531,1801
Non Woven Bag,WS-A4,1C (Both),280mm x 330mm x 80mm,Non Woven 90gsm,Red,440mm,Same as bag colour,900,1722,2022
Non Woven Bag,WS-A4,1C (Both),280mm x 330mm x 80mm,Non Woven 90gsm,Red,440mm,Same as bag colour,1000,1776,2116
Non Woven Bag,WS-A4,1C (Both),280mm x 330mm x 80mm,Non Woven 90gsm,Red,440mm,Same as bag colour,2000,3552,4222
Non Woven Bag,WS-A4,1C (Both),280mm x 330mm x 80mm,Non Woven 90gsm,Red,440mm,Same as bag colour,3000,5328,6328
Non Woven Bag,WS-A4,1C (Both),280mm x 330mm x 80mm,Non Woven 90gsm,Red,440mm,Same as bag colour,4000,7105,8435
Non Woven Bag,WS-A4,1C (Both),280mm x 330mm x 80mm,Non Woven 90gsm,Red,440mm,Same as bag colour,5000,8830,10490
Non Woven Bag,WS-A4,1C (Both),280mm x 330mm x 80mm,Non Woven 90gsm,Red,440mm,Same as bag colour,6000,10656,12646
Non Woven Bag,WS-A4,1C (Both),280mm x 330mm x 80mm,Non Woven 90gsm,Red,440mm,Same as bag colour,7000,12432,14752
Non Woven Bag,WS-A4,1C (Both),280mm x 330mm x 80mm,Non Woven 90gsm,Red,440mm,Same as bag colour,8000,14208,16858
Non Woven Bag,WS-A4,1C (Both),280mm x 330mm x 80mm,Non Woven 90gsm,Red,440mm,Same as bag colour,9000,15985,18965
Non Woven Bag,WS-A4,1C (Both),280mm x 330mm x 80mm,Non Woven 90gsm,Red,440mm,Same as bag colour,10000,17760,21070
Non Woven Bag,WS-A4,1C (Both),280mm x 330mm x 80mm,Non Woven 90gsm,Red,440mm,Same as bag colour,11000,19536,23176
Non Woven Bag,WS-A4,1C (Both),280mm x 330mm x 80mm,Non Woven 90gsm,Red,440mm,Same as bag colour,12000,21312,25282
Non Woven Bag,WS-A4,1C (Both),280mm x 330mm x 80mm,Non Woven 90gsm,Red,440mm,Same as bag colour,13000,23088,27388
Non Woven Bag,WS-A4,1C (Both),280mm x 330mm x 80mm,Non Woven 90gsm,Red,440mm,Same as bag colour,14000,24866,29496
Non Woven Bag,WS-A4,1C (Both),280mm x 330mm x 80mm,Non Woven 90gsm,Red,440mm,Same as bag colour,15000,26641,31601
Non Woven Bag,WS-A4,1C (Both),280mm x 330mm x 80mm,Non Woven 90gsm,Red,440mm,Same as bag colour,16000,28416,33706
Non Woven Bag,WS-A4,1C (Both),280mm x 330mm x 80mm,Non Woven 90gsm,Red,440mm,Same as bag colour,17000,30193,35813
Non Woven Bag,WS-A4,1C (Both),280mm x 330mm x 80mm,Non Woven 90gsm,Red,440mm,Same as bag colour,18000,31968,37918
Non Woven Bag,WS-A4,1C (Both),280mm x 330mm x 80mm,Non Woven 90gsm,Red,440mm,Same as bag colour,19000,33746,40026
Non Woven Bag,WS-A4,1C (Both),280mm x 330mm x 80mm,Non Woven 90gsm,Red,440mm,Same as bag colour,20000,35521,42131
Non Woven Bag,WS-A4,1C (Both),280mm x 330mm x 80mm,Non Woven 90gsm,Maroon,440mm,Same as bag colour,100,342,382
Non Woven Bag,WS-A4,1C (Both),280mm x 330mm x 80mm,Non Woven 90gsm,Maroon,440mm,Same as bag colour,200,464,534
Non Woven Bag,WS-A4,1C (Both),280mm x 330mm x 80mm,Non Woven 90gsm,Maroon,440mm,Same as bag colour,300,615,715
Non Woven Bag,WS-A4,1C (Both),280mm x 330mm x 80mm,Non Woven 90gsm,Maroon,440mm,Same as bag colour,400,806,946
Non Woven Bag,WS-A4,1C (Both),280mm x 330mm x 80mm,Non Woven 90gsm,Maroon,440mm,Same as bag colour,500,956,1126
Non Woven Bag,WS-A4,1C (Both),280mm x 330mm x 80mm,Non Woven 90gsm,Maroon,440mm,Same as bag colour,600,1148,1348
Non Woven Bag,WS-A4,1C (Both),280mm x 330mm x 80mm,Non Woven 90gsm,Maroon,440mm,Same as bag colour,700,1339,1579
Non Woven Bag,WS-A4,1C (Both),280mm x 330mm x 80mm,Non Woven 90gsm,Maroon,440mm,Same as bag colour,800,1531,1801
Non Woven Bag,WS-A4,1C (Both),280mm x 330mm x 80mm,Non Woven 90gsm,Maroon,440mm,Same as bag colour,900,1722,2022
Non Woven Bag,WS-A4,1C (Both),280mm x 330mm x 80mm,Non Woven 90gsm,Maroon,440mm,Same as bag colour,1000,1776,2116
Non Woven Bag,WS-A4,1C (Both),280mm x 330mm x 80mm,Non Woven 90gsm,Maroon,440mm,Same as bag colour,2000,3552,4222
Non Woven Bag,WS-A4,1C (Both),280mm x 330mm x 80mm,Non Woven 90gsm,Maroon,440mm,Same as bag colour,3000,5328,6328
Non Woven Bag,WS-A4,1C (Both),280mm x 330mm x 80mm,Non Woven 90gsm,Maroon,440mm,Same as bag colour,4000,7105,8435
Non Woven Bag,WS-A4,1C (Both),280mm x 330mm x 80mm,Non Woven 90gsm,Maroon,440mm,Same as bag colour,5000,8830,10490
Non Woven Bag,WS-A4,1C (Both),280mm x 330mm x 80mm,Non Woven 90gsm,Maroon,440mm,Same as bag colour,6000,10656,12646
Non Woven Bag,WS-A4,1C (Both),280mm x 330mm x 80mm,Non Woven 90gsm,Maroon,440mm,Same as bag colour,7000,12432,14752
Non Woven Bag,WS-A4,1C (Both),280mm x 330mm x 80mm,Non Woven 90gsm,Maroon,440mm,Same as bag colour,8000,14208,16858
Non Woven Bag,WS-A4,1C (Both),280mm x 330mm x 80mm,Non Woven 90gsm,Maroon,440mm,Same as bag colour,9000,15985,18965
Non Woven Bag,WS-A4,1C (Both),280mm x 330mm x 80mm,Non Woven 90gsm,Maroon,440mm,Same as bag colour,10000,17760,21070
Non Woven Bag,WS-A4,1C (Both),280mm x 330mm x 80mm,Non Woven 90gsm,Maroon,440mm,Same as bag colour,11000,19536,23176
Non Woven Bag,WS-A4,1C (Both),280mm x 330mm x 80mm,Non Woven 90gsm,Maroon,440mm,Same as bag colour,12000,21312,25282
Non Woven Bag,WS-A4,1C (Both),280mm x 330mm x 80mm,Non Woven 90gsm,Maroon,440mm,Same as bag colour,13000,23088,27388
Non Woven Bag,WS-A4,1C (Both),280mm x 330mm x 80mm,Non Woven 90gsm,Maroon,440mm,Same as bag colour,14000,24866,29496
Non Woven Bag,WS-A4,1C (Both),280mm x 330mm x 80mm,Non Woven 90gsm,Maroon,440mm,Same as bag colour,15000,26641,31601
Non Woven Bag,WS-A4,1C (Both),280mm x 330mm x 80mm,Non Woven 90gsm,Maroon,440mm,Same as bag colour,16000,28416,33706
Non Woven Bag,WS-A4,1C (Both),280mm x 330mm x 80mm,Non Woven 90gsm,Maroon,440mm,Same as bag colour,17000,30193,35813
Non Woven Bag,WS-A4,1C (Both),280mm x 330mm x 80mm,Non Woven 90gsm,Maroon,440mm,Same as bag colour,18000,31968,37918
Non Woven Bag,WS-A4,1C (Both),280mm x 330mm x 80mm,Non Woven 90gsm,Maroon,440mm,Same as bag colour,19000,33746,40026
Non Woven Bag,WS-A4,1C (Both),280mm x 330mm x 80mm,Non Woven 90gsm,Maroon,440mm,Same as bag colour,20000,35521,42131
Non Woven Bag,WS-A4,1C (Both),280mm x 330mm x 80mm,Non Woven 90gsm,Green,440mm,Same as bag colour,100,342,382
Non Woven Bag,WS-A4,1C (Both),280mm x 330mm x 80mm,Non Woven 90gsm,Green,440mm,Same as bag colour,200,464,534
Non Woven Bag,WS-A4,1C (Both),280mm x 330mm x 80mm,Non Woven 90gsm,Green,440mm,Same as bag colour,300,615,715
Non Woven Bag,WS-A4,1C (Both),280mm x 330mm x 80mm,Non Woven 90gsm,Green,440mm,Same as bag colour,400,806,946
Non Woven Bag,WS-A4,1C (Both),280mm x 330mm x 80mm,Non Woven 90gsm,Green,440mm,Same as bag colour,500,956,1126
Non Woven Bag,WS-A4,1C (Both),280mm x 330mm x 80mm,Non Woven 90gsm,Green,440mm,Same as bag colour,600,1148,1348
Non Woven Bag,WS-A4,1C (Both),280mm x 330mm x 80mm,Non Woven 90gsm,Green,440mm,Same as bag colour,700,1339,1579
Non Woven Bag,WS-A4,1C (Both),280mm x 330mm x 80mm,Non Woven 90gsm,Green,440mm,Same as bag colour,800,1531,1801
Non Woven Bag,WS-A4,1C (Both),280mm x 330mm x 80mm,Non Woven 90gsm,Green,440mm,Same as bag colour,900,1722,2022
Non Woven Bag,WS-A4,1C (Both),280mm x 330mm x 80mm,Non Woven 90gsm,Green,440mm,Same as bag colour,1000,1776,2116
Non Woven Bag,WS-A4,1C (Both),280mm x 330mm x 80mm,Non Woven 90gsm,Green,440mm,Same as bag colour,2000,3552,4222
Non Woven Bag,WS-A4,1C (Both),280mm x 330mm x 80mm,Non Woven 90gsm,Green,440mm,Same as bag colour,3000,5328,6328
Non Woven Bag,WS-A4,1C (Both),280mm x 330mm x 80mm,Non Woven 90gsm,Green,440mm,Same as bag colour,4000,7105,8435
Non Woven Bag,WS-A4,1C (Both),280mm x 330mm x 80mm,Non Woven 90gsm,Green,440mm,Same as bag colour,5000,8830,10490
Non Woven Bag,WS-A4,1C (Both),280mm x 330mm x 80mm,Non Woven 90gsm,Green,440mm,Same as bag colour,6000,10656,12646
Non Woven Bag,WS-A4,1C (Both),280mm x 330mm x 80mm,Non Woven 90gsm,Green,440mm,Same as bag colour,7000,12432,14752
Non Woven Bag,WS-A4,1C (Both),280mm x 330mm x 80mm,Non Woven 90gsm,Green,440mm,Same as bag colour,8000,14208,16858
Non Woven Bag,WS-A4,1C (Both),280mm x 330mm x 80mm,Non Woven 90gsm,Green,440mm,Same as bag colour,9000,15985,18965
Non Woven Bag,WS-A4,1C (Both),280mm x 330mm x 80mm,Non Woven 90gsm,Green,440mm,Same as bag colour,10000,17760,21070
Non Woven Bag,WS-A4,1C (Both),280mm x 330mm x 80mm,Non Woven 90gsm,Green,440mm,Same as bag colour,11000,19536,23176
Non Woven Bag,WS-A4,1C (Both),280mm x 330mm x 80mm,Non Woven 90gsm,Green,440mm,Same as bag colour,12000,21312,25282
Non Woven Bag,WS-A4,1C (Both),280mm x 330mm x 80mm,Non Woven 90gsm,Green,440mm,Same as bag colour,13000,23088,27388
Non Woven Bag,WS-A4,1C (Both),280mm x 330mm x 80mm,Non Woven 90gsm,Green,440mm,Same as bag colour,14000,24866,29496
Non Woven Bag,WS-A4,1C (Both),280mm x 330mm x 80mm,Non Woven 90gsm,Green,440mm,Same as bag colour,15000,26641,31601
Non Woven Bag,WS-A4,1C (Both),280mm x 330mm x 80mm,Non Woven 90gsm,Green,440mm,Same as bag colour,16000,28416,33706
Non Woven Bag,WS-A4,1C (Both),280mm x 330mm x 80mm,Non Woven 90gsm,Green,440mm,Same as bag colour,17000,30193,35813
Non Woven Bag,WS-A4,1C (Both),280mm x 330mm x 80mm,Non Woven 90gsm,Green,440mm,Same as bag colour,18000,31968,37918
Non Woven Bag,WS-A4,1C (Both),280mm x 330mm x 80mm,Non Woven 90gsm,Green,440mm,Same as bag colour,19000,33746,40026
Non Woven Bag,WS-A4,1C (Both),280mm x 330mm x 80mm,Non Woven 90gsm,Green,440mm,Same as bag colour,20000,35521,42131
Non Woven Bag,WS-A4,1C (Both),280mm x 330mm x 80mm,Non Woven 90gsm,Milo Green,440mm,Same as bag colour,100,342,382
Non Woven Bag,WS-A4,1C (Both),280mm x 330mm x 80mm,Non Woven 90gsm,Milo Green,440mm,Same as bag colour,200,464,534
Non Woven Bag,WS-A4,1C (Both),280mm x 330mm x 80mm,Non Woven 90gsm,Milo Green,440mm,Same as bag colour,300,615,715
Non Woven Bag,WS-A4,1C (Both),280mm x 330mm x 80mm,Non Woven 90gsm,Milo Green,440mm,Same as bag colour,400,806,946
Non Woven Bag,WS-A4,1C (Both),280mm x 330mm x 80mm,Non Woven 90gsm,Milo Green,440mm,Same as bag colour,500,956,1126
Non Woven Bag,WS-A4,1C (Both),280mm x 330mm x 80mm,Non Woven 90gsm,Milo Green,440mm,Same as bag colour,600,1148,1348
Non Woven Bag,WS-A4,1C (Both),280mm x 330mm x 80mm,Non Woven 90gsm,Milo Green,440mm,Same as bag colour,700,1339,1579
Non Woven Bag,WS-A4,1C (Both),280mm x 330mm x 80mm,Non Woven 90gsm,Milo Green,440mm,Same as bag colour,800,1531,1801
Non Woven Bag,WS-A4,1C (Both),280mm x 330mm x 80mm,Non Woven 90gsm,Milo Green,440mm,Same as bag colour,900,1722,2022
Non Woven Bag,WS-A4,1C (Both),280mm x 330mm x 80mm,Non Woven 90gsm,Milo Green,440mm,Same as bag colour,1000,1776,2116
Non Woven Bag,WS-A4,1C (Both),280mm x 330mm x 80mm,Non Woven 90gsm,Milo Green,440mm,Same as bag colour,2000,3552,4222
Non Woven Bag,WS-A4,1C (Both),280mm x 330mm x 80mm,Non Woven 90gsm,Milo Green,440mm,Same as bag colour,3000,5328,6328
Non Woven Bag,WS-A4,1C (Both),280mm x 330mm x 80mm,Non Woven 90gsm,Milo Green,440mm,Same as bag colour,4000,7105,8435
Non Woven Bag,WS-A4,1C (Both),280mm x 330mm x 80mm,Non Woven 90gsm,Milo Green,440mm,Same as bag colour,5000,8830,10490
Non Woven Bag,WS-A4,1C (Both),280mm x 330mm x 80mm,Non Woven 90gsm,Milo Green,440mm,Same as bag colour,6000,10656,12646
Non Woven Bag,WS-A4,1C (Both),280mm x 330mm x 80mm,Non Woven 90gsm,Milo Green,440mm,Same as bag colour,7000,12432,14752
Non Woven Bag,WS-A4,1C (Both),280mm x 330mm x 80mm,Non Woven 90gsm,Milo Green,440mm,Same as bag colour,8000,14208,16858
Non Woven Bag,WS-A4,1C (Both),280mm x 330mm x 80mm,Non Woven 90gsm,Milo Green,440mm,Same as bag colour,9000,15985,18965
Non Woven Bag,WS-A4,1C (Both),280mm x 330mm x 80mm,Non Woven 90gsm,Milo Green,440mm,Same as bag colour,10000,17760,21070
Non Woven Bag,WS-A4,1C (Both),280mm x 330mm x 80mm,Non Woven 90gsm,Milo Green,440mm,Same as bag colour,11000,19536,23176
Non Woven Bag,WS-A4,1C (Both),280mm x 330mm x 80mm,Non Woven 90gsm,Milo Green,440mm,Same as bag colour,12000,21312,25282
Non Woven Bag,WS-A4,1C (Both),280mm x 330mm x 80mm,Non Woven 90gsm,Milo Green,440mm,Same as bag colour,13000,23088,27388
Non Woven Bag,WS-A4,1C (Both),280mm x 330mm x 80mm,Non Woven 90gsm,Milo Green,440mm,Same as bag colour,14000,24866,29496
Non Woven Bag,WS-A4,1C (Both),280mm x 330mm x 80mm,Non Woven 90gsm,Milo Green,440mm,Same as bag colour,15000,26641,31601
Non Woven Bag,WS-A4,1C (Both),280mm x 330mm x 80mm,Non Woven 90gsm,Milo Green,440mm,Same as bag colour,16000,28416,33706
Non Woven Bag,WS-A4,1C (Both),280mm x 330mm x 80mm,Non Woven 90gsm,Milo Green,440mm,Same as bag colour,17000,30193,35813
Non Woven Bag,WS-A4,1C (Both),280mm x 330mm x 80mm,Non Woven 90gsm,Milo Green,440mm,Same as bag colour,18000,31968,37918
Non Woven Bag,WS-A4,1C (Both),280mm x 330mm x 80mm,Non Woven 90gsm,Milo Green,440mm,Same as bag colour,19000,33746,40026
Non Woven Bag,WS-A4,1C (Both),280mm x 330mm x 80mm,Non Woven 90gsm,Milo Green,440mm,Same as bag colour,20000,35521,42131
Non Woven Bag,WS-A4,1C (Both),280mm x 330mm x 80mm,Non Woven 90gsm,Dark Green,440mm,Same as bag colour,100,342,382
Non Woven Bag,WS-A4,1C (Both),280mm x 330mm x 80mm,Non Woven 90gsm,Dark Green,440mm,Same as bag colour,200,464,534
Non Woven Bag,WS-A4,1C (Both),280mm x 330mm x 80mm,Non Woven 90gsm,Dark Green,440mm,Same as bag colour,300,615,715
Non Woven Bag,WS-A4,1C (Both),280mm x 330mm x 80mm,Non Woven 90gsm,Dark Green,440mm,Same as bag colour,400,806,946
Non Woven Bag,WS-A4,1C (Both),280mm x 330mm x 80mm,Non Woven 90gsm,Dark Green,440mm,Same as bag colour,500,956,1126
Non Woven Bag,WS-A4,1C (Both),280mm x 330mm x 80mm,Non Woven 90gsm,Dark Green,440mm,Same as bag colour,600,1148,1348
Non Woven Bag,WS-A4,1C (Both),280mm x 330mm x 80mm,Non Woven 90gsm,Dark Green,440mm,Same as bag colour,700,1339,1579
Non Woven Bag,WS-A4,1C (Both),280mm x 330mm x 80mm,Non Woven 90gsm,Dark Green,440mm,Same as bag colour,800,1531,1801
Non Woven Bag,WS-A4,1C (Both),280mm x 330mm x 80mm,Non Woven 90gsm,Dark Green,440mm,Same as bag colour,900,1722,2022
Non Woven Bag,WS-A4,1C (Both),280mm x 330mm x 80mm,Non Woven 90gsm,Dark Green,440mm,Same as bag colour,1000,1776,2116
Non Woven Bag,WS-A4,1C (Both),280mm x 330mm x 80mm,Non Woven 90gsm,Dark Green,440mm,Same as bag colour,2000,3552,4222
Non Woven Bag,WS-A4,1C (Both),280mm x 330mm x 80mm,Non Woven 90gsm,Dark Green,440mm,Same as bag colour,3000,5328,6328
Non Woven Bag,WS-A4,1C (Both),280mm x 330mm x 80mm,Non Woven 90gsm,Dark Green,440mm,Same as bag colour,4000,7105,8435
Non Woven Bag,WS-A4,1C (Both),280mm x 330mm x 80mm,Non Woven 90gsm,Dark Green,440mm,Same as bag colour,5000,8830,10490
Non Woven Bag,WS-A4,1C (Both),280mm x 330mm x 80mm,Non Woven 90gsm,Dark Green,440mm,Same as bag colour,6000,10656,12646
Non Woven Bag,WS-A4,1C (Both),280mm x 330mm x 80mm,Non Woven 90gsm,Dark Green,440mm,Same as bag colour,7000,12432,14752
Non Woven Bag,WS-A4,1C (Both),280mm x 330mm x 80mm,Non Woven 90gsm,Dark Green,440mm,Same as bag colour,8000,14208,16858
Non Woven Bag,WS-A4,1C (Both),280mm x 330mm x 80mm,Non Woven 90gsm,Dark Green,440mm,Same as bag colour,9000,15985,18965
Non Woven Bag,WS-A4,1C (Both),280mm x 330mm x 80mm,Non Woven 90gsm,Dark Green,440mm,Same as bag colour,10000,17760,21070
Non Woven Bag,WS-A4,1C (Both),280mm x 330mm x 80mm,Non Woven 90gsm,Dark Green,440mm,Same as bag colour,11000,19536,23176
Non Woven Bag,WS-A4,1C (Both),280mm x 330mm x 80mm,Non Woven 90gsm,Dark Green,440mm,Same as bag colour,12000,21312,25282
Non Woven Bag,WS-A4,1C (Both),280mm x 330mm x 80mm,Non Woven 90gsm,Dark Green,440mm,Same as bag colour,13000,23088,27388
Non Woven Bag,WS-A4,1C (Both),280mm x 330mm x 80mm,Non Woven 90gsm,Dark Green,440mm,Same as bag colour,14000,24866,29496
Non Woven Bag,WS-A4,1C (Both),280mm x 330mm x 80mm,Non Woven 90gsm,Dark Green,440mm,Same as bag colour,15000,26641,31601
Non Woven Bag,WS-A4,1C (Both),280mm x 330mm x 80mm,Non Woven 90gsm,Dark Green,440mm,Same as bag colour,16000,28416,33706
Non Woven Bag,WS-A4,1C (Both),280mm x 330mm x 80mm,Non Woven 90gsm,Dark Green,440mm,Same as bag colour,17000,30193,35813
Non Woven Bag,WS-A4,1C (Both),280mm x 330mm x 80mm,Non Woven 90gsm,Dark Green,440mm,Same as bag colour,18000,31968,37918
Non Woven Bag,WS-A4,1C (Both),280mm x 330mm x 80mm,Non Woven 90gsm,Dark Green,440mm,Same as bag colour,19000,33746,40026
Non Woven Bag,WS-A4,1C (Both),280mm x 330mm x 80mm,Non Woven 90gsm,Dark Green,440mm,Same as bag colour,20000,35521,42131
Non Woven Bag,WS-A4,1C (Both),280mm x 330mm x 80mm,Non Woven 90gsm,Turquoise,440mm,Same as bag colour,100,342,382
Non Woven Bag,WS-A4,1C (Both),280mm x 330mm x 80mm,Non Woven 90gsm,Turquoise,440mm,Same as bag colour,200,464,534
Non Woven Bag,WS-A4,1C (Both),280mm x 330mm x 80mm,Non Woven 90gsm,Turquoise,440mm,Same as bag colour,300,615,715
Non Woven Bag,WS-A4,1C (Both),280mm x 330mm x 80mm,Non Woven 90gsm,Turquoise,440mm,Same as bag colour,400,806,946
Non Woven Bag,WS-A4,1C (Both),280mm x 330mm x 80mm,Non Woven 90gsm,Turquoise,440mm,Same as bag colour,500,956,1126
Non Woven Bag,WS-A4,1C (Both),280mm x 330mm x 80mm,Non Woven 90gsm,Turquoise,440mm,Same as bag colour,600,1148,1348
Non Woven Bag,WS-A4,1C (Both),280mm x 330mm x 80mm,Non Woven 90gsm,Turquoise,440mm,Same as bag colour,700,1339,1579
Non Woven Bag,WS-A4,1C (Both),280mm x 330mm x 80mm,Non Woven 90gsm,Turquoise,440mm,Same as bag colour,800,1531,1801
Non Woven Bag,WS-A4,1C (Both),280mm x 330mm x 80mm,Non Woven 90gsm,Turquoise,440mm,Same as bag colour,900,1722,2022
Non Woven Bag,WS-A4,1C (Both),280mm x 330mm x 80mm,Non Woven 90gsm,Turquoise,440mm,Same as bag colour,1000,1776,2116
Non Woven Bag,WS-A4,1C (Both),280mm x 330mm x 80mm,Non Woven 90gsm,Turquoise,440mm,Same as bag colour,2000,3552,4222
Non Woven Bag,WS-A4,1C (Both),280mm x 330mm x 80mm,Non Woven 90gsm,Turquoise,440mm,Same as bag colour,3000,5328,6328
Non Woven Bag,WS-A4,1C (Both),280mm x 330mm x 80mm,Non Woven 90gsm,Turquoise,440mm,Same as bag colour,4000,7105,8435
Non Woven Bag,WS-A4,1C (Both),280mm x 330mm x 80mm,Non Woven 90gsm,Turquoise,440mm,Same as bag colour,5000,8830,10490
Non Woven Bag,WS-A4,1C (Both),280mm x 330mm x 80mm,Non Woven 90gsm,Turquoise,440mm,Same as bag colour,6000,10656,12646
Non Woven Bag,WS-A4,1C (Both),280mm x 330mm x 80mm,Non Woven 90gsm,Turquoise,440mm,Same as bag colour,7000,12432,14752
Non Woven Bag,WS-A4,1C (Both),280mm x 330mm x 80mm,Non Woven 90gsm,Turquoise,440mm,Same as bag colour,8000,14208,16858
Non Woven Bag,WS-A4,1C (Both),280mm x 330mm x 80mm,Non Woven 90gsm,Turquoise,440mm,Same as bag colour,9000,15985,18965
Non Woven Bag,WS-A4,1C (Both),280mm x 330mm x 80mm,Non Woven 90gsm,Turquoise,440mm,Same as bag colour,10000,17760,21070
Non Woven Bag,WS-A4,1C (Both),280mm x 330mm x 80mm,Non Woven 90gsm,Turquoise,440mm,Same as bag colour,11000,19536,23176
Non Woven Bag,WS-A4,1C (Both),280mm x 330mm x 80mm,Non Woven 90gsm,Turquoise,440mm,Same as bag colour,12000,21312,25282
Non Woven Bag,WS-A4,1C (Both),280mm x 330mm x 80mm,Non Woven 90gsm,Turquoise,440mm,Same as bag colour,13000,23088,27388
Non Woven Bag,WS-A4,1C (Both),280mm x 330mm x 80mm,Non Woven 90gsm,Turquoise,440mm,Same as bag colour,14000,24866,29496
Non Woven Bag,WS-A4,1C (Both),280mm x 330mm x 80mm,Non Woven 90gsm,Turquoise,440mm,Same as bag colour,15000,26641,31601
Non Woven Bag,WS-A4,1C (Both),280mm x 330mm x 80mm,Non Woven 90gsm,Turquoise,440mm,Same as bag colour,16000,28416,33706
Non Woven Bag,WS-A4,1C (Both),280mm x 330mm x 80mm,Non Woven 90gsm,Turquoise,440mm,Same as bag colour,17000,30193,35813
Non Woven Bag,WS-A4,1C (Both),280mm x 330mm x 80mm,Non Woven 90gsm,Turquoise,440mm,Same as bag colour,18000,31968,37918
Non Woven Bag,WS-A4,1C (Both),280mm x 330mm x 80mm,Non Woven 90gsm,Turquoise,440mm,Same as bag colour,19000,33746,40026
Non Woven Bag,WS-A4,1C (Both),280mm x 330mm x 80mm,Non Woven 90gsm,Turquoise,440mm,Same as bag colour,20000,35521,42131
Non Woven Bag,WS-A4,1C (Both),280mm x 330mm x 80mm,Non Woven 90gsm,Cyan,440mm,Same as bag colour,100,342,382
Non Woven Bag,WS-A4,1C (Both),280mm x 330mm x 80mm,Non Woven 90gsm,Cyan,440mm,Same as bag colour,200,464,534
Non Woven Bag,WS-A4,1C (Both),280mm x 330mm x 80mm,Non Woven 90gsm,Cyan,440mm,Same as bag colour,300,615,715
Non Woven Bag,WS-A4,1C (Both),280mm x 330mm x 80mm,Non Woven 90gsm,Cyan,440mm,Same as bag colour,400,806,946
Non Woven Bag,WS-A4,1C (Both),280mm x 330mm x 80mm,Non Woven 90gsm,Cyan,440mm,Same as bag colour,500,956,1126
Non Woven Bag,WS-A4,1C (Both),280mm x 330mm x 80mm,Non Woven 90gsm,Cyan,440mm,Same as bag colour,600,1148,1348
Non Woven Bag,WS-A4,1C (Both),280mm x 330mm x 80mm,Non Woven 90gsm,Cyan,440mm,Same as bag colour,700,1339,1579
Non Woven Bag,WS-A4,1C (Both),280mm x 330mm x 80mm,Non Woven 90gsm,Cyan,440mm,Same as bag colour,800,1531,1801
Non Woven Bag,WS-A4,1C (Both),280mm x 330mm x 80mm,Non Woven 90gsm,Cyan,440mm,Same as bag colour,900,1722,2022
Non Woven Bag,WS-A4,1C (Both),280mm x 330mm x 80mm,Non Woven 90gsm,Cyan,440mm,Same as bag colour,1000,1776,2116
Non Woven Bag,WS-A4,1C (Both),280mm x 330mm x 80mm,Non Woven 90gsm,Cyan,440mm,Same as bag colour,2000,3552,4222
Non Woven Bag,WS-A4,1C (Both),280mm x 330mm x 80mm,Non Woven 90gsm,Cyan,440mm,Same as bag colour,3000,5328,6328
Non Woven Bag,WS-A4,1C (Both),280mm x 330mm x 80mm,Non Woven 90gsm,Cyan,440mm,Same as bag colour,4000,7105,8435
Non Woven Bag,WS-A4,1C (Both),280mm x 330mm x 80mm,Non Woven 90gsm,Cyan,440mm,Same as bag colour,5000,8830,10490
Non Woven Bag,WS-A4,1C (Both),280mm x 330mm x 80mm,Non Woven 90gsm,Cyan,440mm,Same as bag colour,6000,10656,12646
Non Woven Bag,WS-A4,1C (Both),280mm x 330mm x 80mm,Non Woven 90gsm,Cyan,440mm,Same as bag colour,7000,12432,14752
Non Woven Bag,WS-A4,1C (Both),280mm x 330mm x 80mm,Non Woven 90gsm,Cyan,440mm,Same as bag colour,8000,14208,16858
Non Woven Bag,WS-A4,1C (Both),280mm x 330mm x 80mm,Non Woven 90gsm,Cyan,440mm,Same as bag colour,9000,15985,18965
Non Woven Bag,WS-A4,1C (Both),280mm x 330mm x 80mm,Non Woven 90gsm,Cyan,440mm,Same as bag colour,10000,17760,21070
Non Woven Bag,WS-A4,1C (Both),280mm x 330mm x 80mm,Non Woven 90gsm,Cyan,440mm,Same as bag colour,11000,19536,23176
Non Woven Bag,WS-A4,1C (Both),280mm x 330mm x 80mm,Non Woven 90gsm,Cyan,440mm,Same as bag colour,12000,21312,25282
Non Woven Bag,WS-A4,1C (Both),280mm x 330mm x 80mm,Non Woven 90gsm,Cyan,440mm,Same as bag colour,13000,23088,27388
Non Woven Bag,WS-A4,1C (Both),280mm x 330mm x 80mm,Non Woven 90gsm,Cyan,440mm,Same as bag colour,14000,24866,29496
Non Woven Bag,WS-A4,1C (Both),280mm x 330mm x 80mm,Non Woven 90gsm,Cyan,440mm,Same as bag colour,15000,26641,31601
Non Woven Bag,WS-A4,1C (Both),280mm x 330mm x 80mm,Non Woven 90gsm,Cyan,440mm,Same as bag colour,16000,28416,33706
Non Woven Bag,WS-A4,1C (Both),280mm x 330mm x 80mm,Non Woven 90gsm,Cyan,440mm,Same as bag colour,17000,30193,35813
Non Woven Bag,WS-A4,1C (Both),280mm x 330mm x 80mm,Non Woven 90gsm,Cyan,440mm,Same as bag colour,18000,31968,37918
Non Woven Bag,WS-A4,1C (Both),280mm x 330mm x 80mm,Non Woven 90gsm,Cyan,440mm,Same as bag colour,19000,33746,40026
Non Woven Bag,WS-A4,1C (Both),280mm x 330mm x 80mm,Non Woven 90gsm,Cyan,440mm,Same as bag colour,20000,35521,42131
Non Woven Bag,WS-A4,1C (Both),280mm x 330mm x 80mm,Non Woven 90gsm,Royal Blue,440mm,Same as bag colour,100,342,382
Non Woven Bag,WS-A4,1C (Both),280mm x 330mm x 80mm,Non Woven 90gsm,Royal Blue,440mm,Same as bag colour,200,464,534
Non Woven Bag,WS-A4,1C (Both),280mm x 330mm x 80mm,Non Woven 90gsm,Royal Blue,440mm,Same as bag colour,300,615,715
Non Woven Bag,WS-A4,1C (Both),280mm x 330mm x 80mm,Non Woven 90gsm,Royal Blue,440mm,Same as bag colour,400,806,946
Non Woven Bag,WS-A4,1C (Both),280mm x 330mm x 80mm,Non Woven 90gsm,Royal Blue,440mm,Same as bag colour,500,956,1126
Non Woven Bag,WS-A4,1C (Both),280mm x 330mm x 80mm,Non Woven 90gsm,Royal Blue,440mm,Same as bag colour,600,1148,1348
Non Woven Bag,WS-A4,1C (Both),280mm x 330mm x 80mm,Non Woven 90gsm,Royal Blue,440mm,Same as bag colour,700,1339,1579
Non Woven Bag,WS-A4,1C (Both),280mm x 330mm x 80mm,Non Woven 90gsm,Royal Blue,440mm,Same as bag colour,800,1531,1801
Non Woven Bag,WS-A4,1C (Both),280mm x 330mm x 80mm,Non Woven 90gsm,Royal Blue,440mm,Same as bag colour,900,1722,2022
Non Woven Bag,WS-A4,1C (Both),280mm x 330mm x 80mm,Non Woven 90gsm,Royal Blue,440mm,Same as bag colour,1000,1776,2116
Non Woven Bag,WS-A4,1C (Both),280mm x 330mm x 80mm,Non Woven 90gsm,Royal Blue,440mm,Same as bag colour,2000,3552,4222
Non Woven Bag,WS-A4,1C (Both),280mm x 330mm x 80mm,Non Woven 90gsm,Royal Blue,440mm,Same as bag colour,3000,5328,6328
Non Woven Bag,WS-A4,1C (Both),280mm x 330mm x 80mm,Non Woven 90gsm,Royal Blue,440mm,Same as bag colour,4000,7105,8435
Non Woven Bag,WS-A4,1C (Both),280mm x 330mm x 80mm,Non Woven 90gsm,Royal Blue,440mm,Same as bag colour,5000,8830,10490
Non Woven Bag,WS-A4,1C (Both),280mm x 330mm x 80mm,Non Woven 90gsm,Royal Blue,440mm,Same as bag colour,6000,10656,12646
Non Woven Bag,WS-A4,1C (Both),280mm x 330mm x 80mm,Non Woven 90gsm,Royal Blue,440mm,Same as bag colour,7000,12432,14752
Non Woven Bag,WS-A4,1C (Both),280mm x 330mm x 80mm,Non Woven 90gsm,Royal Blue,440mm,Same as bag colour,8000,14208,16858
Non Woven Bag,WS-A4,1C (Both),280mm x 330mm x 80mm,Non Woven 90gsm,Royal Blue,440mm,Same as bag colour,9000,15985,18965
Non Woven Bag,WS-A4,1C (Both),280mm x 330mm x 80mm,Non Woven 90gsm,Royal Blue,440mm,Same as bag colour,10000,17760,21070
Non Woven Bag,WS-A4,1C (Both),280mm x 330mm x 80mm,Non Woven 90gsm,Royal Blue,440mm,Same as bag colour,11000,19536,23176
Non Woven Bag,WS-A4,1C (Both),280mm x 330mm x 80mm,Non Woven 90gsm,Royal Blue,440mm,Same as bag colour,12000,21312,25282
Non Woven Bag,WS-A4,1C (Both),280mm x 330mm x 80mm,Non Woven 90gsm,Royal Blue,440mm,Same as bag colour,13000,23088,27388
Non Woven Bag,WS-A4,1C (Both),280mm x 330mm x 80mm,Non Woven 90gsm,Royal Blue,440mm,Same as bag colour,14000,24866,29496
Non Woven Bag,WS-A4,1C (Both),280mm x 330mm x 80mm,Non Woven 90gsm,Royal Blue,440mm,Same as bag colour,15000,26641,31601
Non Woven Bag,WS-A4,1C (Both),280mm x 330mm x 80mm,Non Woven 90gsm,Royal Blue,440mm,Same as bag colour,16000,28416,33706
Non Woven Bag,WS-A4,1C (Both),280mm x 330mm x 80mm,Non Woven 90gsm,Royal Blue,440mm,Same as bag colour,17000,30193,35813
Non Woven Bag,WS-A4,1C (Both),280mm x 330mm x 80mm,Non Woven 90gsm,Royal Blue,440mm,Same as bag colour,18000,31968,37918
Non Woven Bag,WS-A4,1C (Both),280mm x 330mm x 80mm,Non Woven 90gsm,Royal Blue,440mm,Same as bag colour,19000,33746,40026
Non Woven Bag,WS-A4,1C (Both),280mm x 330mm x 80mm,Non Woven 90gsm,Royal Blue,440mm,Same as bag colour,20000,35521,42131
Non Woven Bag,WS-A4,1C (Both),280mm x 330mm x 80mm,Non Woven 90gsm,Navy Blue,440mm,Same as bag colour,100,342,382
Non Woven Bag,WS-A4,1C (Both),280mm x 330mm x 80mm,Non Woven 90gsm,Navy Blue,440mm,Same as bag colour,200,464,534
Non Woven Bag,WS-A4,1C (Both),280mm x 330mm x 80mm,Non Woven 90gsm,Navy Blue,440mm,Same as bag colour,300,615,715
Non Woven Bag,WS-A4,1C (Both),280mm x 330mm x 80mm,Non Woven 90gsm,Navy Blue,440mm,Same as bag colour,400,806,946
Non Woven Bag,WS-A4,1C (Both),280mm x 330mm x 80mm,Non Woven 90gsm,Navy Blue,440mm,Same as bag colour,500,956,1126
Non Woven Bag,WS-A4,1C (Both),280mm x 330mm x 80mm,Non Woven 90gsm,Navy Blue,440mm,Same as bag colour,600,1148,1348
Non Woven Bag,WS-A4,1C (Both),280mm x 330mm x 80mm,Non Woven 90gsm,Navy Blue,440mm,Same as bag colour,700,1339,1579
Non Woven Bag,WS-A4,1C (Both),280mm x 330mm x 80mm,Non Woven 90gsm,Navy Blue,440mm,Same as bag colour,800,1531,1801
Non Woven Bag,WS-A4,1C (Both),280mm x 330mm x 80mm,Non Woven 90gsm,Navy Blue,440mm,Same as bag colour,900,1722,2022
Non Woven Bag,WS-A4,1C (Both),280mm x 330mm x 80mm,Non Woven 90gsm,Navy Blue,440mm,Same as bag colour,1000,1776,2116
Non Woven Bag,WS-A4,1C (Both),280mm x 330mm x 80mm,Non Woven 90gsm,Navy Blue,440mm,Same as bag colour,2000,3552,4222
Non Woven Bag,WS-A4,1C (Both),280mm x 330mm x 80mm,Non Woven 90gsm,Navy Blue,440mm,Same as bag colour,3000,5328,6328
Non Woven Bag,WS-A4,1C (Both),280mm x 330mm x 80mm,Non Woven 90gsm,Navy Blue,440mm,Same as bag colour,4000,7105,8435
Non Woven Bag,WS-A4,1C (Both),280mm x 330mm x 80mm,Non Woven 90gsm,Navy Blue,440mm,Same as bag colour,5000,8830,10490
Non Woven Bag,WS-A4,1C (Both),280mm x 330mm x 80mm,Non Woven 90gsm,Navy Blue,440mm,Same as bag colour,6000,10656,12646
Non Woven Bag,WS-A4,1C (Both),280mm x 330mm x 80mm,Non Woven 90gsm,Navy Blue,440mm,Same as bag colour,7000,12432,14752
Non Woven Bag,WS-A4,1C (Both),280mm x 330mm x 80mm,Non Woven 90gsm,Navy Blue,440mm,Same as bag colour,8000,14208,16858
Non Woven Bag,WS-A4,1C (Both),280mm x 330mm x 80mm,Non Woven 90gsm,Navy Blue,440mm,Same as bag colour,9000,15985,18965
Non Woven Bag,WS-A4,1C (Both),280mm x 330mm x 80mm,Non Woven 90gsm,Navy Blue,440mm,Same as bag colour,10000,17760,21070
Non Woven Bag,WS-A4,1C (Both),280mm x 330mm x 80mm,Non Woven 90gsm,Navy Blue,440mm,Same as bag colour,11000,19536,23176
Non Woven Bag,WS-A4,1C (Both),280mm x 330mm x 80mm,Non Woven 90gsm,Navy Blue,440mm,Same as bag colour,12000,21312,25282
Non Woven Bag,WS-A4,1C (Both),280mm x 330mm x 80mm,Non Woven 90gsm,Navy Blue,440mm,Same as bag colour,13000,23088,27388
Non Woven Bag,WS-A4,1C (Both),280mm x 330mm x 80mm,Non Woven 90gsm,Navy Blue,440mm,Same as bag colour,14000,24866,29496
Non Woven Bag,WS-A4,1C (Both),280mm x 330mm x 80mm,Non Woven 90gsm,Navy Blue,440mm,Same as bag colour,15000,26641,31601
Non Woven Bag,WS-A4,1C (Both),280mm x 330mm x 80mm,Non Woven 90gsm,Navy Blue,440mm,Same as bag colour,16000,28416,33706
Non Woven Bag,WS-A4,1C (Both),280mm x 330mm x 80mm,Non Woven 90gsm,Navy Blue,440mm,Same as bag colour,17000,30193,35813
Non Woven Bag,WS-A4,1C (Both),280mm x 330mm x 80mm,Non Woven 90gsm,Navy Blue,440mm,Same as bag colour,18000,31968,37918
Non Woven Bag,WS-A4,1C (Both),280mm x 330mm x 80mm,Non Woven 90gsm,Navy Blue,440mm,Same as bag colour,19000,33746,40026
Non Woven Bag,WS-A4,1C (Both),280mm x 330mm x 80mm,Non Woven 90gsm,Navy Blue,440mm,Same as bag colour,20000,35521,42131
Non Woven Bag,WS-A4,1C (Both),280mm x 330mm x 80mm,Non Woven 90gsm,Dark Purple,440mm,Same as bag colour,100,342,382
Non Woven Bag,WS-A4,1C (Both),280mm x 330mm x 80mm,Non Woven 90gsm,Dark Purple,440mm,Same as bag colour,200,464,534
Non Woven Bag,WS-A4,1C (Both),280mm x 330mm x 80mm,Non Woven 90gsm,Dark Purple,440mm,Same as bag colour,300,615,715
Non Woven Bag,WS-A4,1C (Both),280mm x 330mm x 80mm,Non Woven 90gsm,Dark Purple,440mm,Same as bag colour,400,806,946
Non Woven Bag,WS-A4,1C (Both),280mm x 330mm x 80mm,Non Woven 90gsm,Dark Purple,440mm,Same as bag colour,500,956,1126
Non Woven Bag,WS-A4,1C (Both),280mm x 330mm x 80mm,Non Woven 90gsm,Dark Purple,440mm,Same as bag colour,600,1148,1348
Non Woven Bag,WS-A4,1C (Both),280mm x 330mm x 80mm,Non Woven 90gsm,Dark Purple,440mm,Same as bag colour,700,1339,1579
Non Woven Bag,WS-A4,1C (Both),280mm x 330mm x 80mm,Non Woven 90gsm,Dark Purple,440mm,Same as bag colour,800,1531,1801
Non Woven Bag,WS-A4,1C (Both),280mm x 330mm x 80mm,Non Woven 90gsm,Dark Purple,440mm,Same as bag colour,900,1722,2022
Non Woven Bag,WS-A4,1C (Both),280mm x 330mm x 80mm,Non Woven 90gsm,Dark Purple,440mm,Same as bag colour,1000,1776,2116
Non Woven Bag,WS-A4,1C (Both),280mm x 330mm x 80mm,Non Woven 90gsm,Dark Purple,440mm,Same as bag colour,2000,3552,4222
Non Woven Bag,WS-A4,1C (Both),280mm x 330mm x 80mm,Non Woven 90gsm,Dark Purple,440mm,Same as bag colour,3000,5328,6328
Non Woven Bag,WS-A4,1C (Both),280mm x 330mm x 80mm,Non Woven 90gsm,Dark Purple,440mm,Same as bag colour,4000,7105,8435
Non Woven Bag,WS-A4,1C (Both),280mm x 330mm x 80mm,Non Woven 90gsm,Dark Purple,440mm,Same as bag colour,5000,8830,10490
Non Woven Bag,WS-A4,1C (Both),280mm x 330mm x 80mm,Non Woven 90gsm,Dark Purple,440mm,Same as bag colour,6000,10656,12646
Non Woven Bag,WS-A4,1C (Both),280mm x 330mm x 80mm,Non Woven 90gsm,Dark Purple,440mm,Same as bag colour,7000,12432,14752
Non Woven Bag,WS-A4,1C (Both),280mm x 330mm x 80mm,Non Woven 90gsm,Dark Purple,440mm,Same as bag colour,8000,14208,16858
Non Woven Bag,WS-A4,1C (Both),280mm x 330mm x 80mm,Non Woven 90gsm,Dark Purple,440mm,Same as bag colour,9000,15985,18965
Non Woven Bag,WS-A4,1C (Both),280mm x 330mm x 80mm,Non Woven 90gsm,Dark Purple,440mm,Same as bag colour,10000,17760,21070
Non Woven Bag,WS-A4,1C (Both),280mm x 330mm x 80mm,Non Woven 90gsm,Dark Purple,440mm,Same as bag colour,11000,19536,23176
Non Woven Bag,WS-A4,1C (Both),280mm x 330mm x 80mm,Non Woven 90gsm,Dark Purple,440mm,Same as bag colour,12000,21312,25282
Non Woven Bag,WS-A4,1C (Both),280mm x 330mm x 80mm,Non Woven 90gsm,Dark Purple,440mm,Same as bag colour,13000,23088,27388
Non Woven Bag,WS-A4,1C (Both),280mm x 330mm x 80mm,Non Woven 90gsm,Dark Purple,440mm,Same as bag colour,14000,24866,29496
Non Woven Bag,WS-A4,1C (Both),280mm x 330mm x 80mm,Non Woven 90gsm,Dark Purple,440mm,Same as bag colour,15000,26641,31601
Non Woven Bag,WS-A4,1C (Both),280mm x 330mm x 80mm,Non Woven 90gsm,Dark Purple,440mm,Same as bag colour,16000,28416,33706
Non Woven Bag,WS-A4,1C (Both),280mm x 330mm x 80mm,Non Woven 90gsm,Dark Purple,440mm,Same as bag colour,17000,30193,35813
Non Woven Bag,WS-A4,1C (Both),280mm x 330mm x 80mm,Non Woven 90gsm,Dark Purple,440mm,Same as bag colour,18000,31968,37918
Non Woven Bag,WS-A4,1C (Both),280mm x 330mm x 80mm,Non Woven 90gsm,Dark Purple,440mm,Same as bag colour,19000,33746,40026
Non Woven Bag,WS-A4,1C (Both),280mm x 330mm x 80mm,Non Woven 90gsm,Dark Purple,440mm,Same as bag colour,20000,35521,42131
Non Woven Bag,WS-A4,1C (Both),280mm x 330mm x 80mm,Non Woven 90gsm,Light Brown,440mm,Same as bag colour,100,342,382
Non Woven Bag,WS-A4,1C (Both),280mm x 330mm x 80mm,Non Woven 90gsm,Light Brown,440mm,Same as bag colour,200,464,534
Non Woven Bag,WS-A4,1C (Both),280mm x 330mm x 80mm,Non Woven 90gsm,Light Brown,440mm,Same as bag colour,300,615,715
Non Woven Bag,WS-A4,1C (Both),280mm x 330mm x 80mm,Non Woven 90gsm,Light Brown,440mm,Same as bag colour,400,806,946
Non Woven Bag,WS-A4,1C (Both),280mm x 330mm x 80mm,Non Woven 90gsm,Light Brown,440mm,Same as bag colour,500,956,1126
Non Woven Bag,WS-A4,1C (Both),280mm x 330mm x 80mm,Non Woven 90gsm,Light Brown,440mm,Same as bag colour,600,1148,1348
Non Woven Bag,WS-A4,1C (Both),280mm x 330mm x 80mm,Non Woven 90gsm,Light Brown,440mm,Same as bag colour,700,1339,1579
Non Woven Bag,WS-A4,1C (Both),280mm x 330mm x 80mm,Non Woven 90gsm,Light Brown,440mm,Same as bag colour,800,1531,1801
Non Woven Bag,WS-A4,1C (Both),280mm x 330mm x 80mm,Non Woven 90gsm,Light Brown,440mm,Same as bag colour,900,1722,2022
Non Woven Bag,WS-A4,1C (Both),280mm x 330mm x 80mm,Non Woven 90gsm,Light Brown,440mm,Same as bag colour,1000,1776,2116
Non Woven Bag,WS-A4,1C (Both),280mm x 330mm x 80mm,Non Woven 90gsm,Light Brown,440mm,Same as bag colour,2000,3552,4222
Non Woven Bag,WS-A4,1C (Both),280mm x 330mm x 80mm,Non Woven 90gsm,Light Brown,440mm,Same as bag colour,3000,5328,6328
Non Woven Bag,WS-A4,1C (Both),280mm x 330mm x 80mm,Non Woven 90gsm,Light Brown,440mm,Same as bag colour,4000,7105,8435
Non Woven Bag,WS-A4,1C (Both),280mm x 330mm x 80mm,Non Woven 90gsm,Light Brown,440mm,Same as bag colour,5000,8830,10490
Non Woven Bag,WS-A4,1C (Both),280mm x 330mm x 80mm,Non Woven 90gsm,Light Brown,440mm,Same as bag colour,6000,10656,12646
Non Woven Bag,WS-A4,1C (Both),280mm x 330mm x 80mm,Non Woven 90gsm,Light Brown,440mm,Same as bag colour,7000,12432,14752
Non Woven Bag,WS-A4,1C (Both),280mm x 330mm x 80mm,Non Woven 90gsm,Light Brown,440mm,Same as bag colour,8000,14208,16858
Non Woven Bag,WS-A4,1C (Both),280mm x 330mm x 80mm,Non Woven 90gsm,Light Brown,440mm,Same as bag colour,9000,15985,18965
Non Woven Bag,WS-A4,1C (Both),280mm x 330mm x 80mm,Non Woven 90gsm,Light Brown,440mm,Same as bag colour,10000,17760,21070
Non Woven Bag,WS-A4,1C (Both),280mm x 330mm x 80mm,Non Woven 90gsm,Light Brown,440mm,Same as bag colour,11000,19536,23176
Non Woven Bag,WS-A4,1C (Both),280mm x 330mm x 80mm,Non Woven 90gsm,Light Brown,440mm,Same as bag colour,12000,21312,25282
Non Woven Bag,WS-A4,1C (Both),280mm x 330mm x 80mm,Non Woven 90gsm,Light Brown,440mm,Same as bag colour,13000,23088,27388
Non Woven Bag,WS-A4,1C (Both),280mm x 330mm x 80mm,Non Woven 90gsm,Light Brown,440mm,Same as bag colour,14000,24866,29496
Non Woven Bag,WS-A4,1C (Both),280mm x 330mm x 80mm,Non Woven 90gsm,Light Brown,440mm,Same as bag colour,15000,26641,31601
Non Woven Bag,WS-A4,1C (Both),280mm x 330mm x 80mm,Non Woven 90gsm,Light Brown,440mm,Same as bag colour,16000,28416,33706
Non Woven Bag,WS-A4,1C (Both),280mm x 330mm x 80mm,Non Woven 90gsm,Light Brown,440mm,Same as bag colour,17000,30193,35813
Non Woven Bag,WS-A4,1C (Both),280mm x 330mm x 80mm,Non Woven 90gsm,Light Brown,440mm,Same as bag colour,18000,31968,37918
Non Woven Bag,WS-A4,1C (Both),280mm x 330mm x 80mm,Non Woven 90gsm,Light Brown,440mm,Same as bag colour,19000,33746,40026
Non Woven Bag,WS-A4,1C (Both),280mm x 330mm x 80mm,Non Woven 90gsm,Light Brown,440mm,Same as bag colour,20000,35521,42131
Non Woven Bag,WS-A4,1C (Both),280mm x 330mm x 80mm,Non Woven 90gsm,Dark Brown,440mm,Same as bag colour,100,342,382
Non Woven Bag,WS-A4,1C (Both),280mm x 330mm x 80mm,Non Woven 90gsm,Dark Brown,440mm,Same as bag colour,200,464,534
Non Woven Bag,WS-A4,1C (Both),280mm x 330mm x 80mm,Non Woven 90gsm,Dark Brown,440mm,Same as bag colour,300,615,715
Non Woven Bag,WS-A4,1C (Both),280mm x 330mm x 80mm,Non Woven 90gsm,Dark Brown,440mm,Same as bag colour,400,806,946
Non Woven Bag,WS-A4,1C (Both),280mm x 330mm x 80mm,Non Woven 90gsm,Dark Brown,440mm,Same as bag colour,500,956,1126
Non Woven Bag,WS-A4,1C (Both),280mm x 330mm x 80mm,Non Woven 90gsm,Dark Brown,440mm,Same as bag colour,600,1148,1348
Non Woven Bag,WS-A4,1C (Both),280mm x 330mm x 80mm,Non Woven 90gsm,Dark Brown,440mm,Same as bag colour,700,1339,1579
Non Woven Bag,WS-A4,1C (Both),280mm x 330mm x 80mm,Non Woven 90gsm,Dark Brown,440mm,Same as bag colour,800,1531,1801
Non Woven Bag,WS-A4,1C (Both),280mm x 330mm x 80mm,Non Woven 90gsm,Dark Brown,440mm,Same as bag colour,900,1722,2022
Non Woven Bag,WS-A4,1C (Both),280mm x 330mm x 80mm,Non Woven 90gsm,Dark Brown,440mm,Same as bag colour,1000,1776,2116
Non Woven Bag,WS-A4,1C (Both),280mm x 330mm x 80mm,Non Woven 90gsm,Dark Brown,440mm,Same as bag colour,2000,3552,4222
Non Woven Bag,WS-A4,1C (Both),280mm x 330mm x 80mm,Non Woven 90gsm,Dark Brown,440mm,Same as bag colour,3000,5328,6328
Non Woven Bag,WS-A4,1C (Both),280mm x 330mm x 80mm,Non Woven 90gsm,Dark Brown,440mm,Same as bag colour,4000,7105,8435
Non Woven Bag,WS-A4,1C (Both),280mm x 330mm x 80mm,Non Woven 90gsm,Dark Brown,440mm,Same as bag colour,5000,8830,10490
Non Woven Bag,WS-A4,1C (Both),280mm x 330mm x 80mm,Non Woven 90gsm,Dark Brown,440mm,Same as bag colour,6000,10656,12646
Non Woven Bag,WS-A4,1C (Both),280mm x 330mm x 80mm,Non Woven 90gsm,Dark Brown,440mm,Same as bag colour,7000,12432,14752
Non Woven Bag,WS-A4,1C (Both),280mm x 330mm x 80mm,Non Woven 90gsm,Dark Brown,440mm,Same as bag colour,8000,14208,16858
Non Woven Bag,WS-A4,1C (Both),280mm x 330mm x 80mm,Non Woven 90gsm,Dark Brown,440mm,Same as bag colour,9000,15985,18965
Non Woven Bag,WS-A4,1C (Both),280mm x 330mm x 80mm,Non Woven 90gsm,Dark Brown,440mm,Same as bag colour,10000,17760,21070
Non Woven Bag,WS-A4,1C (Both),280mm x 330mm x 80mm,Non Woven 90gsm,Dark Brown,440mm,Same as bag colour,11000,19536,23176
Non Woven Bag,WS-A4,1C (Both),280mm x 330mm x 80mm,Non Woven 90gsm,Dark Brown,440mm,Same as bag colour,12000,21312,25282
Non Woven Bag,WS-A4,1C (Both),280mm x 330mm x 80mm,Non Woven 90gsm,Dark Brown,440mm,Same as bag colour,13000,23088,27388
Non Woven Bag,WS-A4,1C (Both),280mm x 330mm x 80mm,Non Woven 90gsm,Dark Brown,440mm,Same as bag colour,14000,24866,29496
Non Woven Bag,WS-A4,1C (Both),280mm x 330mm x 80mm,Non Woven 90gsm,Dark Brown,440mm,Same as bag colour,15000,26641,31601
Non Woven Bag,WS-A4,1C (Both),280mm x 330mm x 80mm,Non Woven 90gsm,Dark Brown,440mm,Same as bag colour,16000,28416,33706
Non Woven Bag,WS-A4,1C (Both),280mm x 330mm x 80mm,Non Woven 90gsm,Dark Brown,440mm,Same as bag colour,17000,30193,35813
Non Woven Bag,WS-A4,1C (Both),280mm x 330mm x 80mm,Non Woven 90gsm,Dark Brown,440mm,Same as bag colour,18000,31968,37918
Non Woven Bag,WS-A4,1C (Both),280mm x 330mm x 80mm,Non Woven 90gsm,Dark Brown,440mm,Same as bag colour,19000,33746,40026
Non Woven Bag,WS-A4,1C (Both),280mm x 330mm x 80mm,Non Woven 90gsm,Dark Brown,440mm,Same as bag colour,20000,35521,42131
Non Woven Bag,WS-A4,1C (Both),280mm x 330mm x 80mm,Non Woven 90gsm,Grey,440mm,Same as bag colour,100,342,382
Non Woven Bag,WS-A4,1C (Both),280mm x 330mm x 80mm,Non Woven 90gsm,Grey,440mm,Same as bag colour,200,464,534
Non Woven Bag,WS-A4,1C (Both),280mm x 330mm x 80mm,Non Woven 90gsm,Grey,440mm,Same as bag colour,300,615,715
Non Woven Bag,WS-A4,1C (Both),280mm x 330mm x 80mm,Non Woven 90gsm,Grey,440mm,Same as bag colour,400,806,946
Non Woven Bag,WS-A4,1C (Both),280mm x 330mm x 80mm,Non Woven 90gsm,Grey,440mm,Same as bag colour,500,956,1126
Non Woven Bag,WS-A4,1C (Both),280mm x 330mm x 80mm,Non Woven 90gsm,Grey,440mm,Same as bag colour,600,1148,1348
Non Woven Bag,WS-A4,1C (Both),280mm x 330mm x 80mm,Non Woven 90gsm,Grey,440mm,Same as bag colour,700,1339,1579
Non Woven Bag,WS-A4,1C (Both),280mm x 330mm x 80mm,Non Woven 90gsm,Grey,440mm,Same as bag colour,800,1531,1801
Non Woven Bag,WS-A4,1C (Both),280mm x 330mm x 80mm,Non Woven 90gsm,Grey,440mm,Same as bag colour,900,1722,2022
Non Woven Bag,WS-A4,1C (Both),280mm x 330mm x 80mm,Non Woven 90gsm,Grey,440mm,Same as bag colour,1000,1776,2116
Non Woven Bag,WS-A4,1C (Both),280mm x 330mm x 80mm,Non Woven 90gsm,Grey,440mm,Same as bag colour,2000,3552,4222
Non Woven Bag,WS-A4,1C (Both),280mm x 330mm x 80mm,Non Woven 90gsm,Grey,440mm,Same as bag colour,3000,5328,6328
Non Woven Bag,WS-A4,1C (Both),280mm x 330mm x 80mm,Non Woven 90gsm,Grey,440mm,Same as bag colour,4000,7105,8435
Non Woven Bag,WS-A4,1C (Both),280mm x 330mm x 80mm,Non Woven 90gsm,Grey,440mm,Same as bag colour,5000,8830,10490
Non Woven Bag,WS-A4,1C (Both),280mm x 330mm x 80mm,Non Woven 90gsm,Grey,440mm,Same as bag colour,6000,10656,12646
Non Woven Bag,WS-A4,1C (Both),280mm x 330mm x 80mm,Non Woven 90gsm,Grey,440mm,Same as bag colour,7000,12432,14752
Non Woven Bag,WS-A4,1C (Both),280mm x 330mm x 80mm,Non Woven 90gsm,Grey,440mm,Same as bag colour,8000,14208,16858
Non Woven Bag,WS-A4,1C (Both),280mm x 330mm x 80mm,Non Woven 90gsm,Grey,440mm,Same as bag colour,9000,15985,18965
Non Woven Bag,WS-A4,1C (Both),280mm x 330mm x 80mm,Non Woven 90gsm,Grey,440mm,Same as bag colour,10000,17760,21070
Non Woven Bag,WS-A4,1C (Both),280mm x 330mm x 80mm,Non Woven 90gsm,Grey,440mm,Same as bag colour,11000,19536,23176
Non Woven Bag,WS-A4,1C (Both),280mm x 330mm x 80mm,Non Woven 90gsm,Grey,440mm,Same as bag colour,12000,21312,25282
Non Woven Bag,WS-A4,1C (Both),280mm x 330mm x 80mm,Non Woven 90gsm,Grey,440mm,Same as bag colour,13000,23088,27388
Non Woven Bag,WS-A4,1C (Both),280mm x 330mm x 80mm,Non Woven 90gsm,Grey,440mm,Same as bag colour,14000,24866,29496
Non Woven Bag,WS-A4,1C (Both),280mm x 330mm x 80mm,Non Woven 90gsm,Grey,440mm,Same as bag colour,15000,26641,31601
Non Woven Bag,WS-A4,1C (Both),280mm x 330mm x 80mm,Non Woven 90gsm,Grey,440mm,Same as bag colour,16000,28416,33706
Non Woven Bag,WS-A4,1C (Both),280mm x 330mm x 80mm,Non Woven 90gsm,Grey,440mm,Same as bag colour,17000,30193,35813
Non Woven Bag,WS-A4,1C (Both),280mm x 330mm x 80mm,Non Woven 90gsm,Grey,440mm,Same as bag colour,18000,31968,37918
Non Woven Bag,WS-A4,1C (Both),280mm x 330mm x 80mm,Non Woven 90gsm,Grey,440mm,Same as bag colour,19000,33746,40026
Non Woven Bag,WS-A4,1C (Both),280mm x 330mm x 80mm,Non Woven 90gsm,Grey,440mm,Same as bag colour,20000,35521,42131
Non Woven Bag,WS-A3P,1C (Front),350mm x 350mm x 100mm,Non Woven 90gsm,Black,500mm,Same as bag colour,100,250,300
Non Woven Bag,WS-A3P,1C (Front),350mm x 350mm x 100mm,Non Woven 90gsm,Black,500mm,Same as bag colour,200,422,512
Non Woven Bag,WS-A3P,1C (Front),350mm x 350mm x 100mm,Non Woven 90gsm,Black,500mm,Same as bag colour,300,554,694
Non Woven Bag,WS-A3P,1C (Front),350mm x 350mm x 100mm,Non Woven 90gsm,Black,500mm,Same as bag colour,400,725,905
Non Woven Bag,WS-A3P,1C (Front),350mm x 350mm x 100mm,Non Woven 90gsm,Black,500mm,Same as bag colour,500,858,1088
Non Woven Bag,WS-A3P,1C (Front),350mm x 350mm x 100mm,Non Woven 90gsm,Black,500mm,Same as bag colour,600,1030,1300
Non Woven Bag,WS-A3P,1C (Front),350mm x 350mm x 100mm,Non Woven 90gsm,Black,500mm,Same as bag colour,700,1204,1514
Non Woven Bag,WS-A3P,1C (Front),350mm x 350mm x 100mm,Non Woven 90gsm,Black,500mm,Same as bag colour,800,1372,1732
Non Woven Bag,WS-A3P,1C (Front),350mm x 350mm x 100mm,Non Woven 90gsm,Black,500mm,Same as bag colour,900,1544,1944
Non Woven Bag,WS-A3P,1C (Front),350mm x 350mm x 100mm,Non Woven 90gsm,Black,500mm,Same as bag colour,1000,1673,2123
Non Woven Bag,WS-A3P,1C (Front),350mm x 350mm x 100mm,Non Woven 90gsm,Black,500mm,Same as bag colour,2000,3346,4236
Non Woven Bag,WS-A3P,1C (Front),350mm x 350mm x 100mm,Non Woven 90gsm,Black,500mm,Same as bag colour,3000,5020,6350
Non Woven Bag,WS-A3P,1C (Front),350mm x 350mm x 100mm,Non Woven 90gsm,Black,500mm,Same as bag colour,4000,6692,8462
Non Woven Bag,WS-A3P,1C (Front),350mm x 350mm x 100mm,Non Woven 90gsm,Black,500mm,Same as bag colour,5000,8365,10575
Non Woven Bag,WS-A3P,1C (Front),350mm x 350mm x 100mm,Non Woven 90gsm,Black,500mm,Same as bag colour,6000,10038,12688
Non Woven Bag,WS-A3P,1C (Front),350mm x 350mm x 100mm,Non Woven 90gsm,Black,500mm,Same as bag colour,7000,11712,14802
Non Woven Bag,WS-A3P,1C (Front),350mm x 350mm x 100mm,Non Woven 90gsm,Black,500mm,Same as bag colour,8000,13384,16914
Non Woven Bag,WS-A3P,1C (Front),350mm x 350mm x 100mm,Non Woven 90gsm,Black,500mm,Same as bag colour,9000,15057,19027
Non Woven Bag,WS-A3P,1C (Front),350mm x 350mm x 100mm,Non Woven 90gsm,Black,500mm,Same as bag colour,10000,16439,20849
Non Woven Bag,WS-A3P,1C (Front),350mm x 350mm x 100mm,Non Woven 90gsm,Black,500mm,Same as bag colour,11000,18083,22933
Non Woven Bag,WS-A3P,1C (Front),350mm x 350mm x 100mm,Non Woven 90gsm,Black,500mm,Same as bag colour,12000,19727,25017
Non Woven Bag,WS-A3P,1C (Front),350mm x 350mm x 100mm,Non Woven 90gsm,Black,500mm,Same as bag colour,13000,21370,27100
Non Woven Bag,WS-A3P,1C (Front),350mm x 350mm x 100mm,Non Woven 90gsm,Black,500mm,Same as bag colour,14000,23015,29185
Non Woven Bag,WS-A3P,1C (Front),350mm x 350mm x 100mm,Non Woven 90gsm,Black,500mm,Same as bag colour,15000,24658,31268
Non Woven Bag,WS-A3P,1C (Front),350mm x 350mm x 100mm,Non Woven 90gsm,Black,500mm,Same as bag colour,16000,26303,33353
Non Woven Bag,WS-A3P,1C (Front),350mm x 350mm x 100mm,Non Woven 90gsm,Black,500mm,Same as bag colour,17000,27946,35436
Non Woven Bag,WS-A3P,1C (Front),350mm x 350mm x 100mm,Non Woven 90gsm,Black,500mm,Same as bag colour,18000,29591,37521
Non Woven Bag,WS-A3P,1C (Front),350mm x 350mm x 100mm,Non Woven 90gsm,Black,500mm,Same as bag colour,19000,31234,39604
Non Woven Bag,WS-A3P,1C (Front),350mm x 350mm x 100mm,Non Woven 90gsm,Black,500mm,Same as bag colour,20000,32877,41687
Non Woven Bag,WS-A3P,1C (Front),350mm x 350mm x 100mm,Non Woven 90gsm,White,500mm,Same as bag colour,100,250,300
Non Woven Bag,WS-A3P,1C (Front),350mm x 350mm x 100mm,Non Woven 90gsm,White,500mm,Same as bag colour,200,422,512
Non Woven Bag,WS-A3P,1C (Front),350mm x 350mm x 100mm,Non Woven 90gsm,White,500mm,Same as bag colour,300,554,694
Non Woven Bag,WS-A3P,1C (Front),350mm x 350mm x 100mm,Non Woven 90gsm,White,500mm,Same as bag colour,400,725,905
Non Woven Bag,WS-A3P,1C (Front),350mm x 350mm x 100mm,Non Woven 90gsm,White,500mm,Same as bag colour,500,858,1088
Non Woven Bag,WS-A3P,1C (Front),350mm x 350mm x 100mm,Non Woven 90gsm,White,500mm,Same as bag colour,600,1030,1300
Non Woven Bag,WS-A3P,1C (Front),350mm x 350mm x 100mm,Non Woven 90gsm,White,500mm,Same as bag colour,700,1204,1514
Non Woven Bag,WS-A3P,1C (Front),350mm x 350mm x 100mm,Non Woven 90gsm,White,500mm,Same as bag colour,800,1372,1732
Non Woven Bag,WS-A3P,1C (Front),350mm x 350mm x 100mm,Non Woven 90gsm,White,500mm,Same as bag colour,900,1544,1944
Non Woven Bag,WS-A3P,1C (Front),350mm x 350mm x 100mm,Non Woven 90gsm,White,500mm,Same as bag colour,1000,1673,2123
Non Woven Bag,WS-A3P,1C (Front),350mm x 350mm x 100mm,Non Woven 90gsm,White,500mm,Same as bag colour,2000,3346,4236
Non Woven Bag,WS-A3P,1C (Front),350mm x 350mm x 100mm,Non Woven 90gsm,White,500mm,Same as bag colour,3000,5020,6350
Non Woven Bag,WS-A3P,1C (Front),350mm x 350mm x 100mm,Non Woven 90gsm,White,500mm,Same as bag colour,4000,6692,8462
Non Woven Bag,WS-A3P,1C (Front),350mm x 350mm x 100mm,Non Woven 90gsm,White,500mm,Same as bag colour,5000,8365,10575
Non Woven Bag,WS-A3P,1C (Front),350mm x 350mm x 100mm,Non Woven 90gsm,White,500mm,Same as bag colour,6000,10038,12688
Non Woven Bag,WS-A3P,1C (Front),350mm x 350mm x 100mm,Non Woven 90gsm,White,500mm,Same as bag colour,7000,11712,14802
Non Woven Bag,WS-A3P,1C (Front),350mm x 350mm x 100mm,Non Woven 90gsm,White,500mm,Same as bag colour,8000,13384,16914
Non Woven Bag,WS-A3P,1C (Front),350mm x 350mm x 100mm,Non Woven 90gsm,White,500mm,Same as bag colour,9000,15057,19027
Non Woven Bag,WS-A3P,1C (Front),350mm x 350mm x 100mm,Non Woven 90gsm,White,500mm,Same as bag colour,10000,16439,20849
Non Woven Bag,WS-A3P,1C (Front),350mm x 350mm x 100mm,Non Woven 90gsm,White,500mm,Same as bag colour,11000,18083,22933
Non Woven Bag,WS-A3P,1C (Front),350mm x 350mm x 100mm,Non Woven 90gsm,White,500mm,Same as bag colour,12000,19727,25017
Non Woven Bag,WS-A3P,1C (Front),350mm x 350mm x 100mm,Non Woven 90gsm,White,500mm,Same as bag colour,13000,21370,27100
Non Woven Bag,WS-A3P,1C (Front),350mm x 350mm x 100mm,Non Woven 90gsm,White,500mm,Same as bag colour,14000,23015,29185
Non Woven Bag,WS-A3P,1C (Front),350mm x 350mm x 100mm,Non Woven 90gsm,White,500mm,Same as bag colour,15000,24658,31268
Non Woven Bag,WS-A3P,1C (Front),350mm x 350mm x 100mm,Non Woven 90gsm,White,500mm,Same as bag colour,16000,26303,33353
Non Woven Bag,WS-A3P,1C (Front),350mm x 350mm x 100mm,Non Woven 90gsm,White,500mm,Same as bag colour,17000,27946,35436
Non Woven Bag,WS-A3P,1C (Front),350mm x 350mm x 100mm,Non Woven 90gsm,White,500mm,Same as bag colour,18000,29591,37521
Non Woven Bag,WS-A3P,1C (Front),350mm x 350mm x 100mm,Non Woven 90gsm,White,500mm,Same as bag colour,19000,31234,39604
Non Woven Bag,WS-A3P,1C (Front),350mm x 350mm x 100mm,Non Woven 90gsm,White,500mm,Same as bag colour,20000,32877,41687
Non Woven Bag,WS-A3P,1C (Front),350mm x 350mm x 100mm,Non Woven 90gsm,Beige,500mm,Same as bag colour,100,250,300
Non Woven Bag,WS-A3P,1C (Front),350mm x 350mm x 100mm,Non Woven 90gsm,Beige,500mm,Same as bag colour,200,422,512
Non Woven Bag,WS-A3P,1C (Front),350mm x 350mm x 100mm,Non Woven 90gsm,Beige,500mm,Same as bag colour,300,554,694
Non Woven Bag,WS-A3P,1C (Front),350mm x 350mm x 100mm,Non Woven 90gsm,Beige,500mm,Same as bag colour,400,725,905
Non Woven Bag,WS-A3P,1C (Front),350mm x 350mm x 100mm,Non Woven 90gsm,Beige,500mm,Same as bag colour,500,858,1088
Non Woven Bag,WS-A3P,1C (Front),350mm x 350mm x 100mm,Non Woven 90gsm,Beige,500mm,Same as bag colour,600,1030,1300
Non Woven Bag,WS-A3P,1C (Front),350mm x 350mm x 100mm,Non Woven 90gsm,Beige,500mm,Same as bag colour,700,1204,1514
Non Woven Bag,WS-A3P,1C (Front),350mm x 350mm x 100mm,Non Woven 90gsm,Beige,500mm,Same as bag colour,800,1372,1732
Non Woven Bag,WS-A3P,1C (Front),350mm x 350mm x 100mm,Non Woven 90gsm,Beige,500mm,Same as bag colour,900,1544,1944
Non Woven Bag,WS-A3P,1C (Front),350mm x 350mm x 100mm,Non Woven 90gsm,Beige,500mm,Same as bag colour,1000,1673,2123
Non Woven Bag,WS-A3P,1C (Front),350mm x 350mm x 100mm,Non Woven 90gsm,Beige,500mm,Same as bag colour,2000,3346,4236
Non Woven Bag,WS-A3P,1C (Front),350mm x 350mm x 100mm,Non Woven 90gsm,Beige,500mm,Same as bag colour,3000,5020,6350
Non Woven Bag,WS-A3P,1C (Front),350mm x 350mm x 100mm,Non Woven 90gsm,Beige,500mm,Same as bag colour,4000,6692,8462
Non Woven Bag,WS-A3P,1C (Front),350mm x 350mm x 100mm,Non Woven 90gsm,Beige,500mm,Same as bag colour,5000,8365,10575
Non Woven Bag,WS-A3P,1C (Front),350mm x 350mm x 100mm,Non Woven 90gsm,Beige,500mm,Same as bag colour,6000,10038,12688
Non Woven Bag,WS-A3P,1C (Front),350mm x 350mm x 100mm,Non Woven 90gsm,Beige,500mm,Same as bag colour,7000,11712,14802
Non Woven Bag,WS-A3P,1C (Front),350mm x 350mm x 100mm,Non Woven 90gsm,Beige,500mm,Same as bag colour,8000,13384,16914
Non Woven Bag,WS-A3P,1C (Front),350mm x 350mm x 100mm,Non Woven 90gsm,Beige,500mm,Same as bag colour,9000,15057,19027
Non Woven Bag,WS-A3P,1C (Front),350mm x 350mm x 100mm,Non Woven 90gsm,Beige,500mm,Same as bag colour,10000,16439,20849
Non Woven Bag,WS-A3P,1C (Front),350mm x 350mm x 100mm,Non Woven 90gsm,Beige,500mm,Same as bag colour,11000,18083,22933
Non Woven Bag,WS-A3P,1C (Front),350mm x 350mm x 100mm,Non Woven 90gsm,Beige,500mm,Same as bag colour,12000,19727,25017
Non Woven Bag,WS-A3P,1C (Front),350mm x 350mm x 100mm,Non Woven 90gsm,Beige,500mm,Same as bag colour,13000,21370,27100
Non Woven Bag,WS-A3P,1C (Front),350mm x 350mm x 100mm,Non Woven 90gsm,Beige,500mm,Same as bag colour,14000,23015,29185
Non Woven Bag,WS-A3P,1C (Front),350mm x 350mm x 100mm,Non Woven 90gsm,Beige,500mm,Same as bag colour,15000,24658,31268
Non Woven Bag,WS-A3P,1C (Front),350mm x 350mm x 100mm,Non Woven 90gsm,Beige,500mm,Same as bag colour,16000,26303,33353
Non Woven Bag,WS-A3P,1C (Front),350mm x 350mm x 100mm,Non Woven 90gsm,Beige,500mm,Same as bag colour,17000,27946,35436
Non Woven Bag,WS-A3P,1C (Front),350mm x 350mm x 100mm,Non Woven 90gsm,Beige,500mm,Same as bag colour,18000,29591,37521
Non Woven Bag,WS-A3P,1C (Front),350mm x 350mm x 100mm,Non Woven 90gsm,Beige,500mm,Same as bag colour,19000,31234,39604
Non Woven Bag,WS-A3P,1C (Front),350mm x 350mm x 100mm,Non Woven 90gsm,Beige,500mm,Same as bag colour,20000,32877,41687
Non Woven Bag,WS-A3P,1C (Front),350mm x 350mm x 100mm,Non Woven 90gsm,Orange,500mm,Same as bag colour,100,250,300
Non Woven Bag,WS-A3P,1C (Front),350mm x 350mm x 100mm,Non Woven 90gsm,Orange,500mm,Same as bag colour,200,422,512
Non Woven Bag,WS-A3P,1C (Front),350mm x 350mm x 100mm,Non Woven 90gsm,Orange,500mm,Same as bag colour,300,554,694
Non Woven Bag,WS-A3P,1C (Front),350mm x 350mm x 100mm,Non Woven 90gsm,Orange,500mm,Same as bag colour,400,725,905
Non Woven Bag,WS-A3P,1C (Front),350mm x 350mm x 100mm,Non Woven 90gsm,Orange,500mm,Same as bag colour,500,858,1088
Non Woven Bag,WS-A3P,1C (Front),350mm x 350mm x 100mm,Non Woven 90gsm,Orange,500mm,Same as bag colour,600,1030,1300
Non Woven Bag,WS-A3P,1C (Front),350mm x 350mm x 100mm,Non Woven 90gsm,Orange,500mm,Same as bag colour,700,1204,1514
Non Woven Bag,WS-A3P,1C (Front),350mm x 350mm x 100mm,Non Woven 90gsm,Orange,500mm,Same as bag colour,800,1372,1732
Non Woven Bag,WS-A3P,1C (Front),350mm x 350mm x 100mm,Non Woven 90gsm,Orange,500mm,Same as bag colour,900,1544,1944
Non Woven Bag,WS-A3P,1C (Front),350mm x 350mm x 100mm,Non Woven 90gsm,Orange,500mm,Same as bag colour,1000,1673,2123
Non Woven Bag,WS-A3P,1C (Front),350mm x 350mm x 100mm,Non Woven 90gsm,Orange,500mm,Same as bag colour,2000,3346,4236
Non Woven Bag,WS-A3P,1C (Front),350mm x 350mm x 100mm,Non Woven 90gsm,Orange,500mm,Same as bag colour,3000,5020,6350
Non Woven Bag,WS-A3P,1C (Front),350mm x 350mm x 100mm,Non Woven 90gsm,Orange,500mm,Same as bag colour,4000,6692,8462
Non Woven Bag,WS-A3P,1C (Front),350mm x 350mm x 100mm,Non Woven 90gsm,Orange,500mm,Same as bag colour,5000,8365,10575
Non Woven Bag,WS-A3P,1C (Front),350mm x 350mm x 100mm,Non Woven 90gsm,Orange,500mm,Same as bag colour,6000,10038,12688
Non Woven Bag,WS-A3P,1C (Front),350mm x 350mm x 100mm,Non Woven 90gsm,Orange,500mm,Same as bag colour,7000,11712,14802
Non Woven Bag,WS-A3P,1C (Front),350mm x 350mm x 100mm,Non Woven 90gsm,Orange,500mm,Same as bag colour,8000,13384,16914
Non Woven Bag,WS-A3P,1C (Front),350mm x 350mm x 100mm,Non Woven 90gsm,Orange,500mm,Same as bag colour,9000,15057,19027
Non Woven Bag,WS-A3P,1C (Front),350mm x 350mm x 100mm,Non Woven 90gsm,Orange,500mm,Same as bag colour,10000,16439,20849
Non Woven Bag,WS-A3P,1C (Front),350mm x 350mm x 100mm,Non Woven 90gsm,Orange,500mm,Same as bag colour,11000,18083,22933
Non Woven Bag,WS-A3P,1C (Front),350mm x 350mm x 100mm,Non Woven 90gsm,Orange,500mm,Same as bag colour,12000,19727,25017
Non Woven Bag,WS-A3P,1C (Front),350mm x 350mm x 100mm,Non Woven 90gsm,Orange,500mm,Same as bag colour,13000,21370,27100
Non Woven Bag,WS-A3P,1C (Front),350mm x 350mm x 100mm,Non Woven 90gsm,Orange,500mm,Same as bag colour,14000,23015,29185
Non Woven Bag,WS-A3P,1C (Front),350mm x 350mm x 100mm,Non Woven 90gsm,Orange,500mm,Same as bag colour,15000,24658,31268
Non Woven Bag,WS-A3P,1C (Front),350mm x 350mm x 100mm,Non Woven 90gsm,Orange,500mm,Same as bag colour,16000,26303,33353
Non Woven Bag,WS-A3P,1C (Front),350mm x 350mm x 100mm,Non Woven 90gsm,Orange,500mm,Same as bag colour,17000,27946,35436
Non Woven Bag,WS-A3P,1C (Front),350mm x 350mm x 100mm,Non Woven 90gsm,Orange,500mm,Same as bag colour,18000,29591,37521
Non Woven Bag,WS-A3P,1C (Front),350mm x 350mm x 100mm,Non Woven 90gsm,Orange,500mm,Same as bag colour,19000,31234,39604
Non Woven Bag,WS-A3P,1C (Front),350mm x 350mm x 100mm,Non Woven 90gsm,Orange,500mm,Same as bag colour,20000,32877,41687
Non Woven Bag,WS-A3P,1C (Front),350mm x 350mm x 100mm,Non Woven 90gsm,Red,500mm,Same as bag colour,100,250,300
Non Woven Bag,WS-A3P,1C (Front),350mm x 350mm x 100mm,Non Woven 90gsm,Red,500mm,Same as bag colour,200,422,512
Non Woven Bag,WS-A3P,1C (Front),350mm x 350mm x 100mm,Non Woven 90gsm,Red,500mm,Same as bag colour,300,554,694
Non Woven Bag,WS-A3P,1C (Front),350mm x 350mm x 100mm,Non Woven 90gsm,Red,500mm,Same as bag colour,400,725,905
Non Woven Bag,WS-A3P,1C (Front),350mm x 350mm x 100mm,Non Woven 90gsm,Red,500mm,Same as bag colour,500,858,1088
Non Woven Bag,WS-A3P,1C (Front),350mm x 350mm x 100mm,Non Woven 90gsm,Red,500mm,Same as bag colour,600,1030,1300
Non Woven Bag,WS-A3P,1C (Front),350mm x 350mm x 100mm,Non Woven 90gsm,Red,500mm,Same as bag colour,700,1204,1514
Non Woven Bag,WS-A3P,1C (Front),350mm x 350mm x 100mm,Non Woven 90gsm,Red,500mm,Same as bag colour,800,1372,1732
Non Woven Bag,WS-A3P,1C (Front),350mm x 350mm x 100mm,Non Woven 90gsm,Red,500mm,Same as bag colour,900,1544,1944
Non Woven Bag,WS-A3P,1C (Front),350mm x 350mm x 100mm,Non Woven 90gsm,Red,500mm,Same as bag colour,1000,1673,2123
Non Woven Bag,WS-A3P,1C (Front),350mm x 350mm x 100mm,Non Woven 90gsm,Red,500mm,Same as bag colour,2000,3346,4236
Non Woven Bag,WS-A3P,1C (Front),350mm x 350mm x 100mm,Non Woven 90gsm,Red,500mm,Same as bag colour,3000,5020,6350
Non Woven Bag,WS-A3P,1C (Front),350mm x 350mm x 100mm,Non Woven 90gsm,Red,500mm,Same as bag colour,4000,6692,8462
Non Woven Bag,WS-A3P,1C (Front),350mm x 350mm x 100mm,Non Woven 90gsm,Red,500mm,Same as bag colour,5000,8365,10575
Non Woven Bag,WS-A3P,1C (Front),350mm x 350mm x 100mm,Non Woven 90gsm,Red,500mm,Same as bag colour,6000,10038,12688
Non Woven Bag,WS-A3P,1C (Front),350mm x 350mm x 100mm,Non Woven 90gsm,Red,500mm,Same as bag colour,7000,11712,14802
Non Woven Bag,WS-A3P,1C (Front),350mm x 350mm x 100mm,Non Woven 90gsm,Red,500mm,Same as bag colour,8000,13384,16914
Non Woven Bag,WS-A3P,1C (Front),350mm x 350mm x 100mm,Non Woven 90gsm,Red,500mm,Same as bag colour,9000,15057,19027
Non Woven Bag,WS-A3P,1C (Front),350mm x 350mm x 100mm,Non Woven 90gsm,Red,500mm,Same as bag colour,10000,16439,20849
Non Woven Bag,WS-A3P,1C (Front),350mm x 350mm x 100mm,Non Woven 90gsm,Red,500mm,Same as bag colour,11000,18083,22933
Non Woven Bag,WS-A3P,1C (Front),350mm x 350mm x 100mm,Non Woven 90gsm,Red,500mm,Same as bag colour,12000,19727,25017
Non Woven Bag,WS-A3P,1C (Front),350mm x 350mm x 100mm,Non Woven 90gsm,Red,500mm,Same as bag colour,13000,21370,27100
Non Woven Bag,WS-A3P,1C (Front),350mm x 350mm x 100mm,Non Woven 90gsm,Red,500mm,Same as bag colour,14000,23015,29185
Non Woven Bag,WS-A3P,1C (Front),350mm x 350mm x 100mm,Non Woven 90gsm,Red,500mm,Same as bag colour,15000,24658,31268
Non Woven Bag,WS-A3P,1C (Front),350mm x 350mm x 100mm,Non Woven 90gsm,Red,500mm,Same as bag colour,16000,26303,33353
Non Woven Bag,WS-A3P,1C (Front),350mm x 350mm x 100mm,Non Woven 90gsm,Red,500mm,Same as bag colour,17000,27946,35436
Non Woven Bag,WS-A3P,1C (Front),350mm x 350mm x 100mm,Non Woven 90gsm,Red,500mm,Same as bag colour,18000,29591,37521
Non Woven Bag,WS-A3P,1C (Front),350mm x 350mm x 100mm,Non Woven 90gsm,Red,500mm,Same as bag colour,19000,31234,39604
Non Woven Bag,WS-A3P,1C (Front),350mm x 350mm x 100mm,Non Woven 90gsm,Red,500mm,Same as bag colour,20000,32877,41687
Non Woven Bag,WS-A3P,1C (Front),350mm x 350mm x 100mm,Non Woven 90gsm,Green,500mm,Same as bag colour,100,250,300
Non Woven Bag,WS-A3P,1C (Front),350mm x 350mm x 100mm,Non Woven 90gsm,Green,500mm,Same as bag colour,200,422,512
Non Woven Bag,WS-A3P,1C (Front),350mm x 350mm x 100mm,Non Woven 90gsm,Green,500mm,Same as bag colour,300,554,694
Non Woven Bag,WS-A3P,1C (Front),350mm x 350mm x 100mm,Non Woven 90gsm,Green,500mm,Same as bag colour,400,725,905
Non Woven Bag,WS-A3P,1C (Front),350mm x 350mm x 100mm,Non Woven 90gsm,Green,500mm,Same as bag colour,500,858,1088
Non Woven Bag,WS-A3P,1C (Front),350mm x 350mm x 100mm,Non Woven 90gsm,Green,500mm,Same as bag colour,600,1030,1300
Non Woven Bag,WS-A3P,1C (Front),350mm x 350mm x 100mm,Non Woven 90gsm,Green,500mm,Same as bag colour,700,1204,1514
Non Woven Bag,WS-A3P,1C (Front),350mm x 350mm x 100mm,Non Woven 90gsm,Green,500mm,Same as bag colour,800,1372,1732
Non Woven Bag,WS-A3P,1C (Front),350mm x 350mm x 100mm,Non Woven 90gsm,Green,500mm,Same as bag colour,900,1544,1944
Non Woven Bag,WS-A3P,1C (Front),350mm x 350mm x 100mm,Non Woven 90gsm,Green,500mm,Same as bag colour,1000,1673,2123
Non Woven Bag,WS-A3P,1C (Front),350mm x 350mm x 100mm,Non Woven 90gsm,Green,500mm,Same as bag colour,2000,3346,4236
Non Woven Bag,WS-A3P,1C (Front),350mm x 350mm x 100mm,Non Woven 90gsm,Green,500mm,Same as bag colour,3000,5020,6350
Non Woven Bag,WS-A3P,1C (Front),350mm x 350mm x 100mm,Non Woven 90gsm,Green,500mm,Same as bag colour,4000,6692,8462
Non Woven Bag,WS-A3P,1C (Front),350mm x 350mm x 100mm,Non Woven 90gsm,Green,500mm,Same as bag colour,5000,8365,10575
Non Woven Bag,WS-A3P,1C (Front),350mm x 350mm x 100mm,Non Woven 90gsm,Green,500mm,Same as bag colour,6000,10038,12688
Non Woven Bag,WS-A3P,1C (Front),350mm x 350mm x 100mm,Non Woven 90gsm,Green,500mm,Same as bag colour,7000,11712,14802
Non Woven Bag,WS-A3P,1C (Front),350mm x 350mm x 100mm,Non Woven 90gsm,Green,500mm,Same as bag colour,8000,13384,16914
Non Woven Bag,WS-A3P,1C (Front),350mm x 350mm x 100mm,Non Woven 90gsm,Green,500mm,Same as bag colour,9000,15057,19027
Non Woven Bag,WS-A3P,1C (Front),350mm x 350mm x 100mm,Non Woven 90gsm,Green,500mm,Same as bag colour,10000,16439,20849
Non Woven Bag,WS-A3P,1C (Front),350mm x 350mm x 100mm,Non Woven 90gsm,Green,500mm,Same as bag colour,11000,18083,22933
Non Woven Bag,WS-A3P,1C (Front),350mm x 350mm x 100mm,Non Woven 90gsm,Green,500mm,Same as bag colour,12000,19727,25017
Non Woven Bag,WS-A3P,1C (Front),350mm x 350mm x 100mm,Non Woven 90gsm,Green,500mm,Same as bag colour,13000,21370,27100
Non Woven Bag,WS-A3P,1C (Front),350mm x 350mm x 100mm,Non Woven 90gsm,Green,500mm,Same as bag colour,14000,23015,29185
Non Woven Bag,WS-A3P,1C (Front),350mm x 350mm x 100mm,Non Woven 90gsm,Green,500mm,Same as bag colour,15000,24658,31268
Non Woven Bag,WS-A3P,1C (Front),350mm x 350mm x 100mm,Non Woven 90gsm,Green,500mm,Same as bag colour,16000,26303,33353
Non Woven Bag,WS-A3P,1C (Front),350mm x 350mm x 100mm,Non Woven 90gsm,Green,500mm,Same as bag colour,17000,27946,35436
Non Woven Bag,WS-A3P,1C (Front),350mm x 350mm x 100mm,Non Woven 90gsm,Green,500mm,Same as bag colour,18000,29591,37521
Non Woven Bag,WS-A3P,1C (Front),350mm x 350mm x 100mm,Non Woven 90gsm,Green,500mm,Same as bag colour,19000,31234,39604
Non Woven Bag,WS-A3P,1C (Front),350mm x 350mm x 100mm,Non Woven 90gsm,Green,500mm,Same as bag colour,20000,32877,41687
Non Woven Bag,WS-A3P,1C (Front),350mm x 350mm x 100mm,Non Woven 90gsm,Royal Blue,500mm,Same as bag colour,100,250,300
Non Woven Bag,WS-A3P,1C (Front),350mm x 350mm x 100mm,Non Woven 90gsm,Royal Blue,500mm,Same as bag colour,200,422,512
Non Woven Bag,WS-A3P,1C (Front),350mm x 350mm x 100mm,Non Woven 90gsm,Royal Blue,500mm,Same as bag colour,300,554,694
Non Woven Bag,WS-A3P,1C (Front),350mm x 350mm x 100mm,Non Woven 90gsm,Royal Blue,500mm,Same as bag colour,400,725,905
Non Woven Bag,WS-A3P,1C (Front),350mm x 350mm x 100mm,Non Woven 90gsm,Royal Blue,500mm,Same as bag colour,500,858,1088
Non Woven Bag,WS-A3P,1C (Front),350mm x 350mm x 100mm,Non Woven 90gsm,Royal Blue,500mm,Same as bag colour,600,1030,1300
Non Woven Bag,WS-A3P,1C (Front),350mm x 350mm x 100mm,Non Woven 90gsm,Royal Blue,500mm,Same as bag colour,700,1204,1514
Non Woven Bag,WS-A3P,1C (Front),350mm x 350mm x 100mm,Non Woven 90gsm,Royal Blue,500mm,Same as bag colour,800,1372,1732
Non Woven Bag,WS-A3P,1C (Front),350mm x 350mm x 100mm,Non Woven 90gsm,Royal Blue,500mm,Same as bag colour,900,1544,1944
Non Woven Bag,WS-A3P,1C (Front),350mm x 350mm x 100mm,Non Woven 90gsm,Royal Blue,500mm,Same as bag colour,1000,1673,2123
Non Woven Bag,WS-A3P,1C (Front),350mm x 350mm x 100mm,Non Woven 90gsm,Royal Blue,500mm,Same as bag colour,2000,3346,4236
Non Woven Bag,WS-A3P,1C (Front),350mm x 350mm x 100mm,Non Woven 90gsm,Royal Blue,500mm,Same as bag colour,3000,5020,6350
Non Woven Bag,WS-A3P,1C (Front),350mm x 350mm x 100mm,Non Woven 90gsm,Royal Blue,500mm,Same as bag colour,4000,6692,8462
Non Woven Bag,WS-A3P,1C (Front),350mm x 350mm x 100mm,Non Woven 90gsm,Royal Blue,500mm,Same as bag colour,5000,8365,10575
Non Woven Bag,WS-A3P,1C (Front),350mm x 350mm x 100mm,Non Woven 90gsm,Royal Blue,500mm,Same as bag colour,6000,10038,12688
Non Woven Bag,WS-A3P,1C (Front),350mm x 350mm x 100mm,Non Woven 90gsm,Royal Blue,500mm,Same as bag colour,7000,11712,14802
Non Woven Bag,WS-A3P,1C (Front),350mm x 350mm x 100mm,Non Woven 90gsm,Royal Blue,500mm,Same as bag colour,8000,13384,16914
Non Woven Bag,WS-A3P,1C (Front),350mm x 350mm x 100mm,Non Woven 90gsm,Royal Blue,500mm,Same as bag colour,9000,15057,19027
Non Woven Bag,WS-A3P,1C (Front),350mm x 350mm x 100mm,Non Woven 90gsm,Royal Blue,500mm,Same as bag colour,10000,16439,20849
Non Woven Bag,WS-A3P,1C (Front),350mm x 350mm x 100mm,Non Woven 90gsm,Royal Blue,500mm,Same as bag colour,11000,18083,22933
Non Woven Bag,WS-A3P,1C (Front),350mm x 350mm x 100mm,Non Woven 90gsm,Royal Blue,500mm,Same as bag colour,12000,19727,25017
Non Woven Bag,WS-A3P,1C (Front),350mm x 350mm x 100mm,Non Woven 90gsm,Royal Blue,500mm,Same as bag colour,13000,21370,27100
Non Woven Bag,WS-A3P,1C (Front),350mm x 350mm x 100mm,Non Woven 90gsm,Royal Blue,500mm,Same as bag colour,14000,23015,29185
Non Woven Bag,WS-A3P,1C (Front),350mm x 350mm x 100mm,Non Woven 90gsm,Royal Blue,500mm,Same as bag colour,15000,24658,31268
Non Woven Bag,WS-A3P,1C (Front),350mm x 350mm x 100mm,Non Woven 90gsm,Royal Blue,500mm,Same as bag colour,16000,26303,33353
Non Woven Bag,WS-A3P,1C (Front),350mm x 350mm x 100mm,Non Woven 90gsm,Royal Blue,500mm,Same as bag colour,17000,27946,35436
Non Woven Bag,WS-A3P,1C (Front),350mm x 350mm x 100mm,Non Woven 90gsm,Royal Blue,500mm,Same as bag colour,18000,29591,37521
Non Woven Bag,WS-A3P,1C (Front),350mm x 350mm x 100mm,Non Woven 90gsm,Royal Blue,500mm,Same as bag colour,19000,31234,39604
Non Woven Bag,WS-A3P,1C (Front),350mm x 350mm x 100mm,Non Woven 90gsm,Royal Blue,500mm,Same as bag colour,20000,32877,41687
Non Woven Bag,WS-A3P,1C (Front),350mm x 350mm x 100mm,Non Woven 90gsm,Light Brown,500mm,Same as bag colour,100,250,300
Non Woven Bag,WS-A3P,1C (Front),350mm x 350mm x 100mm,Non Woven 90gsm,Light Brown,500mm,Same as bag colour,200,422,512
Non Woven Bag,WS-A3P,1C (Front),350mm x 350mm x 100mm,Non Woven 90gsm,Light Brown,500mm,Same as bag colour,300,554,694
Non Woven Bag,WS-A3P,1C (Front),350mm x 350mm x 100mm,Non Woven 90gsm,Light Brown,500mm,Same as bag colour,400,725,905
Non Woven Bag,WS-A3P,1C (Front),350mm x 350mm x 100mm,Non Woven 90gsm,Light Brown,500mm,Same as bag colour,500,858,1088
Non Woven Bag,WS-A3P,1C (Front),350mm x 350mm x 100mm,Non Woven 90gsm,Light Brown,500mm,Same as bag colour,600,1030,1300
Non Woven Bag,WS-A3P,1C (Front),350mm x 350mm x 100mm,Non Woven 90gsm,Light Brown,500mm,Same as bag colour,700,1204,1514
Non Woven Bag,WS-A3P,1C (Front),350mm x 350mm x 100mm,Non Woven 90gsm,Light Brown,500mm,Same as bag colour,800,1372,1732
Non Woven Bag,WS-A3P,1C (Front),350mm x 350mm x 100mm,Non Woven 90gsm,Light Brown,500mm,Same as bag colour,900,1544,1944
Non Woven Bag,WS-A3P,1C (Front),350mm x 350mm x 100mm,Non Woven 90gsm,Light Brown,500mm,Same as bag colour,1000,1673,2123
Non Woven Bag,WS-A3P,1C (Front),350mm x 350mm x 100mm,Non Woven 90gsm,Light Brown,500mm,Same as bag colour,2000,3346,4236
Non Woven Bag,WS-A3P,1C (Front),350mm x 350mm x 100mm,Non Woven 90gsm,Light Brown,500mm,Same as bag colour,3000,5020,6350
Non Woven Bag,WS-A3P,1C (Front),350mm x 350mm x 100mm,Non Woven 90gsm,Light Brown,500mm,Same as bag colour,4000,6692,8462
Non Woven Bag,WS-A3P,1C (Front),350mm x 350mm x 100mm,Non Woven 90gsm,Light Brown,500mm,Same as bag colour,5000,8365,10575
Non Woven Bag,WS-A3P,1C (Front),350mm x 350mm x 100mm,Non Woven 90gsm,Light Brown,500mm,Same as bag colour,6000,10038,12688
Non Woven Bag,WS-A3P,1C (Front),350mm x 350mm x 100mm,Non Woven 90gsm,Light Brown,500mm,Same as bag colour,7000,11712,14802
Non Woven Bag,WS-A3P,1C (Front),350mm x 350mm x 100mm,Non Woven 90gsm,Light Brown,500mm,Same as bag colour,8000,13384,16914
Non Woven Bag,WS-A3P,1C (Front),350mm x 350mm x 100mm,Non Woven 90gsm,Light Brown,500mm,Same as bag colour,9000,15057,19027
Non Woven Bag,WS-A3P,1C (Front),350mm x 350mm x 100mm,Non Woven 90gsm,Light Brown,500mm,Same as bag colour,10000,16439,20849
Non Woven Bag,WS-A3P,1C (Front),350mm x 350mm x 100mm,Non Woven 90gsm,Light Brown,500mm,Same as bag colour,11000,18083,22933
Non Woven Bag,WS-A3P,1C (Front),350mm x 350mm x 100mm,Non Woven 90gsm,Light Brown,500mm,Same as bag colour,12000,19727,25017
Non Woven Bag,WS-A3P,1C (Front),350mm x 350mm x 100mm,Non Woven 90gsm,Light Brown,500mm,Same as bag colour,13000,21370,27100
Non Woven Bag,WS-A3P,1C (Front),350mm x 350mm x 100mm,Non Woven 90gsm,Light Brown,500mm,Same as bag colour,14000,23015,29185
Non Woven Bag,WS-A3P,1C (Front),350mm x 350mm x 100mm,Non Woven 90gsm,Light Brown,500mm,Same as bag colour,15000,24658,31268
Non Woven Bag,WS-A3P,1C (Front),350mm x 350mm x 100mm,Non Woven 90gsm,Light Brown,500mm,Same as bag colour,16000,26303,33353
Non Woven Bag,WS-A3P,1C (Front),350mm x 350mm x 100mm,Non Woven 90gsm,Light Brown,500mm,Same as bag colour,17000,27946,35436
Non Woven Bag,WS-A3P,1C (Front),350mm x 350mm x 100mm,Non Woven 90gsm,Light Brown,500mm,Same as bag colour,18000,29591,37521
Non Woven Bag,WS-A3P,1C (Front),350mm x 350mm x 100mm,Non Woven 90gsm,Light Brown,500mm,Same as bag colour,19000,31234,39604
Non Woven Bag,WS-A3P,1C (Front),350mm x 350mm x 100mm,Non Woven 90gsm,Light Brown,500mm,Same as bag colour,20000,32877,41687
Non Woven Bag,WS-A3P,1C (Both),350mm x 350mm x 100mm,Non Woven 90gsm,Black,500mm,Same as bag colour,100,340,390
Non Woven Bag,WS-A3P,1C (Both),350mm x 350mm x 100mm,Non Woven 90gsm,Black,500mm,Same as bag colour,200,501,591
Non Woven Bag,WS-A3P,1C (Both),350mm x 350mm x 100mm,Non Woven 90gsm,Black,500mm,Same as bag colour,300,673,813
Non Woven Bag,WS-A3P,1C (Both),350mm x 350mm x 100mm,Non Woven 90gsm,Black,500mm,Same as bag colour,400,884,1064
Non Woven Bag,WS-A3P,1C (Both),350mm x 350mm x 100mm,Non Woven 90gsm,Black,500mm,Same as bag colour,500,1070,1300
Non Woven Bag,WS-A3P,1C (Both),350mm x 350mm x 100mm,Non Woven 90gsm,Black,500mm,Same as bag colour,600,1284,1554
Non Woven Bag,WS-A3P,1C (Both),350mm x 350mm x 100mm,Non Woven 90gsm,Black,500mm,Same as bag colour,700,1498,1808
Non Woven Bag,WS-A3P,1C (Both),350mm x 350mm x 100mm,Non Woven 90gsm,Black,500mm,Same as bag colour,800,1712,2072
Non Woven Bag,WS-A3P,1C (Both),350mm x 350mm x 100mm,Non Woven 90gsm,Black,500mm,Same as bag colour,900,1926,2326
Non Woven Bag,WS-A3P,1C (Both),350mm x 350mm x 100mm,Non Woven 90gsm,Black,500mm,Same as bag colour,1000,2110,2560
Non Woven Bag,WS-A3P,1C (Both),350mm x 350mm x 100mm,Non Woven 90gsm,Black,500mm,Same as bag colour,2000,4220,5110
Non Woven Bag,WS-A3P,1C (Both),350mm x 350mm x 100mm,Non Woven 90gsm,Black,500mm,Same as bag colour,3000,6330,7660
Non Woven Bag,WS-A3P,1C (Both),350mm x 350mm x 100mm,Non Woven 90gsm,Black,500mm,Same as bag colour,4000,8440,10210
Non Woven Bag,WS-A3P,1C (Both),350mm x 350mm x 100mm,Non Woven 90gsm,Black,500mm,Same as bag colour,5000,10550,12760
Non Woven Bag,WS-A3P,1C (Both),350mm x 350mm x 100mm,Non Woven 90gsm,Black,500mm,Same as bag colour,6000,12660,15310
Non Woven Bag,WS-A3P,1C (Both),350mm x 350mm x 100mm,Non Woven 90gsm,Black,500mm,Same as bag colour,7000,14770,17860
Non Woven Bag,WS-A3P,1C (Both),350mm x 350mm x 100mm,Non Woven 90gsm,Black,500mm,Same as bag colour,8000,16880,20410
Non Woven Bag,WS-A3P,1C (Both),350mm x 350mm x 100mm,Non Woven 90gsm,Black,500mm,Same as bag colour,9000,18990,22960
Non Woven Bag,WS-A3P,1C (Both),350mm x 350mm x 100mm,Non Woven 90gsm,Black,500mm,Same as bag colour,10000,21100,25510
Non Woven Bag,WS-A3P,1C (Both),350mm x 350mm x 100mm,Non Woven 90gsm,Black,500mm,Same as bag colour,11000,23210,28060
Non Woven Bag,WS-A3P,1C (Both),350mm x 350mm x 100mm,Non Woven 90gsm,Black,500mm,Same as bag colour,12000,25320,30610
Non Woven Bag,WS-A3P,1C (Both),350mm x 350mm x 100mm,Non Woven 90gsm,Black,500mm,Same as bag colour,13000,27430,33160
Non Woven Bag,WS-A3P,1C (Both),350mm x 350mm x 100mm,Non Woven 90gsm,Black,500mm,Same as bag colour,14000,29540,35710
Non Woven Bag,WS-A3P,1C (Both),350mm x 350mm x 100mm,Non Woven 90gsm,Black,500mm,Same as bag colour,15000,31650,38260
Non Woven Bag,WS-A3P,1C (Both),350mm x 350mm x 100mm,Non Woven 90gsm,Black,500mm,Same as bag colour,16000,33760,40810
Non Woven Bag,WS-A3P,1C (Both),350mm x 350mm x 100mm,Non Woven 90gsm,Black,500mm,Same as bag colour,17000,35870,43360
Non Woven Bag,WS-A3P,1C (Both),350mm x 350mm x 100mm,Non Woven 90gsm,Black,500mm,Same as bag colour,18000,37980,45910
Non Woven Bag,WS-A3P,1C (Both),350mm x 350mm x 100mm,Non Woven 90gsm,Black,500mm,Same as bag colour,19000,40090,48460
Non Woven Bag,WS-A3P,1C (Both),350mm x 350mm x 100mm,Non Woven 90gsm,Black,500mm,Same as bag colour,20000,42200,51010
Non Woven Bag,WS-A3P,1C (Both),350mm x 350mm x 100mm,Non Woven 90gsm,White,500mm,Same as bag colour,100,340,390
Non Woven Bag,WS-A3P,1C (Both),350mm x 350mm x 100mm,Non Woven 90gsm,White,500mm,Same as bag colour,200,501,591
Non Woven Bag,WS-A3P,1C (Both),350mm x 350mm x 100mm,Non Woven 90gsm,White,500mm,Same as bag colour,300,673,813
Non Woven Bag,WS-A3P,1C (Both),350mm x 350mm x 100mm,Non Woven 90gsm,White,500mm,Same as bag colour,400,884,1064
Non Woven Bag,WS-A3P,1C (Both),350mm x 350mm x 100mm,Non Woven 90gsm,White,500mm,Same as bag colour,500,1070,1300
Non Woven Bag,WS-A3P,1C (Both),350mm x 350mm x 100mm,Non Woven 90gsm,White,500mm,Same as bag colour,600,1284,1554
Non Woven Bag,WS-A3P,1C (Both),350mm x 350mm x 100mm,Non Woven 90gsm,White,500mm,Same as bag colour,700,1498,1808
Non Woven Bag,WS-A3P,1C (Both),350mm x 350mm x 100mm,Non Woven 90gsm,White,500mm,Same as bag colour,800,1712,2072
Non Woven Bag,WS-A3P,1C (Both),350mm x 350mm x 100mm,Non Woven 90gsm,White,500mm,Same as bag colour,900,1926,2326
Non Woven Bag,WS-A3P,1C (Both),350mm x 350mm x 100mm,Non Woven 90gsm,White,500mm,Same as bag colour,1000,2110,2560
Non Woven Bag,WS-A3P,1C (Both),350mm x 350mm x 100mm,Non Woven 90gsm,White,500mm,Same as bag colour,2000,4220,5110
Non Woven Bag,WS-A3P,1C (Both),350mm x 350mm x 100mm,Non Woven 90gsm,White,500mm,Same as bag colour,3000,6330,7660
Non Woven Bag,WS-A3P,1C (Both),350mm x 350mm x 100mm,Non Woven 90gsm,White,500mm,Same as bag colour,4000,8440,10210
Non Woven Bag,WS-A3P,1C (Both),350mm x 350mm x 100mm,Non Woven 90gsm,White,500mm,Same as bag colour,5000,10550,12760
Non Woven Bag,WS-A3P,1C (Both),350mm x 350mm x 100mm,Non Woven 90gsm,White,500mm,Same as bag colour,6000,12660,15310
Non Woven Bag,WS-A3P,1C (Both),350mm x 350mm x 100mm,Non Woven 90gsm,White,500mm,Same as bag colour,7000,14770,17860
Non Woven Bag,WS-A3P,1C (Both),350mm x 350mm x 100mm,Non Woven 90gsm,White,500mm,Same as bag colour,8000,16880,20410
Non Woven Bag,WS-A3P,1C (Both),350mm x 350mm x 100mm,Non Woven 90gsm,White,500mm,Same as bag colour,9000,18990,22960
Non Woven Bag,WS-A3P,1C (Both),350mm x 350mm x 100mm,Non Woven 90gsm,White,500mm,Same as bag colour,10000,21100,25510
Non Woven Bag,WS-A3P,1C (Both),350mm x 350mm x 100mm,Non Woven 90gsm,White,500mm,Same as bag colour,11000,23210,28060
Non Woven Bag,WS-A3P,1C (Both),350mm x 350mm x 100mm,Non Woven 90gsm,White,500mm,Same as bag colour,12000,25320,30610
Non Woven Bag,WS-A3P,1C (Both),350mm x 350mm x 100mm,Non Woven 90gsm,White,500mm,Same as bag colour,13000,27430,33160
Non Woven Bag,WS-A3P,1C (Both),350mm x 350mm x 100mm,Non Woven 90gsm,White,500mm,Same as bag colour,14000,29540,35710
Non Woven Bag,WS-A3P,1C (Both),350mm x 350mm x 100mm,Non Woven 90gsm,White,500mm,Same as bag colour,15000,31650,38260
Non Woven Bag,WS-A3P,1C (Both),350mm x 350mm x 100mm,Non Woven 90gsm,White,500mm,Same as bag colour,16000,33760,40810
Non Woven Bag,WS-A3P,1C (Both),350mm x 350mm x 100mm,Non Woven 90gsm,White,500mm,Same as bag colour,17000,35870,43360
Non Woven Bag,WS-A3P,1C (Both),350mm x 350mm x 100mm,Non Woven 90gsm,White,500mm,Same as bag colour,18000,37980,45910
Non Woven Bag,WS-A3P,1C (Both),350mm x 350mm x 100mm,Non Woven 90gsm,White,500mm,Same as bag colour,19000,40090,48460
Non Woven Bag,WS-A3P,1C (Both),350mm x 350mm x 100mm,Non Woven 90gsm,White,500mm,Same as bag colour,20000,42200,51010
Non Woven Bag,WS-A3P,1C (Both),350mm x 350mm x 100mm,Non Woven 90gsm,Beige,500mm,Same as bag colour,100,340,390
Non Woven Bag,WS-A3P,1C (Both),350mm x 350mm x 100mm,Non Woven 90gsm,Beige,500mm,Same as bag colour,200,501,591
Non Woven Bag,WS-A3P,1C (Both),350mm x 350mm x 100mm,Non Woven 90gsm,Beige,500mm,Same as bag colour,300,673,813
Non Woven Bag,WS-A3P,1C (Both),350mm x 350mm x 100mm,Non Woven 90gsm,Beige,500mm,Same as bag colour,400,884,1064
Non Woven Bag,WS-A3P,1C (Both),350mm x 350mm x 100mm,Non Woven 90gsm,Beige,500mm,Same as bag colour,500,1070,1300
Non Woven Bag,WS-A3P,1C (Both),350mm x 350mm x 100mm,Non Woven 90gsm,Beige,500mm,Same as bag colour,600,1284,1554
Non Woven Bag,WS-A3P,1C (Both),350mm x 350mm x 100mm,Non Woven 90gsm,Beige,500mm,Same as bag colour,700,1498,1808
Non Woven Bag,WS-A3P,1C (Both),350mm x 350mm x 100mm,Non Woven 90gsm,Beige,500mm,Same as bag colour,800,1712,2072
Non Woven Bag,WS-A3P,1C (Both),350mm x 350mm x 100mm,Non Woven 90gsm,Beige,500mm,Same as bag colour,900,1926,2326
Non Woven Bag,WS-A3P,1C (Both),350mm x 350mm x 100mm,Non Woven 90gsm,Beige,500mm,Same as bag colour,1000,2110,2560
Non Woven Bag,WS-A3P,1C (Both),350mm x 350mm x 100mm,Non Woven 90gsm,Beige,500mm,Same as bag colour,2000,4220,5110
Non Woven Bag,WS-A3P,1C (Both),350mm x 350mm x 100mm,Non Woven 90gsm,Beige,500mm,Same as bag colour,3000,6330,7660
Non Woven Bag,WS-A3P,1C (Both),350mm x 350mm x 100mm,Non Woven 90gsm,Beige,500mm,Same as bag colour,4000,8440,10210
Non Woven Bag,WS-A3P,1C (Both),350mm x 350mm x 100mm,Non Woven 90gsm,Beige,500mm,Same as bag colour,5000,10550,12760
Non Woven Bag,WS-A3P,1C (Both),350mm x 350mm x 100mm,Non Woven 90gsm,Beige,500mm,Same as bag colour,6000,12660,15310
Non Woven Bag,WS-A3P,1C (Both),350mm x 350mm x 100mm,Non Woven 90gsm,Beige,500mm,Same as bag colour,7000,14770,17860
Non Woven Bag,WS-A3P,1C (Both),350mm x 350mm x 100mm,Non Woven 90gsm,Beige,500mm,Same as bag colour,8000,16880,20410
Non Woven Bag,WS-A3P,1C (Both),350mm x 350mm x 100mm,Non Woven 90gsm,Beige,500mm,Same as bag colour,9000,18990,22960
Non Woven Bag,WS-A3P,1C (Both),350mm x 350mm x 100mm,Non Woven 90gsm,Beige,500mm,Same as bag colour,10000,21100,25510
Non Woven Bag,WS-A3P,1C (Both),350mm x 350mm x 100mm,Non Woven 90gsm,Beige,500mm,Same as bag colour,11000,23210,28060
Non Woven Bag,WS-A3P,1C (Both),350mm x 350mm x 100mm,Non Woven 90gsm,Beige,500mm,Same as bag colour,12000,25320,30610
Non Woven Bag,WS-A3P,1C (Both),350mm x 350mm x 100mm,Non Woven 90gsm,Beige,500mm,Same as bag colour,13000,27430,33160
Non Woven Bag,WS-A3P,1C (Both),350mm x 350mm x 100mm,Non Woven 90gsm,Beige,500mm,Same as bag colour,14000,29540,35710
Non Woven Bag,WS-A3P,1C (Both),350mm x 350mm x 100mm,Non Woven 90gsm,Beige,500mm,Same as bag colour,15000,31650,38260
Non Woven Bag,WS-A3P,1C (Both),350mm x 350mm x 100mm,Non Woven 90gsm,Beige,500mm,Same as bag colour,16000,33760,40810
Non Woven Bag,WS-A3P,1C (Both),350mm x 350mm x 100mm,Non Woven 90gsm,Beige,500mm,Same as bag colour,17000,35870,43360
Non Woven Bag,WS-A3P,1C (Both),350mm x 350mm x 100mm,Non Woven 90gsm,Beige,500mm,Same as bag colour,18000,37980,45910
Non Woven Bag,WS-A3P,1C (Both),350mm x 350mm x 100mm,Non Woven 90gsm,Beige,500mm,Same as bag colour,19000,40090,48460
Non Woven Bag,WS-A3P,1C (Both),350mm x 350mm x 100mm,Non Woven 90gsm,Beige,500mm,Same as bag colour,20000,42200,51010
Non Woven Bag,WS-A3P,1C (Both),350mm x 350mm x 100mm,Non Woven 90gsm,Orange,500mm,Same as bag colour,100,340,390
Non Woven Bag,WS-A3P,1C (Both),350mm x 350mm x 100mm,Non Woven 90gsm,Orange,500mm,Same as bag colour,200,501,591
Non Woven Bag,WS-A3P,1C (Both),350mm x 350mm x 100mm,Non Woven 90gsm,Orange,500mm,Same as bag colour,300,673,813
Non Woven Bag,WS-A3P,1C (Both),350mm x 350mm x 100mm,Non Woven 90gsm,Orange,500mm,Same as bag colour,400,884,1064
Non Woven Bag,WS-A3P,1C (Both),350mm x 350mm x 100mm,Non Woven 90gsm,Orange,500mm,Same as bag colour,500,1070,1300
Non Woven Bag,WS-A3P,1C (Both),350mm x 350mm x 100mm,Non Woven 90gsm,Orange,500mm,Same as bag colour,600,1284,1554
Non Woven Bag,WS-A3P,1C (Both),350mm x 350mm x 100mm,Non Woven 90gsm,Orange,500mm,Same as bag colour,700,1498,1808
Non Woven Bag,WS-A3P,1C (Both),350mm x 350mm x 100mm,Non Woven 90gsm,Orange,500mm,Same as bag colour,800,1712,2072
Non Woven Bag,WS-A3P,1C (Both),350mm x 350mm x 100mm,Non Woven 90gsm,Orange,500mm,Same as bag colour,900,1926,2326
Non Woven Bag,WS-A3P,1C (Both),350mm x 350mm x 100mm,Non Woven 90gsm,Orange,500mm,Same as bag colour,1000,2110,2560
Non Woven Bag,WS-A3P,1C (Both),350mm x 350mm x 100mm,Non Woven 90gsm,Orange,500mm,Same as bag colour,2000,4220,5110
Non Woven Bag,WS-A3P,1C (Both),350mm x 350mm x 100mm,Non Woven 90gsm,Orange,500mm,Same as bag colour,3000,6330,7660
Non Woven Bag,WS-A3P,1C (Both),350mm x 350mm x 100mm,Non Woven 90gsm,Orange,500mm,Same as bag colour,4000,8440,10210
Non Woven Bag,WS-A3P,1C (Both),350mm x 350mm x 100mm,Non Woven 90gsm,Orange,500mm,Same as bag colour,5000,10550,12760
Non Woven Bag,WS-A3P,1C (Both),350mm x 350mm x 100mm,Non Woven 90gsm,Orange,500mm,Same as bag colour,6000,12660,15310
Non Woven Bag,WS-A3P,1C (Both),350mm x 350mm x 100mm,Non Woven 90gsm,Orange,500mm,Same as bag colour,7000,14770,17860
Non Woven Bag,WS-A3P,1C (Both),350mm x 350mm x 100mm,Non Woven 90gsm,Orange,500mm,Same as bag colour,8000,16880,20410
Non Woven Bag,WS-A3P,1C (Both),350mm x 350mm x 100mm,Non Woven 90gsm,Orange,500mm,Same as bag colour,9000,18990,22960
Non Woven Bag,WS-A3P,1C (Both),350mm x 350mm x 100mm,Non Woven 90gsm,Orange,500mm,Same as bag colour,10000,21100,25510
Non Woven Bag,WS-A3P,1C (Both),350mm x 350mm x 100mm,Non Woven 90gsm,Orange,500mm,Same as bag colour,11000,23210,28060
Non Woven Bag,WS-A3P,1C (Both),350mm x 350mm x 100mm,Non Woven 90gsm,Orange,500mm,Same as bag colour,12000,25320,30610
Non Woven Bag,WS-A3P,1C (Both),350mm x 350mm x 100mm,Non Woven 90gsm,Orange,500mm,Same as bag colour,13000,27430,33160
Non Woven Bag,WS-A3P,1C (Both),350mm x 350mm x 100mm,Non Woven 90gsm,Orange,500mm,Same as bag colour,14000,29540,35710
Non Woven Bag,WS-A3P,1C (Both),350mm x 350mm x 100mm,Non Woven 90gsm,Orange,500mm,Same as bag colour,15000,31650,38260
Non Woven Bag,WS-A3P,1C (Both),350mm x 350mm x 100mm,Non Woven 90gsm,Orange,500mm,Same as bag colour,16000,33760,40810
Non Woven Bag,WS-A3P,1C (Both),350mm x 350mm x 100mm,Non Woven 90gsm,Orange,500mm,Same as bag colour,17000,35870,43360
Non Woven Bag,WS-A3P,1C (Both),350mm x 350mm x 100mm,Non Woven 90gsm,Orange,500mm,Same as bag colour,18000,37980,45910
Non Woven Bag,WS-A3P,1C (Both),350mm x 350mm x 100mm,Non Woven 90gsm,Orange,500mm,Same as bag colour,19000,40090,48460
Non Woven Bag,WS-A3P,1C (Both),350mm x 350mm x 100mm,Non Woven 90gsm,Orange,500mm,Same as bag colour,20000,42200,51010
Non Woven Bag,WS-A3P,1C (Both),350mm x 350mm x 100mm,Non Woven 90gsm,Red,500mm,Same as bag colour,100,340,390
Non Woven Bag,WS-A3P,1C (Both),350mm x 350mm x 100mm,Non Woven 90gsm,Red,500mm,Same as bag colour,200,501,591
Non Woven Bag,WS-A3P,1C (Both),350mm x 350mm x 100mm,Non Woven 90gsm,Red,500mm,Same as bag colour,300,673,813
Non Woven Bag,WS-A3P,1C (Both),350mm x 350mm x 100mm,Non Woven 90gsm,Red,500mm,Same as bag colour,400,884,1064
Non Woven Bag,WS-A3P,1C (Both),350mm x 350mm x 100mm,Non Woven 90gsm,Red,500mm,Same as bag colour,500,1070,1300
Non Woven Bag,WS-A3P,1C (Both),350mm x 350mm x 100mm,Non Woven 90gsm,Red,500mm,Same as bag colour,600,1284,1554
Non Woven Bag,WS-A3P,1C (Both),350mm x 350mm x 100mm,Non Woven 90gsm,Red,500mm,Same as bag colour,700,1498,1808
Non Woven Bag,WS-A3P,1C (Both),350mm x 350mm x 100mm,Non Woven 90gsm,Red,500mm,Same as bag colour,800,1712,2072
Non Woven Bag,WS-A3P,1C (Both),350mm x 350mm x 100mm,Non Woven 90gsm,Red,500mm,Same as bag colour,900,1926,2326
Non Woven Bag,WS-A3P,1C (Both),350mm x 350mm x 100mm,Non Woven 90gsm,Red,500mm,Same as bag colour,1000,2110,2560
Non Woven Bag,WS-A3P,1C (Both),350mm x 350mm x 100mm,Non Woven 90gsm,Red,500mm,Same as bag colour,2000,4220,5110
Non Woven Bag,WS-A3P,1C (Both),350mm x 350mm x 100mm,Non Woven 90gsm,Red,500mm,Same as bag colour,3000,6330,7660
Non Woven Bag,WS-A3P,1C (Both),350mm x 350mm x 100mm,Non Woven 90gsm,Red,500mm,Same as bag colour,4000,8440,10210
Non Woven Bag,WS-A3P,1C (Both),350mm x 350mm x 100mm,Non Woven 90gsm,Red,500mm,Same as bag colour,5000,10550,12760
Non Woven Bag,WS-A3P,1C (Both),350mm x 350mm x 100mm,Non Woven 90gsm,Red,500mm,Same as bag colour,6000,12660,15310
Non Woven Bag,WS-A3P,1C (Both),350mm x 350mm x 100mm,Non Woven 90gsm,Red,500mm,Same as bag colour,7000,14770,17860
Non Woven Bag,WS-A3P,1C (Both),350mm x 350mm x 100mm,Non Woven 90gsm,Red,500mm,Same as bag colour,8000,16880,20410
Non Woven Bag,WS-A3P,1C (Both),350mm x 350mm x 100mm,Non Woven 90gsm,Red,500mm,Same as bag colour,9000,18990,22960
Non Woven Bag,WS-A3P,1C (Both),350mm x 350mm x 100mm,Non Woven 90gsm,Red,500mm,Same as bag colour,10000,21100,25510
Non Woven Bag,WS-A3P,1C (Both),350mm x 350mm x 100mm,Non Woven 90gsm,Red,500mm,Same as bag colour,11000,23210,28060
Non Woven Bag,WS-A3P,1C (Both),350mm x 350mm x 100mm,Non Woven 90gsm,Red,500mm,Same as bag colour,12000,25320,30610
Non Woven Bag,WS-A3P,1C (Both),350mm x 350mm x 100mm,Non Woven 90gsm,Red,500mm,Same as bag colour,13000,27430,33160
Non Woven Bag,WS-A3P,1C (Both),350mm x 350mm x 100mm,Non Woven 90gsm,Red,500mm,Same as bag colour,14000,29540,35710
Non Woven Bag,WS-A3P,1C (Both),350mm x 350mm x 100mm,Non Woven 90gsm,Red,500mm,Same as bag colour,15000,31650,38260
Non Woven Bag,WS-A3P,1C (Both),350mm x 350mm x 100mm,Non Woven 90gsm,Red,500mm,Same as bag colour,16000,33760,40810
Non Woven Bag,WS-A3P,1C (Both),350mm x 350mm x 100mm,Non Woven 90gsm,Red,500mm,Same as bag colour,17000,35870,43360
Non Woven Bag,WS-A3P,1C (Both),350mm x 350mm x 100mm,Non Woven 90gsm,Red,500mm,Same as bag colour,18000,37980,45910
Non Woven Bag,WS-A3P,1C (Both),350mm x 350mm x 100mm,Non Woven 90gsm,Red,500mm,Same as bag colour,19000,40090,48460
Non Woven Bag,WS-A3P,1C (Both),350mm x 350mm x 100mm,Non Woven 90gsm,Red,500mm,Same as bag colour,20000,42200,51010
Non Woven Bag,WS-A3P,1C (Both),350mm x 350mm x 100mm,Non Woven 90gsm,Green,500mm,Same as bag colour,100,340,390
Non Woven Bag,WS-A3P,1C (Both),350mm x 350mm x 100mm,Non Woven 90gsm,Green,500mm,Same as bag colour,200,501,591
Non Woven Bag,WS-A3P,1C (Both),350mm x 350mm x 100mm,Non Woven 90gsm,Green,500mm,Same as bag colour,300,673,813
Non Woven Bag,WS-A3P,1C (Both),350mm x 350mm x 100mm,Non Woven 90gsm,Green,500mm,Same as bag colour,400,884,1064
Non Woven Bag,WS-A3P,1C (Both),350mm x 350mm x 100mm,Non Woven 90gsm,Green,500mm,Same as bag colour,500,1070,1300
Non Woven Bag,WS-A3P,1C (Both),350mm x 350mm x 100mm,Non Woven 90gsm,Green,500mm,Same as bag colour,600,1284,1554
Non Woven Bag,WS-A3P,1C (Both),350mm x 350mm x 100mm,Non Woven 90gsm,Green,500mm,Same as bag colour,700,1498,1808
Non Woven Bag,WS-A3P,1C (Both),350mm x 350mm x 100mm,Non Woven 90gsm,Green,500mm,Same as bag colour,800,1712,2072
Non Woven Bag,WS-A3P,1C (Both),350mm x 350mm x 100mm,Non Woven 90gsm,Green,500mm,Same as bag colour,900,1926,2326
Non Woven Bag,WS-A3P,1C (Both),350mm x 350mm x 100mm,Non Woven 90gsm,Green,500mm,Same as bag colour,1000,2110,2560
Non Woven Bag,WS-A3P,1C (Both),350mm x 350mm x 100mm,Non Woven 90gsm,Green,500mm,Same as bag colour,2000,4220,5110
Non Woven Bag,WS-A3P,1C (Both),350mm x 350mm x 100mm,Non Woven 90gsm,Green,500mm,Same as bag colour,3000,6330,7660
Non Woven Bag,WS-A3P,1C (Both),350mm x 350mm x 100mm,Non Woven 90gsm,Green,500mm,Same as bag colour,4000,8440,10210
Non Woven Bag,WS-A3P,1C (Both),350mm x 350mm x 100mm,Non Woven 90gsm,Green,500mm,Same as bag colour,5000,10550,12760
Non Woven Bag,WS-A3P,1C (Both),350mm x 350mm x 100mm,Non Woven 90gsm,Green,500mm,Same as bag colour,6000,12660,15310
Non Woven Bag,WS-A3P,1C (Both),350mm x 350mm x 100mm,Non Woven 90gsm,Green,500mm,Same as bag colour,7000,14770,17860
Non Woven Bag,WS-A3P,1C (Both),350mm x 350mm x 100mm,Non Woven 90gsm,Green,500mm,Same as bag colour,8000,16880,20410
Non Woven Bag,WS-A3P,1C (Both),350mm x 350mm x 100mm,Non Woven 90gsm,Green,500mm,Same as bag colour,9000,18990,22960
Non Woven Bag,WS-A3P,1C (Both),350mm x 350mm x 100mm,Non Woven 90gsm,Green,500mm,Same as bag colour,10000,21100,25510
Non Woven Bag,WS-A3P,1C (Both),350mm x 350mm x 100mm,Non Woven 90gsm,Green,500mm,Same as bag colour,11000,23210,28060
Non Woven Bag,WS-A3P,1C (Both),350mm x 350mm x 100mm,Non Woven 90gsm,Green,500mm,Same as bag colour,12000,25320,30610
Non Woven Bag,WS-A3P,1C (Both),350mm x 350mm x 100mm,Non Woven 90gsm,Green,500mm,Same as bag colour,13000,27430,33160
Non Woven Bag,WS-A3P,1C (Both),350mm x 350mm x 100mm,Non Woven 90gsm,Green,500mm,Same as bag colour,14000,29540,35710
Non Woven Bag,WS-A3P,1C (Both),350mm x 350mm x 100mm,Non Woven 90gsm,Green,500mm,Same as bag colour,15000,31650,38260
Non Woven Bag,WS-A3P,1C (Both),350mm x 350mm x 100mm,Non Woven 90gsm,Green,500mm,Same as bag colour,16000,33760,40810
Non Woven Bag,WS-A3P,1C (Both),350mm x 350mm x 100mm,Non Woven 90gsm,Green,500mm,Same as bag colour,17000,35870,43360
Non Woven Bag,WS-A3P,1C (Both),350mm x 350mm x 100mm,Non Woven 90gsm,Green,500mm,Same as bag colour,18000,37980,45910
Non Woven Bag,WS-A3P,1C (Both),350mm x 350mm x 100mm,Non Woven 90gsm,Green,500mm,Same as bag colour,19000,40090,48460
Non Woven Bag,WS-A3P,1C (Both),350mm x 350mm x 100mm,Non Woven 90gsm,Green,500mm,Same as bag colour,20000,42200,51010
Non Woven Bag,WS-A3P,1C (Both),350mm x 350mm x 100mm,Non Woven 90gsm,Royal Blue,500mm,Same as bag colour,100,340,390
Non Woven Bag,WS-A3P,1C (Both),350mm x 350mm x 100mm,Non Woven 90gsm,Royal Blue,500mm,Same as bag colour,200,501,591
Non Woven Bag,WS-A3P,1C (Both),350mm x 350mm x 100mm,Non Woven 90gsm,Royal Blue,500mm,Same as bag colour,300,673,813
Non Woven Bag,WS-A3P,1C (Both),350mm x 350mm x 100mm,Non Woven 90gsm,Royal Blue,500mm,Same as bag colour,400,884,1064
Non Woven Bag,WS-A3P,1C (Both),350mm x 350mm x 100mm,Non Woven 90gsm,Royal Blue,500mm,Same as bag colour,500,1070,1300
Non Woven Bag,WS-A3P,1C (Both),350mm x 350mm x 100mm,Non Woven 90gsm,Royal Blue,500mm,Same as bag colour,600,1284,1554
Non Woven Bag,WS-A3P,1C (Both),350mm x 350mm x 100mm,Non Woven 90gsm,Royal Blue,500mm,Same as bag colour,700,1498,1808
Non Woven Bag,WS-A3P,1C (Both),350mm x 350mm x 100mm,Non Woven 90gsm,Royal Blue,500mm,Same as bag colour,800,1712,2072
Non Woven Bag,WS-A3P,1C (Both),350mm x 350mm x 100mm,Non Woven 90gsm,Royal Blue,500mm,Same as bag colour,900,1926,2326
Non Woven Bag,WS-A3P,1C (Both),350mm x 350mm x 100mm,Non Woven 90gsm,Royal Blue,500mm,Same as bag colour,1000,2110,2560
Non Woven Bag,WS-A3P,1C (Both),350mm x 350mm x 100mm,Non Woven 90gsm,Royal Blue,500mm,Same as bag colour,2000,4220,5110
Non Woven Bag,WS-A3P,1C (Both),350mm x 350mm x 100mm,Non Woven 90gsm,Royal Blue,500mm,Same as bag colour,3000,6330,7660
Non Woven Bag,WS-A3P,1C (Both),350mm x 350mm x 100mm,Non Woven 90gsm,Royal Blue,500mm,Same as bag colour,4000,8440,10210
Non Woven Bag,WS-A3P,1C (Both),350mm x 350mm x 100mm,Non Woven 90gsm,Royal Blue,500mm,Same as bag colour,5000,10550,12760
Non Woven Bag,WS-A3P,1C (Both),350mm x 350mm x 100mm,Non Woven 90gsm,Royal Blue,500mm,Same as bag colour,6000,12660,15310
Non Woven Bag,WS-A3P,1C (Both),350mm x 350mm x 100mm,Non Woven 90gsm,Royal Blue,500mm,Same as bag colour,7000,14770,17860
Non Woven Bag,WS-A3P,1C (Both),350mm x 350mm x 100mm,Non Woven 90gsm,Royal Blue,500mm,Same as bag colour,8000,16880,20410
Non Woven Bag,WS-A3P,1C (Both),350mm x 350mm x 100mm,Non Woven 90gsm,Royal Blue,500mm,Same as bag colour,9000,18990,22960
Non Woven Bag,WS-A3P,1C (Both),350mm x 350mm x 100mm,Non Woven 90gsm,Royal Blue,500mm,Same as bag colour,10000,21100,25510
Non Woven Bag,WS-A3P,1C (Both),350mm x 350mm x 100mm,Non Woven 90gsm,Royal Blue,500mm,Same as bag colour,11000,23210,28060
Non Woven Bag,WS-A3P,1C (Both),350mm x 350mm x 100mm,Non Woven 90gsm,Royal Blue,500mm,Same as bag colour,12000,25320,30610
Non Woven Bag,WS-A3P,1C (Both),350mm x 350mm x 100mm,Non Woven 90gsm,Royal Blue,500mm,Same as bag colour,13000,27430,33160
Non Woven Bag,WS-A3P,1C (Both),350mm x 350mm x 100mm,Non Woven 90gsm,Royal Blue,500mm,Same as bag colour,14000,29540,35710
Non Woven Bag,WS-A3P,1C (Both),350mm x 350mm x 100mm,Non Woven 90gsm,Royal Blue,500mm,Same as bag colour,15000,31650,38260
Non Woven Bag,WS-A3P,1C (Both),350mm x 350mm x 100mm,Non Woven 90gsm,Royal Blue,500mm,Same as bag colour,16000,33760,40810
Non Woven Bag,WS-A3P,1C (Both),350mm x 350mm x 100mm,Non Woven 90gsm,Royal Blue,500mm,Same as bag colour,17000,35870,43360
Non Woven Bag,WS-A3P,1C (Both),350mm x 350mm x 100mm,Non Woven 90gsm,Royal Blue,500mm,Same as bag colour,18000,37980,45910
Non Woven Bag,WS-A3P,1C (Both),350mm x 350mm x 100mm,Non Woven 90gsm,Royal Blue,500mm,Same as bag colour,19000,40090,48460
Non Woven Bag,WS-A3P,1C (Both),350mm x 350mm x 100mm,Non Woven 90gsm,Royal Blue,500mm,Same as bag colour,20000,42200,51010
Non Woven Bag,WS-A3P,1C (Both),350mm x 350mm x 100mm,Non Woven 90gsm,Light Brown,500mm,Same as bag colour,100,340,390
Non Woven Bag,WS-A3P,1C (Both),350mm x 350mm x 100mm,Non Woven 90gsm,Light Brown,500mm,Same as bag colour,200,501,591
Non Woven Bag,WS-A3P,1C (Both),350mm x 350mm x 100mm,Non Woven 90gsm,Light Brown,500mm,Same as bag colour,300,673,813
Non Woven Bag,WS-A3P,1C (Both),350mm x 350mm x 100mm,Non Woven 90gsm,Light Brown,500mm,Same as bag colour,400,884,1064
Non Woven Bag,WS-A3P,1C (Both),350mm x 350mm x 100mm,Non Woven 90gsm,Light Brown,500mm,Same as bag colour,500,1070,1300
Non Woven Bag,WS-A3P,1C (Both),350mm x 350mm x 100mm,Non Woven 90gsm,Light Brown,500mm,Same as bag colour,600,1284,1554
Non Woven Bag,WS-A3P,1C (Both),350mm x 350mm x 100mm,Non Woven 90gsm,Light Brown,500mm,Same as bag colour,700,1498,1808
Non Woven Bag,WS-A3P,1C (Both),350mm x 350mm x 100mm,Non Woven 90gsm,Light Brown,500mm,Same as bag colour,800,1712,2072
Non Woven Bag,WS-A3P,1C (Both),350mm x 350mm x 100mm,Non Woven 90gsm,Light Brown,500mm,Same as bag colour,900,1926,2326
Non Woven Bag,WS-A3P,1C (Both),350mm x 350mm x 100mm,Non Woven 90gsm,Light Brown,500mm,Same as bag colour,1000,2110,2560
Non Woven Bag,WS-A3P,1C (Both),350mm x 350mm x 100mm,Non Woven 90gsm,Light Brown,500mm,Same as bag colour,2000,4220,5110
Non Woven Bag,WS-A3P,1C (Both),350mm x 350mm x 100mm,Non Woven 90gsm,Light Brown,500mm,Same as bag colour,3000,6330,7660
Non Woven Bag,WS-A3P,1C (Both),350mm x 350mm x 100mm,Non Woven 90gsm,Light Brown,500mm,Same as bag colour,4000,8440,10210
Non Woven Bag,WS-A3P,1C (Both),350mm x 350mm x 100mm,Non Woven 90gsm,Light Brown,500mm,Same as bag colour,5000,10550,12760
Non Woven Bag,WS-A3P,1C (Both),350mm x 350mm x 100mm,Non Woven 90gsm,Light Brown,500mm,Same as bag colour,6000,12660,15310
Non Woven Bag,WS-A3P,1C (Both),350mm x 350mm x 100mm,Non Woven 90gsm,Light Brown,500mm,Same as bag colour,7000,14770,17860
Non Woven Bag,WS-A3P,1C (Both),350mm x 350mm x 100mm,Non Woven 90gsm,Light Brown,500mm,Same as bag colour,8000,16880,20410
Non Woven Bag,WS-A3P,1C (Both),350mm x 350mm x 100mm,Non Woven 90gsm,Light Brown,500mm,Same as bag colour,9000,18990,22960
Non Woven Bag,WS-A3P,1C (Both),350mm x 350mm x 100mm,Non Woven 90gsm,Light Brown,500mm,Same as bag colour,10000,21100,25510
Non Woven Bag,WS-A3P,1C (Both),350mm x 350mm x 100mm,Non Woven 90gsm,Light Brown,500mm,Same as bag colour,11000,23210,28060
Non Woven Bag,WS-A3P,1C (Both),350mm x 350mm x 100mm,Non Woven 90gsm,Light Brown,500mm,Same as bag colour,12000,25320,30610
Non Woven Bag,WS-A3P,1C (Both),350mm x 350mm x 100mm,Non Woven 90gsm,Light Brown,500mm,Same as bag colour,13000,27430,33160
Non Woven Bag,WS-A3P,1C (Both),350mm x 350mm x 100mm,Non Woven 90gsm,Light Brown,500mm,Same as bag colour,14000,29540,35710
Non Woven Bag,WS-A3P,1C (Both),350mm x 350mm x 100mm,Non Woven 90gsm,Light Brown,500mm,Same as bag colour,15000,31650,38260
Non Woven Bag,WS-A3P,1C (Both),350mm x 350mm x 100mm,Non Woven 90gsm,Light Brown,500mm,Same as bag colour,16000,33760,40810
Non Woven Bag,WS-A3P,1C (Both),350mm x 350mm x 100mm,Non Woven 90gsm,Light Brown,500mm,Same as bag colour,17000,35870,43360
Non Woven Bag,WS-A3P,1C (Both),350mm x 350mm x 100mm,Non Woven 90gsm,Light Brown,500mm,Same as bag colour,18000,37980,45910
Non Woven Bag,WS-A3P,1C (Both),350mm x 350mm x 100mm,Non Woven 90gsm,Light Brown,500mm,Same as bag colour,19000,40090,48460
Non Woven Bag,WS-A3P,1C (Both),350mm x 350mm x 100mm,Non Woven 90gsm,Light Brown,500mm,Same as bag colour,20000,42200,51010
Non Woven Bag,WS-A3L,1C (Front),420mm x 320mm x 100mm,Non Woven 90gsm,Black,500mm,Same as bag colour,100,240,290
Non Woven Bag,WS-A3L,1C (Front),420mm x 320mm x 100mm,Non Woven 90gsm,Black,500mm,Same as bag colour,200,405,505
Non Woven Bag,WS-A3L,1C (Front),420mm x 320mm x 100mm,Non Woven 90gsm,Black,500mm,Same as bag colour,300,531,671
Non Woven Bag,WS-A3L,1C (Front),420mm x 320mm x 100mm,Non Woven 90gsm,Black,500mm,Same as bag colour,400,695,885
Non Woven Bag,WS-A3L,1C (Front),420mm x 320mm x 100mm,Non Woven 90gsm,Black,500mm,Same as bag colour,500,822,1052
Non Woven Bag,WS-A3L,1C (Front),420mm x 320mm x 100mm,Non Woven 90gsm,Black,500mm,Same as bag colour,600,986,1266
Non Woven Bag,WS-A3L,1C (Front),420mm x 320mm x 100mm,Non Woven 90gsm,Black,500mm,Same as bag colour,700,1151,1471
Non Woven Bag,WS-A3L,1C (Front),420mm x 320mm x 100mm,Non Woven 90gsm,Black,500mm,Same as bag colour,800,1314,1684
Non Woven Bag,WS-A3L,1C (Front),420mm x 320mm x 100mm,Non Woven 90gsm,Black,500mm,Same as bag colour,900,1478,1888
Non Woven Bag,WS-A3L,1C (Front),420mm x 320mm x 100mm,Non Woven 90gsm,Black,500mm,Same as bag colour,1000,1589,2049
Non Woven Bag,WS-A3L,1C (Front),420mm x 320mm x 100mm,Non Woven 90gsm,Black,500mm,Same as bag colour,2000,3178,4088
Non Woven Bag,WS-A3L,1C (Front),420mm x 320mm x 100mm,Non Woven 90gsm,Black,500mm,Same as bag colour,3000,4769,6129
Non Woven Bag,WS-A3L,1C (Front),420mm x 320mm x 100mm,Non Woven 90gsm,Black,500mm,Same as bag colour,4000,6357,8167
Non Woven Bag,WS-A3L,1C (Front),420mm x 320mm x 100mm,Non Woven 90gsm,Black,500mm,Same as bag colour,5000,7947,10207
Non Woven Bag,WS-A3L,1C (Front),420mm x 320mm x 100mm,Non Woven 90gsm,Black,500mm,Same as bag colour,6000,9536,12246
Non Woven Bag,WS-A3L,1C (Front),420mm x 320mm x 100mm,Non Woven 90gsm,Black,500mm,Same as bag colour,7000,11126,14286
Non Woven Bag,WS-A3L,1C (Front),420mm x 320mm x 100mm,Non Woven 90gsm,Black,500mm,Same as bag colour,8000,12715,16325
Non Woven Bag,WS-A3L,1C (Front),420mm x 320mm x 100mm,Non Woven 90gsm,Black,500mm,Same as bag colour,9000,14304,18364
Non Woven Bag,WS-A3L,1C (Front),420mm x 320mm x 100mm,Non Woven 90gsm,Black,500mm,Same as bag colour,10000,15617,20127
Non Woven Bag,WS-A3L,1C (Front),420mm x 320mm x 100mm,Non Woven 90gsm,Black,500mm,Same as bag colour,11000,17178,22138
Non Woven Bag,WS-A3L,1C (Front),420mm x 320mm x 100mm,Non Woven 90gsm,Black,500mm,Same as bag colour,12000,18740,24150
Non Woven Bag,WS-A3L,1C (Front),420mm x 320mm x 100mm,Non Woven 90gsm,Black,500mm,Same as bag colour,13000,20301,26161
Non Woven Bag,WS-A3L,1C (Front),420mm x 320mm x 100mm,Non Woven 90gsm,Black,500mm,Same as bag colour,14000,21864,28174
Non Woven Bag,WS-A3L,1C (Front),420mm x 320mm x 100mm,Non Woven 90gsm,Black,500mm,Same as bag colour,15000,23425,30185
Non Woven Bag,WS-A3L,1C (Front),420mm x 320mm x 100mm,Non Woven 90gsm,Black,500mm,Same as bag colour,16000,24988,32198
Non Woven Bag,WS-A3L,1C (Front),420mm x 320mm x 100mm,Non Woven 90gsm,Black,500mm,Same as bag colour,17000,26548,34208
Non Woven Bag,WS-A3L,1C (Front),420mm x 320mm x 100mm,Non Woven 90gsm,Black,500mm,Same as bag colour,18000,28111,36221
Non Woven Bag,WS-A3L,1C (Front),420mm x 320mm x 100mm,Non Woven 90gsm,Black,500mm,Same as bag colour,19000,29672,38232
Non Woven Bag,WS-A3L,1C (Front),420mm x 320mm x 100mm,Non Woven 90gsm,Black,500mm,Same as bag colour,20000,31233,40243
Non Woven Bag,WS-A3L,1C (Front),420mm x 320mm x 100mm,Non Woven 90gsm,White,500mm,Same as bag colour,100,240,290
Non Woven Bag,WS-A3L,1C (Front),420mm x 320mm x 100mm,Non Woven 90gsm,White,500mm,Same as bag colour,200,405,505
Non Woven Bag,WS-A3L,1C (Front),420mm x 320mm x 100mm,Non Woven 90gsm,White,500mm,Same as bag colour,300,531,671
Non Woven Bag,WS-A3L,1C (Front),420mm x 320mm x 100mm,Non Woven 90gsm,White,500mm,Same as bag colour,400,695,885
Non Woven Bag,WS-A3L,1C (Front),420mm x 320mm x 100mm,Non Woven 90gsm,White,500mm,Same as bag colour,500,822,1052
Non Woven Bag,WS-A3L,1C (Front),420mm x 320mm x 100mm,Non Woven 90gsm,White,500mm,Same as bag colour,600,986,1266
Non Woven Bag,WS-A3L,1C (Front),420mm x 320mm x 100mm,Non Woven 90gsm,White,500mm,Same as bag colour,700,1151,1471
Non Woven Bag,WS-A3L,1C (Front),420mm x 320mm x 100mm,Non Woven 90gsm,White,500mm,Same as bag colour,800,1314,1684
Non Woven Bag,WS-A3L,1C (Front),420mm x 320mm x 100mm,Non Woven 90gsm,White,500mm,Same as bag colour,900,1478,1888
Non Woven Bag,WS-A3L,1C (Front),420mm x 320mm x 100mm,Non Woven 90gsm,White,500mm,Same as bag colour,1000,1589,2049
Non Woven Bag,WS-A3L,1C (Front),420mm x 320mm x 100mm,Non Woven 90gsm,White,500mm,Same as bag colour,2000,3178,4088
Non Woven Bag,WS-A3L,1C (Front),420mm x 320mm x 100mm,Non Woven 90gsm,White,500mm,Same as bag colour,3000,4769,6129
Non Woven Bag,WS-A3L,1C (Front),420mm x 320mm x 100mm,Non Woven 90gsm,White,500mm,Same as bag colour,4000,6357,8167
Non Woven Bag,WS-A3L,1C (Front),420mm x 320mm x 100mm,Non Woven 90gsm,White,500mm,Same as bag colour,5000,7947,10207
Non Woven Bag,WS-A3L,1C (Front),420mm x 320mm x 100mm,Non Woven 90gsm,White,500mm,Same as bag colour,6000,9536,12246
Non Woven Bag,WS-A3L,1C (Front),420mm x 320mm x 100mm,Non Woven 90gsm,White,500mm,Same as bag colour,7000,11126,14286
Non Woven Bag,WS-A3L,1C (Front),420mm x 320mm x 100mm,Non Woven 90gsm,White,500mm,Same as bag colour,8000,12715,16325
Non Woven Bag,WS-A3L,1C (Front),420mm x 320mm x 100mm,Non Woven 90gsm,White,500mm,Same as bag colour,9000,14304,18364
Non Woven Bag,WS-A3L,1C (Front),420mm x 320mm x 100mm,Non Woven 90gsm,White,500mm,Same as bag colour,10000,15617,20127
Non Woven Bag,WS-A3L,1C (Front),420mm x 320mm x 100mm,Non Woven 90gsm,White,500mm,Same as bag colour,11000,17178,22138
Non Woven Bag,WS-A3L,1C (Front),420mm x 320mm x 100mm,Non Woven 90gsm,White,500mm,Same as bag colour,12000,18740,24150
Non Woven Bag,WS-A3L,1C (Front),420mm x 320mm x 100mm,Non Woven 90gsm,White,500mm,Same as bag colour,13000,20301,26161
Non Woven Bag,WS-A3L,1C (Front),420mm x 320mm x 100mm,Non Woven 90gsm,White,500mm,Same as bag colour,14000,21864,28174
Non Woven Bag,WS-A3L,1C (Front),420mm x 320mm x 100mm,Non Woven 90gsm,White,500mm,Same as bag colour,15000,23425,30185
Non Woven Bag,WS-A3L,1C (Front),420mm x 320mm x 100mm,Non Woven 90gsm,White,500mm,Same as bag colour,16000,24988,32198
Non Woven Bag,WS-A3L,1C (Front),420mm x 320mm x 100mm,Non Woven 90gsm,White,500mm,Same as bag colour,17000,26548,34208
Non Woven Bag,WS-A3L,1C (Front),420mm x 320mm x 100mm,Non Woven 90gsm,White,500mm,Same as bag colour,18000,28111,36221
Non Woven Bag,WS-A3L,1C (Front),420mm x 320mm x 100mm,Non Woven 90gsm,White,500mm,Same as bag colour,19000,29672,38232
Non Woven Bag,WS-A3L,1C (Front),420mm x 320mm x 100mm,Non Woven 90gsm,White,500mm,Same as bag colour,20000,31233,40243
Non Woven Bag,WS-A3L,1C (Front),420mm x 320mm x 100mm,Non Woven 90gsm,Yellow,500mm,Same as bag colour,100,240,290
Non Woven Bag,WS-A3L,1C (Front),420mm x 320mm x 100mm,Non Woven 90gsm,Yellow,500mm,Same as bag colour,200,405,505
Non Woven Bag,WS-A3L,1C (Front),420mm x 320mm x 100mm,Non Woven 90gsm,Yellow,500mm,Same as bag colour,300,531,671
Non Woven Bag,WS-A3L,1C (Front),420mm x 320mm x 100mm,Non Woven 90gsm,Yellow,500mm,Same as bag colour,400,695,885
Non Woven Bag,WS-A3L,1C (Front),420mm x 320mm x 100mm,Non Woven 90gsm,Yellow,500mm,Same as bag colour,500,822,1052
Non Woven Bag,WS-A3L,1C (Front),420mm x 320mm x 100mm,Non Woven 90gsm,Yellow,500mm,Same as bag colour,600,986,1266
Non Woven Bag,WS-A3L,1C (Front),420mm x 320mm x 100mm,Non Woven 90gsm,Yellow,500mm,Same as bag colour,700,1151,1471
Non Woven Bag,WS-A3L,1C (Front),420mm x 320mm x 100mm,Non Woven 90gsm,Yellow,500mm,Same as bag colour,800,1314,1684
Non Woven Bag,WS-A3L,1C (Front),420mm x 320mm x 100mm,Non Woven 90gsm,Yellow,500mm,Same as bag colour,900,1478,1888
Non Woven Bag,WS-A3L,1C (Front),420mm x 320mm x 100mm,Non Woven 90gsm,Yellow,500mm,Same as bag colour,1000,1589,2049
Non Woven Bag,WS-A3L,1C (Front),420mm x 320mm x 100mm,Non Woven 90gsm,Yellow,500mm,Same as bag colour,2000,3178,4088
Non Woven Bag,WS-A3L,1C (Front),420mm x 320mm x 100mm,Non Woven 90gsm,Yellow,500mm,Same as bag colour,3000,4769,6129
Non Woven Bag,WS-A3L,1C (Front),420mm x 320mm x 100mm,Non Woven 90gsm,Yellow,500mm,Same as bag colour,4000,6357,8167
Non Woven Bag,WS-A3L,1C (Front),420mm x 320mm x 100mm,Non Woven 90gsm,Yellow,500mm,Same as bag colour,5000,7947,10207
Non Woven Bag,WS-A3L,1C (Front),420mm x 320mm x 100mm,Non Woven 90gsm,Yellow,500mm,Same as bag colour,6000,9536,12246
Non Woven Bag,WS-A3L,1C (Front),420mm x 320mm x 100mm,Non Woven 90gsm,Yellow,500mm,Same as bag colour,7000,11126,14286
Non Woven Bag,WS-A3L,1C (Front),420mm x 320mm x 100mm,Non Woven 90gsm,Yellow,500mm,Same as bag colour,8000,12715,16325
Non Woven Bag,WS-A3L,1C (Front),420mm x 320mm x 100mm,Non Woven 90gsm,Yellow,500mm,Same as bag colour,9000,14304,18364
Non Woven Bag,WS-A3L,1C (Front),420mm x 320mm x 100mm,Non Woven 90gsm,Yellow,500mm,Same as bag colour,10000,15617,20127
Non Woven Bag,WS-A3L,1C (Front),420mm x 320mm x 100mm,Non Woven 90gsm,Yellow,500mm,Same as bag colour,11000,17178,22138
Non Woven Bag,WS-A3L,1C (Front),420mm x 320mm x 100mm,Non Woven 90gsm,Yellow,500mm,Same as bag colour,12000,18740,24150
Non Woven Bag,WS-A3L,1C (Front),420mm x 320mm x 100mm,Non Woven 90gsm,Yellow,500mm,Same as bag colour,13000,20301,26161
Non Woven Bag,WS-A3L,1C (Front),420mm x 320mm x 100mm,Non Woven 90gsm,Yellow,500mm,Same as bag colour,14000,21864,28174
Non Woven Bag,WS-A3L,1C (Front),420mm x 320mm x 100mm,Non Woven 90gsm,Yellow,500mm,Same as bag colour,15000,23425,30185
Non Woven Bag,WS-A3L,1C (Front),420mm x 320mm x 100mm,Non Woven 90gsm,Yellow,500mm,Same as bag colour,16000,24988,32198
Non Woven Bag,WS-A3L,1C (Front),420mm x 320mm x 100mm,Non Woven 90gsm,Yellow,500mm,Same as bag colour,17000,26548,34208
Non Woven Bag,WS-A3L,1C (Front),420mm x 320mm x 100mm,Non Woven 90gsm,Yellow,500mm,Same as bag colour,18000,28111,36221
Non Woven Bag,WS-A3L,1C (Front),420mm x 320mm x 100mm,Non Woven 90gsm,Yellow,500mm,Same as bag colour,19000,29672,38232
Non Woven Bag,WS-A3L,1C (Front),420mm x 320mm x 100mm,Non Woven 90gsm,Yellow,500mm,Same as bag colour,20000,31233,40243
Non Woven Bag,WS-A3L,1C (Front),420mm x 320mm x 100mm,Non Woven 90gsm,Orange,500mm,Same as bag colour,100,240,290
Non Woven Bag,WS-A3L,1C (Front),420mm x 320mm x 100mm,Non Woven 90gsm,Orange,500mm,Same as bag colour,200,405,505
Non Woven Bag,WS-A3L,1C (Front),420mm x 320mm x 100mm,Non Woven 90gsm,Orange,500mm,Same as bag colour,300,531,671
Non Woven Bag,WS-A3L,1C (Front),420mm x 320mm x 100mm,Non Woven 90gsm,Orange,500mm,Same as bag colour,400,695,885
Non Woven Bag,WS-A3L,1C (Front),420mm x 320mm x 100mm,Non Woven 90gsm,Orange,500mm,Same as bag colour,500,822,1052
Non Woven Bag,WS-A3L,1C (Front),420mm x 320mm x 100mm,Non Woven 90gsm,Orange,500mm,Same as bag colour,600,986,1266
Non Woven Bag,WS-A3L,1C (Front),420mm x 320mm x 100mm,Non Woven 90gsm,Orange,500mm,Same as bag colour,700,1151,1471
Non Woven Bag,WS-A3L,1C (Front),420mm x 320mm x 100mm,Non Woven 90gsm,Orange,500mm,Same as bag colour,800,1314,1684
Non Woven Bag,WS-A3L,1C (Front),420mm x 320mm x 100mm,Non Woven 90gsm,Orange,500mm,Same as bag colour,900,1478,1888
Non Woven Bag,WS-A3L,1C (Front),420mm x 320mm x 100mm,Non Woven 90gsm,Orange,500mm,Same as bag colour,1000,1589,2049
Non Woven Bag,WS-A3L,1C (Front),420mm x 320mm x 100mm,Non Woven 90gsm,Orange,500mm,Same as bag colour,2000,3178,4088
Non Woven Bag,WS-A3L,1C (Front),420mm x 320mm x 100mm,Non Woven 90gsm,Orange,500mm,Same as bag colour,3000,4769,6129
Non Woven Bag,WS-A3L,1C (Front),420mm x 320mm x 100mm,Non Woven 90gsm,Orange,500mm,Same as bag colour,4000,6357,8167
Non Woven Bag,WS-A3L,1C (Front),420mm x 320mm x 100mm,Non Woven 90gsm,Orange,500mm,Same as bag colour,5000,7947,10207
Non Woven Bag,WS-A3L,1C (Front),420mm x 320mm x 100mm,Non Woven 90gsm,Orange,500mm,Same as bag colour,6000,9536,12246
Non Woven Bag,WS-A3L,1C (Front),420mm x 320mm x 100mm,Non Woven 90gsm,Orange,500mm,Same as bag colour,7000,11126,14286
Non Woven Bag,WS-A3L,1C (Front),420mm x 320mm x 100mm,Non Woven 90gsm,Orange,500mm,Same as bag colour,8000,12715,16325
Non Woven Bag,WS-A3L,1C (Front),420mm x 320mm x 100mm,Non Woven 90gsm,Orange,500mm,Same as bag colour,9000,14304,18364
Non Woven Bag,WS-A3L,1C (Front),420mm x 320mm x 100mm,Non Woven 90gsm,Orange,500mm,Same as bag colour,10000,15617,20127
Non Woven Bag,WS-A3L,1C (Front),420mm x 320mm x 100mm,Non Woven 90gsm,Orange,500mm,Same as bag colour,11000,17178,22138
Non Woven Bag,WS-A3L,1C (Front),420mm x 320mm x 100mm,Non Woven 90gsm,Orange,500mm,Same as bag colour,12000,18740,24150
Non Woven Bag,WS-A3L,1C (Front),420mm x 320mm x 100mm,Non Woven 90gsm,Orange,500mm,Same as bag colour,13000,20301,26161
Non Woven Bag,WS-A3L,1C (Front),420mm x 320mm x 100mm,Non Woven 90gsm,Orange,500mm,Same as bag colour,14000,21864,28174
Non Woven Bag,WS-A3L,1C (Front),420mm x 320mm x 100mm,Non Woven 90gsm,Orange,500mm,Same as bag colour,15000,23425,30185
Non Woven Bag,WS-A3L,1C (Front),420mm x 320mm x 100mm,Non Woven 90gsm,Orange,500mm,Same as bag colour,16000,24988,32198
Non Woven Bag,WS-A3L,1C (Front),420mm x 320mm x 100mm,Non Woven 90gsm,Orange,500mm,Same as bag colour,17000,26548,34208
Non Woven Bag,WS-A3L,1C (Front),420mm x 320mm x 100mm,Non Woven 90gsm,Orange,500mm,Same as bag colour,18000,28111,36221
Non Woven Bag,WS-A3L,1C (Front),420mm x 320mm x 100mm,Non Woven 90gsm,Orange,500mm,Same as bag colour,19000,29672,38232
Non Woven Bag,WS-A3L,1C (Front),420mm x 320mm x 100mm,Non Woven 90gsm,Orange,500mm,Same as bag colour,20000,31233,40243
Non Woven Bag,WS-A3L,1C (Front),420mm x 320mm x 100mm,Non Woven 90gsm,Magenta,500mm,Same as bag colour,100,240,290
Non Woven Bag,WS-A3L,1C (Front),420mm x 320mm x 100mm,Non Woven 90gsm,Magenta,500mm,Same as bag colour,200,405,505
Non Woven Bag,WS-A3L,1C (Front),420mm x 320mm x 100mm,Non Woven 90gsm,Magenta,500mm,Same as bag colour,300,531,671
Non Woven Bag,WS-A3L,1C (Front),420mm x 320mm x 100mm,Non Woven 90gsm,Magenta,500mm,Same as bag colour,400,695,885
Non Woven Bag,WS-A3L,1C (Front),420mm x 320mm x 100mm,Non Woven 90gsm,Magenta,500mm,Same as bag colour,500,822,1052
Non Woven Bag,WS-A3L,1C (Front),420mm x 320mm x 100mm,Non Woven 90gsm,Magenta,500mm,Same as bag colour,600,986,1266
Non Woven Bag,WS-A3L,1C (Front),420mm x 320mm x 100mm,Non Woven 90gsm,Magenta,500mm,Same as bag colour,700,1151,1471
Non Woven Bag,WS-A3L,1C (Front),420mm x 320mm x 100mm,Non Woven 90gsm,Magenta,500mm,Same as bag colour,800,1314,1684
Non Woven Bag,WS-A3L,1C (Front),420mm x 320mm x 100mm,Non Woven 90gsm,Magenta,500mm,Same as bag colour,900,1478,1888
Non Woven Bag,WS-A3L,1C (Front),420mm x 320mm x 100mm,Non Woven 90gsm,Magenta,500mm,Same as bag colour,1000,1589,2049
Non Woven Bag,WS-A3L,1C (Front),420mm x 320mm x 100mm,Non Woven 90gsm,Magenta,500mm,Same as bag colour,2000,3178,4088
Non Woven Bag,WS-A3L,1C (Front),420mm x 320mm x 100mm,Non Woven 90gsm,Magenta,500mm,Same as bag colour,3000,4769,6129
Non Woven Bag,WS-A3L,1C (Front),420mm x 320mm x 100mm,Non Woven 90gsm,Magenta,500mm,Same as bag colour,4000,6357,8167
Non Woven Bag,WS-A3L,1C (Front),420mm x 320mm x 100mm,Non Woven 90gsm,Magenta,500mm,Same as bag colour,5000,7947,10207
Non Woven Bag,WS-A3L,1C (Front),420mm x 320mm x 100mm,Non Woven 90gsm,Magenta,500mm,Same as bag colour,6000,9536,12246
Non Woven Bag,WS-A3L,1C (Front),420mm x 320mm x 100mm,Non Woven 90gsm,Magenta,500mm,Same as bag colour,7000,11126,14286
Non Woven Bag,WS-A3L,1C (Front),420mm x 320mm x 100mm,Non Woven 90gsm,Magenta,500mm,Same as bag colour,8000,12715,16325
Non Woven Bag,WS-A3L,1C (Front),420mm x 320mm x 100mm,Non Woven 90gsm,Magenta,500mm,Same as bag colour,9000,14304,18364
Non Woven Bag,WS-A3L,1C (Front),420mm x 320mm x 100mm,Non Woven 90gsm,Magenta,500mm,Same as bag colour,10000,15617,20127
Non Woven Bag,WS-A3L,1C (Front),420mm x 320mm x 100mm,Non Woven 90gsm,Magenta,500mm,Same as bag colour,11000,17178,22138
Non Woven Bag,WS-A3L,1C (Front),420mm x 320mm x 100mm,Non Woven 90gsm,Magenta,500mm,Same as bag colour,12000,18740,24150
Non Woven Bag,WS-A3L,1C (Front),420mm x 320mm x 100mm,Non Woven 90gsm,Magenta,500mm,Same as bag colour,13000,20301,26161
Non Woven Bag,WS-A3L,1C (Front),420mm x 320mm x 100mm,Non Woven 90gsm,Magenta,500mm,Same as bag colour,14000,21864,28174
Non Woven Bag,WS-A3L,1C (Front),420mm x 320mm x 100mm,Non Woven 90gsm,Magenta,500mm,Same as bag colour,15000,23425,30185
Non Woven Bag,WS-A3L,1C (Front),420mm x 320mm x 100mm,Non Woven 90gsm,Magenta,500mm,Same as bag colour,16000,24988,32198
Non Woven Bag,WS-A3L,1C (Front),420mm x 320mm x 100mm,Non Woven 90gsm,Magenta,500mm,Same as bag colour,17000,26548,34208
Non Woven Bag,WS-A3L,1C (Front),420mm x 320mm x 100mm,Non Woven 90gsm,Magenta,500mm,Same as bag colour,18000,28111,36221
Non Woven Bag,WS-A3L,1C (Front),420mm x 320mm x 100mm,Non Woven 90gsm,Magenta,500mm,Same as bag colour,19000,29672,38232
Non Woven Bag,WS-A3L,1C (Front),420mm x 320mm x 100mm,Non Woven 90gsm,Magenta,500mm,Same as bag colour,20000,31233,40243
Non Woven Bag,WS-A3L,1C (Front),420mm x 320mm x 100mm,Non Woven 90gsm,Red,500mm,Same as bag colour,100,240,290
Non Woven Bag,WS-A3L,1C (Front),420mm x 320mm x 100mm,Non Woven 90gsm,Red,500mm,Same as bag colour,200,405,505
Non Woven Bag,WS-A3L,1C (Front),420mm x 320mm x 100mm,Non Woven 90gsm,Red,500mm,Same as bag colour,300,531,671
Non Woven Bag,WS-A3L,1C (Front),420mm x 320mm x 100mm,Non Woven 90gsm,Red,500mm,Same as bag colour,400,695,885
Non Woven Bag,WS-A3L,1C (Front),420mm x 320mm x 100mm,Non Woven 90gsm,Red,500mm,Same as bag colour,500,822,1052
Non Woven Bag,WS-A3L,1C (Front),420mm x 320mm x 100mm,Non Woven 90gsm,Red,500mm,Same as bag colour,600,986,1266
Non Woven Bag,WS-A3L,1C (Front),420mm x 320mm x 100mm,Non Woven 90gsm,Red,500mm,Same as bag colour,700,1151,1471
Non Woven Bag,WS-A3L,1C (Front),420mm x 320mm x 100mm,Non Woven 90gsm,Red,500mm,Same as bag colour,800,1314,1684
Non Woven Bag,WS-A3L,1C (Front),420mm x 320mm x 100mm,Non Woven 90gsm,Red,500mm,Same as bag colour,900,1478,1888
Non Woven Bag,WS-A3L,1C (Front),420mm x 320mm x 100mm,Non Woven 90gsm,Red,500mm,Same as bag colour,1000,1589,2049
Non Woven Bag,WS-A3L,1C (Front),420mm x 320mm x 100mm,Non Woven 90gsm,Red,500mm,Same as bag colour,2000,3178,4088
Non Woven Bag,WS-A3L,1C (Front),420mm x 320mm x 100mm,Non Woven 90gsm,Red,500mm,Same as bag colour,3000,4769,6129
Non Woven Bag,WS-A3L,1C (Front),420mm x 320mm x 100mm,Non Woven 90gsm,Red,500mm,Same as bag colour,4000,6357,8167
Non Woven Bag,WS-A3L,1C (Front),420mm x 320mm x 100mm,Non Woven 90gsm,Red,500mm,Same as bag colour,5000,7947,10207
Non Woven Bag,WS-A3L,1C (Front),420mm x 320mm x 100mm,Non Woven 90gsm,Red,500mm,Same as bag colour,6000,9536,12246
Non Woven Bag,WS-A3L,1C (Front),420mm x 320mm x 100mm,Non Woven 90gsm,Red,500mm,Same as bag colour,7000,11126,14286
Non Woven Bag,WS-A3L,1C (Front),420mm x 320mm x 100mm,Non Woven 90gsm,Red,500mm,Same as bag colour,8000,12715,16325
Non Woven Bag,WS-A3L,1C (Front),420mm x 320mm x 100mm,Non Woven 90gsm,Red,500mm,Same as bag colour,9000,14304,18364
Non Woven Bag,WS-A3L,1C (Front),420mm x 320mm x 100mm,Non Woven 90gsm,Red,500mm,Same as bag colour,10000,15617,20127
Non Woven Bag,WS-A3L,1C (Front),420mm x 320mm x 100mm,Non Woven 90gsm,Red,500mm,Same as bag colour,11000,17178,22138
Non Woven Bag,WS-A3L,1C (Front),420mm x 320mm x 100mm,Non Woven 90gsm,Red,500mm,Same as bag colour,12000,18740,24150
Non Woven Bag,WS-A3L,1C (Front),420mm x 320mm x 100mm,Non Woven 90gsm,Red,500mm,Same as bag colour,13000,20301,26161
Non Woven Bag,WS-A3L,1C (Front),420mm x 320mm x 100mm,Non Woven 90gsm,Red,500mm,Same as bag colour,14000,21864,28174
Non Woven Bag,WS-A3L,1C (Front),420mm x 320mm x 100mm,Non Woven 90gsm,Red,500mm,Same as bag colour,15000,23425,30185
Non Woven Bag,WS-A3L,1C (Front),420mm x 320mm x 100mm,Non Woven 90gsm,Red,500mm,Same as bag colour,16000,24988,32198
Non Woven Bag,WS-A3L,1C (Front),420mm x 320mm x 100mm,Non Woven 90gsm,Red,500mm,Same as bag colour,17000,26548,34208
Non Woven Bag,WS-A3L,1C (Front),420mm x 320mm x 100mm,Non Woven 90gsm,Red,500mm,Same as bag colour,18000,28111,36221
Non Woven Bag,WS-A3L,1C (Front),420mm x 320mm x 100mm,Non Woven 90gsm,Red,500mm,Same as bag colour,19000,29672,38232
Non Woven Bag,WS-A3L,1C (Front),420mm x 320mm x 100mm,Non Woven 90gsm,Red,500mm,Same as bag colour,20000,31233,40243
Non Woven Bag,WS-A3L,1C (Front),420mm x 320mm x 100mm,Non Woven 90gsm,Green,500mm,Same as bag colour,100,240,290
Non Woven Bag,WS-A3L,1C (Front),420mm x 320mm x 100mm,Non Woven 90gsm,Green,500mm,Same as bag colour,200,405,505
Non Woven Bag,WS-A3L,1C (Front),420mm x 320mm x 100mm,Non Woven 90gsm,Green,500mm,Same as bag colour,300,531,671
Non Woven Bag,WS-A3L,1C (Front),420mm x 320mm x 100mm,Non Woven 90gsm,Green,500mm,Same as bag colour,400,695,885
Non Woven Bag,WS-A3L,1C (Front),420mm x 320mm x 100mm,Non Woven 90gsm,Green,500mm,Same as bag colour,500,822,1052
Non Woven Bag,WS-A3L,1C (Front),420mm x 320mm x 100mm,Non Woven 90gsm,Green,500mm,Same as bag colour,600,986,1266
Non Woven Bag,WS-A3L,1C (Front),420mm x 320mm x 100mm,Non Woven 90gsm,Green,500mm,Same as bag colour,700,1151,1471
Non Woven Bag,WS-A3L,1C (Front),420mm x 320mm x 100mm,Non Woven 90gsm,Green,500mm,Same as bag colour,800,1314,1684
Non Woven Bag,WS-A3L,1C (Front),420mm x 320mm x 100mm,Non Woven 90gsm,Green,500mm,Same as bag colour,900,1478,1888
Non Woven Bag,WS-A3L,1C (Front),420mm x 320mm x 100mm,Non Woven 90gsm,Green,500mm,Same as bag colour,1000,1589,2049
Non Woven Bag,WS-A3L,1C (Front),420mm x 320mm x 100mm,Non Woven 90gsm,Green,500mm,Same as bag colour,2000,3178,4088
Non Woven Bag,WS-A3L,1C (Front),420mm x 320mm x 100mm,Non Woven 90gsm,Green,500mm,Same as bag colour,3000,4769,6129
Non Woven Bag,WS-A3L,1C (Front),420mm x 320mm x 100mm,Non Woven 90gsm,Green,500mm,Same as bag colour,4000,6357,8167
Non Woven Bag,WS-A3L,1C (Front),420mm x 320mm x 100mm,Non Woven 90gsm,Green,500mm,Same as bag colour,5000,7947,10207
Non Woven Bag,WS-A3L,1C (Front),420mm x 320mm x 100mm,Non Woven 90gsm,Green,500mm,Same as bag colour,6000,9536,12246
Non Woven Bag,WS-A3L,1C (Front),420mm x 320mm x 100mm,Non Woven 90gsm,Green,500mm,Same as bag colour,7000,11126,14286
Non Woven Bag,WS-A3L,1C (Front),420mm x 320mm x 100mm,Non Woven 90gsm,Green,500mm,Same as bag colour,8000,12715,16325
Non Woven Bag,WS-A3L,1C (Front),420mm x 320mm x 100mm,Non Woven 90gsm,Green,500mm,Same as bag colour,9000,14304,18364
Non Woven Bag,WS-A3L,1C (Front),420mm x 320mm x 100mm,Non Woven 90gsm,Green,500mm,Same as bag colour,10000,15617,20127
Non Woven Bag,WS-A3L,1C (Front),420mm x 320mm x 100mm,Non Woven 90gsm,Green,500mm,Same as bag colour,11000,17178,22138
Non Woven Bag,WS-A3L,1C (Front),420mm x 320mm x 100mm,Non Woven 90gsm,Green,500mm,Same as bag colour,12000,18740,24150
Non Woven Bag,WS-A3L,1C (Front),420mm x 320mm x 100mm,Non Woven 90gsm,Green,500mm,Same as bag colour,13000,20301,26161
Non Woven Bag,WS-A3L,1C (Front),420mm x 320mm x 100mm,Non Woven 90gsm,Green,500mm,Same as bag colour,14000,21864,28174
Non Woven Bag,WS-A3L,1C (Front),420mm x 320mm x 100mm,Non Woven 90gsm,Green,500mm,Same as bag colour,15000,23425,30185
Non Woven Bag,WS-A3L,1C (Front),420mm x 320mm x 100mm,Non Woven 90gsm,Green,500mm,Same as bag colour,16000,24988,32198
Non Woven Bag,WS-A3L,1C (Front),420mm x 320mm x 100mm,Non Woven 90gsm,Green,500mm,Same as bag colour,17000,26548,34208
Non Woven Bag,WS-A3L,1C (Front),420mm x 320mm x 100mm,Non Woven 90gsm,Green,500mm,Same as bag colour,18000,28111,36221
Non Woven Bag,WS-A3L,1C (Front),420mm x 320mm x 100mm,Non Woven 90gsm,Green,500mm,Same as bag colour,19000,29672,38232
Non Woven Bag,WS-A3L,1C (Front),420mm x 320mm x 100mm,Non Woven 90gsm,Green,500mm,Same as bag colour,20000,31233,40243
Non Woven Bag,WS-A3L,1C (Front),420mm x 320mm x 100mm,Non Woven 90gsm,Milo Green,500mm,Same as bag colour,100,240,290
Non Woven Bag,WS-A3L,1C (Front),420mm x 320mm x 100mm,Non Woven 90gsm,Milo Green,500mm,Same as bag colour,200,405,505
Non Woven Bag,WS-A3L,1C (Front),420mm x 320mm x 100mm,Non Woven 90gsm,Milo Green,500mm,Same as bag colour,300,531,671
Non Woven Bag,WS-A3L,1C (Front),420mm x 320mm x 100mm,Non Woven 90gsm,Milo Green,500mm,Same as bag colour,400,695,885
Non Woven Bag,WS-A3L,1C (Front),420mm x 320mm x 100mm,Non Woven 90gsm,Milo Green,500mm,Same as bag colour,500,822,1052
Non Woven Bag,WS-A3L,1C (Front),420mm x 320mm x 100mm,Non Woven 90gsm,Milo Green,500mm,Same as bag colour,600,986,1266
Non Woven Bag,WS-A3L,1C (Front),420mm x 320mm x 100mm,Non Woven 90gsm,Milo Green,500mm,Same as bag colour,700,1151,1471
Non Woven Bag,WS-A3L,1C (Front),420mm x 320mm x 100mm,Non Woven 90gsm,Milo Green,500mm,Same as bag colour,800,1314,1684
Non Woven Bag,WS-A3L,1C (Front),420mm x 320mm x 100mm,Non Woven 90gsm,Milo Green,500mm,Same as bag colour,900,1478,1888
Non Woven Bag,WS-A3L,1C (Front),420mm x 320mm x 100mm,Non Woven 90gsm,Milo Green,500mm,Same as bag colour,1000,1589,2049
Non Woven Bag,WS-A3L,1C (Front),420mm x 320mm x 100mm,Non Woven 90gsm,Milo Green,500mm,Same as bag colour,2000,3178,4088
Non Woven Bag,WS-A3L,1C (Front),420mm x 320mm x 100mm,Non Woven 90gsm,Milo Green,500mm,Same as bag colour,3000,4769,6129
Non Woven Bag,WS-A3L,1C (Front),420mm x 320mm x 100mm,Non Woven 90gsm,Milo Green,500mm,Same as bag colour,4000,6357,8167
Non Woven Bag,WS-A3L,1C (Front),420mm x 320mm x 100mm,Non Woven 90gsm,Milo Green,500mm,Same as bag colour,5000,7947,10207
Non Woven Bag,WS-A3L,1C (Front),420mm x 320mm x 100mm,Non Woven 90gsm,Milo Green,500mm,Same as bag colour,6000,9536,12246
Non Woven Bag,WS-A3L,1C (Front),420mm x 320mm x 100mm,Non Woven 90gsm,Milo Green,500mm,Same as bag colour,7000,11126,14286
Non Woven Bag,WS-A3L,1C (Front),420mm x 320mm x 100mm,Non Woven 90gsm,Milo Green,500mm,Same as bag colour,8000,12715,16325
Non Woven Bag,WS-A3L,1C (Front),420mm x 320mm x 100mm,Non Woven 90gsm,Milo Green,500mm,Same as bag colour,9000,14304,18364
Non Woven Bag,WS-A3L,1C (Front),420mm x 320mm x 100mm,Non Woven 90gsm,Milo Green,500mm,Same as bag colour,10000,15617,20127
Non Woven Bag,WS-A3L,1C (Front),420mm x 320mm x 100mm,Non Woven 90gsm,Milo Green,500mm,Same as bag colour,11000,17178,22138
Non Woven Bag,WS-A3L,1C (Front),420mm x 320mm x 100mm,Non Woven 90gsm,Milo Green,500mm,Same as bag colour,12000,18740,24150
Non Woven Bag,WS-A3L,1C (Front),420mm x 320mm x 100mm,Non Woven 90gsm,Milo Green,500mm,Same as bag colour,13000,20301,26161
Non Woven Bag,WS-A3L,1C (Front),420mm x 320mm x 100mm,Non Woven 90gsm,Milo Green,500mm,Same as bag colour,14000,21864,28174
Non Woven Bag,WS-A3L,1C (Front),420mm x 320mm x 100mm,Non Woven 90gsm,Milo Green,500mm,Same as bag colour,15000,23425,30185
Non Woven Bag,WS-A3L,1C (Front),420mm x 320mm x 100mm,Non Woven 90gsm,Milo Green,500mm,Same as bag colour,16000,24988,32198
Non Woven Bag,WS-A3L,1C (Front),420mm x 320mm x 100mm,Non Woven 90gsm,Milo Green,500mm,Same as bag colour,17000,26548,34208
Non Woven Bag,WS-A3L,1C (Front),420mm x 320mm x 100mm,Non Woven 90gsm,Milo Green,500mm,Same as bag colour,18000,28111,36221
Non Woven Bag,WS-A3L,1C (Front),420mm x 320mm x 100mm,Non Woven 90gsm,Milo Green,500mm,Same as bag colour,19000,29672,38232
Non Woven Bag,WS-A3L,1C (Front),420mm x 320mm x 100mm,Non Woven 90gsm,Milo Green,500mm,Same as bag colour,20000,31233,40243
Non Woven Bag,WS-A3L,1C (Front),420mm x 320mm x 100mm,Non Woven 90gsm,Cyan,500mm,Same as bag colour,100,240,290
Non Woven Bag,WS-A3L,1C (Front),420mm x 320mm x 100mm,Non Woven 90gsm,Cyan,500mm,Same as bag colour,200,405,505
Non Woven Bag,WS-A3L,1C (Front),420mm x 320mm x 100mm,Non Woven 90gsm,Cyan,500mm,Same as bag colour,300,531,671
Non Woven Bag,WS-A3L,1C (Front),420mm x 320mm x 100mm,Non Woven 90gsm,Cyan,500mm,Same as bag colour,400,695,885
Non Woven Bag,WS-A3L,1C (Front),420mm x 320mm x 100mm,Non Woven 90gsm,Cyan,500mm,Same as bag colour,500,822,1052
Non Woven Bag,WS-A3L,1C (Front),420mm x 320mm x 100mm,Non Woven 90gsm,Cyan,500mm,Same as bag colour,600,986,1266
Non Woven Bag,WS-A3L,1C (Front),420mm x 320mm x 100mm,Non Woven 90gsm,Cyan,500mm,Same as bag colour,700,1151,1471
Non Woven Bag,WS-A3L,1C (Front),420mm x 320mm x 100mm,Non Woven 90gsm,Cyan,500mm,Same as bag colour,800,1314,1684
Non Woven Bag,WS-A3L,1C (Front),420mm x 320mm x 100mm,Non Woven 90gsm,Cyan,500mm,Same as bag colour,900,1478,1888
Non Woven Bag,WS-A3L,1C (Front),420mm x 320mm x 100mm,Non Woven 90gsm,Cyan,500mm,Same as bag colour,1000,1589,2049
Non Woven Bag,WS-A3L,1C (Front),420mm x 320mm x 100mm,Non Woven 90gsm,Cyan,500mm,Same as bag colour,2000,3178,4088
Non Woven Bag,WS-A3L,1C (Front),420mm x 320mm x 100mm,Non Woven 90gsm,Cyan,500mm,Same as bag colour,3000,4769,6129
Non Woven Bag,WS-A3L,1C (Front),420mm x 320mm x 100mm,Non Woven 90gsm,Cyan,500mm,Same as bag colour,4000,6357,8167
Non Woven Bag,WS-A3L,1C (Front),420mm x 320mm x 100mm,Non Woven 90gsm,Cyan,500mm,Same as bag colour,5000,7947,10207
Non Woven Bag,WS-A3L,1C (Front),420mm x 320mm x 100mm,Non Woven 90gsm,Cyan,500mm,Same as bag colour,6000,9536,12246
Non Woven Bag,WS-A3L,1C (Front),420mm x 320mm x 100mm,Non Woven 90gsm,Cyan,500mm,Same as bag colour,7000,11126,14286
Non Woven Bag,WS-A3L,1C (Front),420mm x 320mm x 100mm,Non Woven 90gsm,Cyan,500mm,Same as bag colour,8000,12715,16325
Non Woven Bag,WS-A3L,1C (Front),420mm x 320mm x 100mm,Non Woven 90gsm,Cyan,500mm,Same as bag colour,9000,14304,18364
Non Woven Bag,WS-A3L,1C (Front),420mm x 320mm x 100mm,Non Woven 90gsm,Cyan,500mm,Same as bag colour,10000,15617,20127
Non Woven Bag,WS-A3L,1C (Front),420mm x 320mm x 100mm,Non Woven 90gsm,Cyan,500mm,Same as bag colour,11000,17178,22138
Non Woven Bag,WS-A3L,1C (Front),420mm x 320mm x 100mm,Non Woven 90gsm,Cyan,500mm,Same as bag colour,12000,18740,24150
Non Woven Bag,WS-A3L,1C (Front),420mm x 320mm x 100mm,Non Woven 90gsm,Cyan,500mm,Same as bag colour,13000,20301,26161
Non Woven Bag,WS-A3L,1C (Front),420mm x 320mm x 100mm,Non Woven 90gsm,Cyan,500mm,Same as bag colour,14000,21864,28174
Non Woven Bag,WS-A3L,1C (Front),420mm x 320mm x 100mm,Non Woven 90gsm,Cyan,500mm,Same as bag colour,15000,23425,30185
Non Woven Bag,WS-A3L,1C (Front),420mm x 320mm x 100mm,Non Woven 90gsm,Cyan,500mm,Same as bag colour,16000,24988,32198
Non Woven Bag,WS-A3L,1C (Front),420mm x 320mm x 100mm,Non Woven 90gsm,Cyan,500mm,Same as bag colour,17000,26548,34208
Non Woven Bag,WS-A3L,1C (Front),420mm x 320mm x 100mm,Non Woven 90gsm,Cyan,500mm,Same as bag colour,18000,28111,36221
Non Woven Bag,WS-A3L,1C (Front),420mm x 320mm x 100mm,Non Woven 90gsm,Cyan,500mm,Same as bag colour,19000,29672,38232
Non Woven Bag,WS-A3L,1C (Front),420mm x 320mm x 100mm,Non Woven 90gsm,Cyan,500mm,Same as bag colour,20000,31233,40243
Non Woven Bag,WS-A3L,1C (Front),420mm x 320mm x 100mm,Non Woven 90gsm,Royal Blue,500mm,Same as bag colour,100,240,290
Non Woven Bag,WS-A3L,1C (Front),420mm x 320mm x 100mm,Non Woven 90gsm,Royal Blue,500mm,Same as bag colour,200,405,505
Non Woven Bag,WS-A3L,1C (Front),420mm x 320mm x 100mm,Non Woven 90gsm,Royal Blue,500mm,Same as bag colour,300,531,671
Non Woven Bag,WS-A3L,1C (Front),420mm x 320mm x 100mm,Non Woven 90gsm,Royal Blue,500mm,Same as bag colour,400,695,885
Non Woven Bag,WS-A3L,1C (Front),420mm x 320mm x 100mm,Non Woven 90gsm,Royal Blue,500mm,Same as bag colour,500,822,1052
Non Woven Bag,WS-A3L,1C (Front),420mm x 320mm x 100mm,Non Woven 90gsm,Royal Blue,500mm,Same as bag colour,600,986,1266
Non Woven Bag,WS-A3L,1C (Front),420mm x 320mm x 100mm,Non Woven 90gsm,Royal Blue,500mm,Same as bag colour,700,1151,1471
Non Woven Bag,WS-A3L,1C (Front),420mm x 320mm x 100mm,Non Woven 90gsm,Royal Blue,500mm,Same as bag colour,800,1314,1684
Non Woven Bag,WS-A3L,1C (Front),420mm x 320mm x 100mm,Non Woven 90gsm,Royal Blue,500mm,Same as bag colour,900,1478,1888
Non Woven Bag,WS-A3L,1C (Front),420mm x 320mm x 100mm,Non Woven 90gsm,Royal Blue,500mm,Same as bag colour,1000,1589,2049
Non Woven Bag,WS-A3L,1C (Front),420mm x 320mm x 100mm,Non Woven 90gsm,Royal Blue,500mm,Same as bag colour,2000,3178,4088
Non Woven Bag,WS-A3L,1C (Front),420mm x 320mm x 100mm,Non Woven 90gsm,Royal Blue,500mm,Same as bag colour,3000,4769,6129
Non Woven Bag,WS-A3L,1C (Front),420mm x 320mm x 100mm,Non Woven 90gsm,Royal Blue,500mm,Same as bag colour,4000,6357,8167
Non Woven Bag,WS-A3L,1C (Front),420mm x 320mm x 100mm,Non Woven 90gsm,Royal Blue,500mm,Same as bag colour,5000,7947,10207
Non Woven Bag,WS-A3L,1C (Front),420mm x 320mm x 100mm,Non Woven 90gsm,Royal Blue,500mm,Same as bag colour,6000,9536,12246
Non Woven Bag,WS-A3L,1C (Front),420mm x 320mm x 100mm,Non Woven 90gsm,Royal Blue,500mm,Same as bag colour,7000,11126,14286
Non Woven Bag,WS-A3L,1C (Front),420mm x 320mm x 100mm,Non Woven 90gsm,Royal Blue,500mm,Same as bag colour,8000,12715,16325
Non Woven Bag,WS-A3L,1C (Front),420mm x 320mm x 100mm,Non Woven 90gsm,Royal Blue,500mm,Same as bag colour,9000,14304,18364
Non Woven Bag,WS-A3L,1C (Front),420mm x 320mm x 100mm,Non Woven 90gsm,Royal Blue,500mm,Same as bag colour,10000,15617,20127
Non Woven Bag,WS-A3L,1C (Front),420mm x 320mm x 100mm,Non Woven 90gsm,Royal Blue,500mm,Same as bag colour,11000,17178,22138
Non Woven Bag,WS-A3L,1C (Front),420mm x 320mm x 100mm,Non Woven 90gsm,Royal Blue,500mm,Same as bag colour,12000,18740,24150
Non Woven Bag,WS-A3L,1C (Front),420mm x 320mm x 100mm,Non Woven 90gsm,Royal Blue,500mm,Same as bag colour,13000,20301,26161
Non Woven Bag,WS-A3L,1C (Front),420mm x 320mm x 100mm,Non Woven 90gsm,Royal Blue,500mm,Same as bag colour,14000,21864,28174
Non Woven Bag,WS-A3L,1C (Front),420mm x 320mm x 100mm,Non Woven 90gsm,Royal Blue,500mm,Same as bag colour,15000,23425,30185
Non Woven Bag,WS-A3L,1C (Front),420mm x 320mm x 100mm,Non Woven 90gsm,Royal Blue,500mm,Same as bag colour,16000,24988,32198
Non Woven Bag,WS-A3L,1C (Front),420mm x 320mm x 100mm,Non Woven 90gsm,Royal Blue,500mm,Same as bag colour,17000,26548,34208
Non Woven Bag,WS-A3L,1C (Front),420mm x 320mm x 100mm,Non Woven 90gsm,Royal Blue,500mm,Same as bag colour,18000,28111,36221
Non Woven Bag,WS-A3L,1C (Front),420mm x 320mm x 100mm,Non Woven 90gsm,Royal Blue,500mm,Same as bag colour,19000,29672,38232
Non Woven Bag,WS-A3L,1C (Front),420mm x 320mm x 100mm,Non Woven 90gsm,Royal Blue,500mm,Same as bag colour,20000,31233,40243
Non Woven Bag,WS-A3L,1C (Front),420mm x 320mm x 100mm,Non Woven 90gsm,Navy Blue,500mm,Same as bag colour,100,240,290
Non Woven Bag,WS-A3L,1C (Front),420mm x 320mm x 100mm,Non Woven 90gsm,Navy Blue,500mm,Same as bag colour,200,405,505
Non Woven Bag,WS-A3L,1C (Front),420mm x 320mm x 100mm,Non Woven 90gsm,Navy Blue,500mm,Same as bag colour,300,531,671
Non Woven Bag,WS-A3L,1C (Front),420mm x 320mm x 100mm,Non Woven 90gsm,Navy Blue,500mm,Same as bag colour,400,695,885
Non Woven Bag,WS-A3L,1C (Front),420mm x 320mm x 100mm,Non Woven 90gsm,Navy Blue,500mm,Same as bag colour,500,822,1052
Non Woven Bag,WS-A3L,1C (Front),420mm x 320mm x 100mm,Non Woven 90gsm,Navy Blue,500mm,Same as bag colour,600,986,1266
Non Woven Bag,WS-A3L,1C (Front),420mm x 320mm x 100mm,Non Woven 90gsm,Navy Blue,500mm,Same as bag colour,700,1151,1471
Non Woven Bag,WS-A3L,1C (Front),420mm x 320mm x 100mm,Non Woven 90gsm,Navy Blue,500mm,Same as bag colour,800,1314,1684
Non Woven Bag,WS-A3L,1C (Front),420mm x 320mm x 100mm,Non Woven 90gsm,Navy Blue,500mm,Same as bag colour,900,1478,1888
Non Woven Bag,WS-A3L,1C (Front),420mm x 320mm x 100mm,Non Woven 90gsm,Navy Blue,500mm,Same as bag colour,1000,1589,2049
Non Woven Bag,WS-A3L,1C (Front),420mm x 320mm x 100mm,Non Woven 90gsm,Navy Blue,500mm,Same as bag colour,2000,3178,4088
Non Woven Bag,WS-A3L,1C (Front),420mm x 320mm x 100mm,Non Woven 90gsm,Navy Blue,500mm,Same as bag colour,3000,4769,6129
Non Woven Bag,WS-A3L,1C (Front),420mm x 320mm x 100mm,Non Woven 90gsm,Navy Blue,500mm,Same as bag colour,4000,6357,8167
Non Woven Bag,WS-A3L,1C (Front),420mm x 320mm x 100mm,Non Woven 90gsm,Navy Blue,500mm,Same as bag colour,5000,7947,10207
Non Woven Bag,WS-A3L,1C (Front),420mm x 320mm x 100mm,Non Woven 90gsm,Navy Blue,500mm,Same as bag colour,6000,9536,12246
Non Woven Bag,WS-A3L,1C (Front),420mm x 320mm x 100mm,Non Woven 90gsm,Navy Blue,500mm,Same as bag colour,7000,11126,14286
Non Woven Bag,WS-A3L,1C (Front),420mm x 320mm x 100mm,Non Woven 90gsm,Navy Blue,500mm,Same as bag colour,8000,12715,16325
Non Woven Bag,WS-A3L,1C (Front),420mm x 320mm x 100mm,Non Woven 90gsm,Navy Blue,500mm,Same as bag colour,9000,14304,18364
Non Woven Bag,WS-A3L,1C (Front),420mm x 320mm x 100mm,Non Woven 90gsm,Navy Blue,500mm,Same as bag colour,10000,15617,20127
Non Woven Bag,WS-A3L,1C (Front),420mm x 320mm x 100mm,Non Woven 90gsm,Navy Blue,500mm,Same as bag colour,11000,17178,22138
Non Woven Bag,WS-A3L,1C (Front),420mm x 320mm x 100mm,Non Woven 90gsm,Navy Blue,500mm,Same as bag colour,12000,18740,24150
Non Woven Bag,WS-A3L,1C (Front),420mm x 320mm x 100mm,Non Woven 90gsm,Navy Blue,500mm,Same as bag colour,13000,20301,26161
Non Woven Bag,WS-A3L,1C (Front),420mm x 320mm x 100mm,Non Woven 90gsm,Navy Blue,500mm,Same as bag colour,14000,21864,28174
Non Woven Bag,WS-A3L,1C (Front),420mm x 320mm x 100mm,Non Woven 90gsm,Navy Blue,500mm,Same as bag colour,15000,23425,30185
Non Woven Bag,WS-A3L,1C (Front),420mm x 320mm x 100mm,Non Woven 90gsm,Navy Blue,500mm,Same as bag colour,16000,24988,32198
Non Woven Bag,WS-A3L,1C (Front),420mm x 320mm x 100mm,Non Woven 90gsm,Navy Blue,500mm,Same as bag colour,17000,26548,34208
Non Woven Bag,WS-A3L,1C (Front),420mm x 320mm x 100mm,Non Woven 90gsm,Navy Blue,500mm,Same as bag colour,18000,28111,36221
Non Woven Bag,WS-A3L,1C (Front),420mm x 320mm x 100mm,Non Woven 90gsm,Navy Blue,500mm,Same as bag colour,19000,29672,38232
Non Woven Bag,WS-A3L,1C (Front),420mm x 320mm x 100mm,Non Woven 90gsm,Navy Blue,500mm,Same as bag colour,20000,31233,40243
Non Woven Bag,WS-A3L,1C (Front),420mm x 320mm x 100mm,Non Woven 90gsm,Dark Purple,500mm,Same as bag colour,100,240,290
Non Woven Bag,WS-A3L,1C (Front),420mm x 320mm x 100mm,Non Woven 90gsm,Dark Purple,500mm,Same as bag colour,200,405,505
Non Woven Bag,WS-A3L,1C (Front),420mm x 320mm x 100mm,Non Woven 90gsm,Dark Purple,500mm,Same as bag colour,300,531,671
Non Woven Bag,WS-A3L,1C (Front),420mm x 320mm x 100mm,Non Woven 90gsm,Dark Purple,500mm,Same as bag colour,400,695,885
Non Woven Bag,WS-A3L,1C (Front),420mm x 320mm x 100mm,Non Woven 90gsm,Dark Purple,500mm,Same as bag colour,500,822,1052
Non Woven Bag,WS-A3L,1C (Front),420mm x 320mm x 100mm,Non Woven 90gsm,Dark Purple,500mm,Same as bag colour,600,986,1266
Non Woven Bag,WS-A3L,1C (Front),420mm x 320mm x 100mm,Non Woven 90gsm,Dark Purple,500mm,Same as bag colour,700,1151,1471
Non Woven Bag,WS-A3L,1C (Front),420mm x 320mm x 100mm,Non Woven 90gsm,Dark Purple,500mm,Same as bag colour,800,1314,1684
Non Woven Bag,WS-A3L,1C (Front),420mm x 320mm x 100mm,Non Woven 90gsm,Dark Purple,500mm,Same as bag colour,900,1478,1888
Non Woven Bag,WS-A3L,1C (Front),420mm x 320mm x 100mm,Non Woven 90gsm,Dark Purple,500mm,Same as bag colour,1000,1589,2049
Non Woven Bag,WS-A3L,1C (Front),420mm x 320mm x 100mm,Non Woven 90gsm,Dark Purple,500mm,Same as bag colour,2000,3178,4088
Non Woven Bag,WS-A3L,1C (Front),420mm x 320mm x 100mm,Non Woven 90gsm,Dark Purple,500mm,Same as bag colour,3000,4769,6129
Non Woven Bag,WS-A3L,1C (Front),420mm x 320mm x 100mm,Non Woven 90gsm,Dark Purple,500mm,Same as bag colour,4000,6357,8167
Non Woven Bag,WS-A3L,1C (Front),420mm x 320mm x 100mm,Non Woven 90gsm,Dark Purple,500mm,Same as bag colour,5000,7947,10207
Non Woven Bag,WS-A3L,1C (Front),420mm x 320mm x 100mm,Non Woven 90gsm,Dark Purple,500mm,Same as bag colour,6000,9536,12246
Non Woven Bag,WS-A3L,1C (Front),420mm x 320mm x 100mm,Non Woven 90gsm,Dark Purple,500mm,Same as bag colour,7000,11126,14286
Non Woven Bag,WS-A3L,1C (Front),420mm x 320mm x 100mm,Non Woven 90gsm,Dark Purple,500mm,Same as bag colour,8000,12715,16325
Non Woven Bag,WS-A3L,1C (Front),420mm x 320mm x 100mm,Non Woven 90gsm,Dark Purple,500mm,Same as bag colour,9000,14304,18364
Non Woven Bag,WS-A3L,1C (Front),420mm x 320mm x 100mm,Non Woven 90gsm,Dark Purple,500mm,Same as bag colour,10000,15617,20127
Non Woven Bag,WS-A3L,1C (Front),420mm x 320mm x 100mm,Non Woven 90gsm,Dark Purple,500mm,Same as bag colour,11000,17178,22138
Non Woven Bag,WS-A3L,1C (Front),420mm x 320mm x 100mm,Non Woven 90gsm,Dark Purple,500mm,Same as bag colour,12000,18740,24150
Non Woven Bag,WS-A3L,1C (Front),420mm x 320mm x 100mm,Non Woven 90gsm,Dark Purple,500mm,Same as bag colour,13000,20301,26161
Non Woven Bag,WS-A3L,1C (Front),420mm x 320mm x 100mm,Non Woven 90gsm,Dark Purple,500mm,Same as bag colour,14000,21864,28174
Non Woven Bag,WS-A3L,1C (Front),420mm x 320mm x 100mm,Non Woven 90gsm,Dark Purple,500mm,Same as bag colour,15000,23425,30185
Non Woven Bag,WS-A3L,1C (Front),420mm x 320mm x 100mm,Non Woven 90gsm,Dark Purple,500mm,Same as bag colour,16000,24988,32198
Non Woven Bag,WS-A3L,1C (Front),420mm x 320mm x 100mm,Non Woven 90gsm,Dark Purple,500mm,Same as bag colour,17000,26548,34208
Non Woven Bag,WS-A3L,1C (Front),420mm x 320mm x 100mm,Non Woven 90gsm,Dark Purple,500mm,Same as bag colour,18000,28111,36221
Non Woven Bag,WS-A3L,1C (Front),420mm x 320mm x 100mm,Non Woven 90gsm,Dark Purple,500mm,Same as bag colour,19000,29672,38232
Non Woven Bag,WS-A3L,1C (Front),420mm x 320mm x 100mm,Non Woven 90gsm,Dark Purple,500mm,Same as bag colour,20000,31233,40243
Non Woven Bag,WS-A3L,1C (Both),420mm x 320mm x 100mm,Non Woven 90gsm,Black,500mm,Same as bag colour,100,325,375
Non Woven Bag,WS-A3L,1C (Both),420mm x 320mm x 100mm,Non Woven 90gsm,Black,500mm,Same as bag colour,200,480,580
Non Woven Bag,WS-A3L,1C (Both),420mm x 320mm x 100mm,Non Woven 90gsm,Black,500mm,Same as bag colour,300,644,784
Non Woven Bag,WS-A3L,1C (Both),420mm x 320mm x 100mm,Non Woven 90gsm,Black,500mm,Same as bag colour,400,848,1038
Non Woven Bag,WS-A3L,1C (Both),420mm x 320mm x 100mm,Non Woven 90gsm,Black,500mm,Same as bag colour,500,1012,1242
Non Woven Bag,WS-A3L,1C (Both),420mm x 320mm x 100mm,Non Woven 90gsm,Black,500mm,Same as bag colour,600,1214,1494
Non Woven Bag,WS-A3L,1C (Both),420mm x 320mm x 100mm,Non Woven 90gsm,Black,500mm,Same as bag colour,700,1416,1736
Non Woven Bag,WS-A3L,1C (Both),420mm x 320mm x 100mm,Non Woven 90gsm,Black,500mm,Same as bag colour,800,1617,1987
Non Woven Bag,WS-A3L,1C (Both),420mm x 320mm x 100mm,Non Woven 90gsm,Black,500mm,Same as bag colour,900,1820,2230
Non Woven Bag,WS-A3L,1C (Both),420mm x 320mm x 100mm,Non Woven 90gsm,Black,500mm,Same as bag colour,1000,2018,2478
Non Woven Bag,WS-A3L,1C (Both),420mm x 320mm x 100mm,Non Woven 90gsm,Black,500mm,Same as bag colour,2000,4038,4948
Non Woven Bag,WS-A3L,1C (Both),420mm x 320mm x 100mm,Non Woven 90gsm,Black,500mm,Same as bag colour,3000,6058,7418
Non Woven Bag,WS-A3L,1C (Both),420mm x 320mm x 100mm,Non Woven 90gsm,Black,500mm,Same as bag colour,4000,8076,9886
Non Woven Bag,WS-A3L,1C (Both),420mm x 320mm x 100mm,Non Woven 90gsm,Black,500mm,Same as bag colour,5000,10095,12355
Non Woven Bag,WS-A3L,1C (Both),420mm x 320mm x 100mm,Non Woven 90gsm,Black,500mm,Same as bag colour,6000,12113,14823
Non Woven Bag,WS-A3L,1C (Both),420mm x 320mm x 100mm,Non Woven 90gsm,Black,500mm,Same as bag colour,7000,14132,17292
Non Woven Bag,WS-A3L,1C (Both),420mm x 320mm x 100mm,Non Woven 90gsm,Black,500mm,Same as bag colour,8000,16152,19762
Non Woven Bag,WS-A3L,1C (Both),420mm x 320mm x 100mm,Non Woven 90gsm,Black,500mm,Same as bag colour,9000,18170,22230
Non Woven Bag,WS-A3L,1C (Both),420mm x 320mm x 100mm,Non Woven 90gsm,Black,500mm,Same as bag colour,10000,20189,24699
Non Woven Bag,WS-A3L,1C (Both),420mm x 320mm x 100mm,Non Woven 90gsm,Black,500mm,Same as bag colour,11000,22208,27168
Non Woven Bag,WS-A3L,1C (Both),420mm x 320mm x 100mm,Non Woven 90gsm,Black,500mm,Same as bag colour,12000,24227,29637
Non Woven Bag,WS-A3L,1C (Both),420mm x 320mm x 100mm,Non Woven 90gsm,Black,500mm,Same as bag colour,13000,26247,32107
Non Woven Bag,WS-A3L,1C (Both),420mm x 320mm x 100mm,Non Woven 90gsm,Black,500mm,Same as bag colour,14000,28265,34575
Non Woven Bag,WS-A3L,1C (Both),420mm x 320mm x 100mm,Non Woven 90gsm,Black,500mm,Same as bag colour,15000,30284,37044
Non Woven Bag,WS-A3L,1C (Both),420mm x 320mm x 100mm,Non Woven 90gsm,Black,500mm,Same as bag colour,16000,32302,39512
Non Woven Bag,WS-A3L,1C (Both),420mm x 320mm x 100mm,Non Woven 90gsm,Black,500mm,Same as bag colour,17000,34322,41982
Non Woven Bag,WS-A3L,1C (Both),420mm x 320mm x 100mm,Non Woven 90gsm,Black,500mm,Same as bag colour,18000,36341,44451
Non Woven Bag,WS-A3L,1C (Both),420mm x 320mm x 100mm,Non Woven 90gsm,Black,500mm,Same as bag colour,19000,38360,46920
Non Woven Bag,WS-A3L,1C (Both),420mm x 320mm x 100mm,Non Woven 90gsm,Black,500mm,Same as bag colour,20000,40378,49388
Non Woven Bag,WS-A3L,1C (Both),420mm x 320mm x 100mm,Non Woven 90gsm,White,500mm,Same as bag colour,100,325,375
Non Woven Bag,WS-A3L,1C (Both),420mm x 320mm x 100mm,Non Woven 90gsm,White,500mm,Same as bag colour,200,480,580
Non Woven Bag,WS-A3L,1C (Both),420mm x 320mm x 100mm,Non Woven 90gsm,White,500mm,Same as bag colour,300,644,784
Non Woven Bag,WS-A3L,1C (Both),420mm x 320mm x 100mm,Non Woven 90gsm,White,500mm,Same as bag colour,400,848,1038
Non Woven Bag,WS-A3L,1C (Both),420mm x 320mm x 100mm,Non Woven 90gsm,White,500mm,Same as bag colour,500,1012,1242
Non Woven Bag,WS-A3L,1C (Both),420mm x 320mm x 100mm,Non Woven 90gsm,White,500mm,Same as bag colour,600,1214,1494
Non Woven Bag,WS-A3L,1C (Both),420mm x 320mm x 100mm,Non Woven 90gsm,White,500mm,Same as bag colour,700,1416,1736
Non Woven Bag,WS-A3L,1C (Both),420mm x 320mm x 100mm,Non Woven 90gsm,White,500mm,Same as bag colour,800,1617,1987
Non Woven Bag,WS-A3L,1C (Both),420mm x 320mm x 100mm,Non Woven 90gsm,White,500mm,Same as bag colour,900,1820,2230
Non Woven Bag,WS-A3L,1C (Both),420mm x 320mm x 100mm,Non Woven 90gsm,White,500mm,Same as bag colour,1000,2018,2478
Non Woven Bag,WS-A3L,1C (Both),420mm x 320mm x 100mm,Non Woven 90gsm,White,500mm,Same as bag colour,2000,4038,4948
Non Woven Bag,WS-A3L,1C (Both),420mm x 320mm x 100mm,Non Woven 90gsm,White,500mm,Same as bag colour,3000,6058,7418
Non Woven Bag,WS-A3L,1C (Both),420mm x 320mm x 100mm,Non Woven 90gsm,White,500mm,Same as bag colour,4000,8076,9886
Non Woven Bag,WS-A3L,1C (Both),420mm x 320mm x 100mm,Non Woven 90gsm,White,500mm,Same as bag colour,5000,10095,12355
Non Woven Bag,WS-A3L,1C (Both),420mm x 320mm x 100mm,Non Woven 90gsm,White,500mm,Same as bag colour,6000,12113,14823
Non Woven Bag,WS-A3L,1C (Both),420mm x 320mm x 100mm,Non Woven 90gsm,White,500mm,Same as bag colour,7000,14132,17292
Non Woven Bag,WS-A3L,1C (Both),420mm x 320mm x 100mm,Non Woven 90gsm,White,500mm,Same as bag colour,8000,16152,19762
Non Woven Bag,WS-A3L,1C (Both),420mm x 320mm x 100mm,Non Woven 90gsm,White,500mm,Same as bag colour,9000,18170,22230
Non Woven Bag,WS-A3L,1C (Both),420mm x 320mm x 100mm,Non Woven 90gsm,White,500mm,Same as bag colour,10000,20189,24699
Non Woven Bag,WS-A3L,1C (Both),420mm x 320mm x 100mm,Non Woven 90gsm,White,500mm,Same as bag colour,11000,22208,27168
Non Woven Bag,WS-A3L,1C (Both),420mm x 320mm x 100mm,Non Woven 90gsm,White,500mm,Same as bag colour,12000,24227,29637
Non Woven Bag,WS-A3L,1C (Both),420mm x 320mm x 100mm,Non Woven 90gsm,White,500mm,Same as bag colour,13000,26247,32107
Non Woven Bag,WS-A3L,1C (Both),420mm x 320mm x 100mm,Non Woven 90gsm,White,500mm,Same as bag colour,14000,28265,34575
Non Woven Bag,WS-A3L,1C (Both),420mm x 320mm x 100mm,Non Woven 90gsm,White,500mm,Same as bag colour,15000,30284,37044
Non Woven Bag,WS-A3L,1C (Both),420mm x 320mm x 100mm,Non Woven 90gsm,White,500mm,Same as bag colour,16000,32302,39512
Non Woven Bag,WS-A3L,1C (Both),420mm x 320mm x 100mm,Non Woven 90gsm,White,500mm,Same as bag colour,17000,34322,41982
Non Woven Bag,WS-A3L,1C (Both),420mm x 320mm x 100mm,Non Woven 90gsm,White,500mm,Same as bag colour,18000,36341,44451
Non Woven Bag,WS-A3L,1C (Both),420mm x 320mm x 100mm,Non Woven 90gsm,White,500mm,Same as bag colour,19000,38360,46920
Non Woven Bag,WS-A3L,1C (Both),420mm x 320mm x 100mm,Non Woven 90gsm,White,500mm,Same as bag colour,20000,40378,49388
Non Woven Bag,WS-A3L,1C (Both),420mm x 320mm x 100mm,Non Woven 90gsm,Yellow,500mm,Same as bag colour,100,325,375
Non Woven Bag,WS-A3L,1C (Both),420mm x 320mm x 100mm,Non Woven 90gsm,Yellow,500mm,Same as bag colour,200,480,580
Non Woven Bag,WS-A3L,1C (Both),420mm x 320mm x 100mm,Non Woven 90gsm,Yellow,500mm,Same as bag colour,300,644,784
Non Woven Bag,WS-A3L,1C (Both),420mm x 320mm x 100mm,Non Woven 90gsm,Yellow,500mm,Same as bag colour,400,848,1038
Non Woven Bag,WS-A3L,1C (Both),420mm x 320mm x 100mm,Non Woven 90gsm,Yellow,500mm,Same as bag colour,500,1012,1242
Non Woven Bag,WS-A3L,1C (Both),420mm x 320mm x 100mm,Non Woven 90gsm,Yellow,500mm,Same as bag colour,600,1214,1494
Non Woven Bag,WS-A3L,1C (Both),420mm x 320mm x 100mm,Non Woven 90gsm,Yellow,500mm,Same as bag colour,700,1416,1736
Non Woven Bag,WS-A3L,1C (Both),420mm x 320mm x 100mm,Non Woven 90gsm,Yellow,500mm,Same as bag colour,800,1617,1987
Non Woven Bag,WS-A3L,1C (Both),420mm x 320mm x 100mm,Non Woven 90gsm,Yellow,500mm,Same as bag colour,900,1820,2230
Non Woven Bag,WS-A3L,1C (Both),420mm x 320mm x 100mm,Non Woven 90gsm,Yellow,500mm,Same as bag colour,1000,2018,2478
Non Woven Bag,WS-A3L,1C (Both),420mm x 320mm x 100mm,Non Woven 90gsm,Yellow,500mm,Same as bag colour,2000,4038,4948
Non Woven Bag,WS-A3L,1C (Both),420mm x 320mm x 100mm,Non Woven 90gsm,Yellow,500mm,Same as bag colour,3000,6058,7418
Non Woven Bag,WS-A3L,1C (Both),420mm x 320mm x 100mm,Non Woven 90gsm,Yellow,500mm,Same as bag colour,4000,8076,9886
Non Woven Bag,WS-A3L,1C (Both),420mm x 320mm x 100mm,Non Woven 90gsm,Yellow,500mm,Same as bag colour,5000,10095,12355
Non Woven Bag,WS-A3L,1C (Both),420mm x 320mm x 100mm,Non Woven 90gsm,Yellow,500mm,Same as bag colour,6000,12113,14823
Non Woven Bag,WS-A3L,1C (Both),420mm x 320mm x 100mm,Non Woven 90gsm,Yellow,500mm,Same as bag colour,7000,14132,17292
Non Woven Bag,WS-A3L,1C (Both),420mm x 320mm x 100mm,Non Woven 90gsm,Yellow,500mm,Same as bag colour,8000,16152,19762
Non Woven Bag,WS-A3L,1C (Both),420mm x 320mm x 100mm,Non Woven 90gsm,Yellow,500mm,Same as bag colour,9000,18170,22230
Non Woven Bag,WS-A3L,1C (Both),420mm x 320mm x 100mm,Non Woven 90gsm,Yellow,500mm,Same as bag colour,10000,20189,24699
Non Woven Bag,WS-A3L,1C (Both),420mm x 320mm x 100mm,Non Woven 90gsm,Yellow,500mm,Same as bag colour,11000,22208,27168
Non Woven Bag,WS-A3L,1C (Both),420mm x 320mm x 100mm,Non Woven 90gsm,Yellow,500mm,Same as bag colour,12000,24227,29637
Non Woven Bag,WS-A3L,1C (Both),420mm x 320mm x 100mm,Non Woven 90gsm,Yellow,500mm,Same as bag colour,13000,26247,32107
Non Woven Bag,WS-A3L,1C (Both),420mm x 320mm x 100mm,Non Woven 90gsm,Yellow,500mm,Same as bag colour,14000,28265,34575
Non Woven Bag,WS-A3L,1C (Both),420mm x 320mm x 100mm,Non Woven 90gsm,Yellow,500mm,Same as bag colour,15000,30284,37044
Non Woven Bag,WS-A3L,1C (Both),420mm x 320mm x 100mm,Non Woven 90gsm,Yellow,500mm,Same as bag colour,16000,32302,39512
Non Woven Bag,WS-A3L,1C (Both),420mm x 320mm x 100mm,Non Woven 90gsm,Yellow,500mm,Same as bag colour,17000,34322,41982
Non Woven Bag,WS-A3L,1C (Both),420mm x 320mm x 100mm,Non Woven 90gsm,Yellow,500mm,Same as bag colour,18000,36341,44451
Non Woven Bag,WS-A3L,1C (Both),420mm x 320mm x 100mm,Non Woven 90gsm,Yellow,500mm,Same as bag colour,19000,38360,46920
Non Woven Bag,WS-A3L,1C (Both),420mm x 320mm x 100mm,Non Woven 90gsm,Yellow,500mm,Same as bag colour,20000,40378,49388
Non Woven Bag,WS-A3L,1C (Both),420mm x 320mm x 100mm,Non Woven 90gsm,Orange,500mm,Same as bag colour,100,325,375
Non Woven Bag,WS-A3L,1C (Both),420mm x 320mm x 100mm,Non Woven 90gsm,Orange,500mm,Same as bag colour,200,480,580
Non Woven Bag,WS-A3L,1C (Both),420mm x 320mm x 100mm,Non Woven 90gsm,Orange,500mm,Same as bag colour,300,644,784
Non Woven Bag,WS-A3L,1C (Both),420mm x 320mm x 100mm,Non Woven 90gsm,Orange,500mm,Same as bag colour,400,848,1038
Non Woven Bag,WS-A3L,1C (Both),420mm x 320mm x 100mm,Non Woven 90gsm,Orange,500mm,Same as bag colour,500,1012,1242
Non Woven Bag,WS-A3L,1C (Both),420mm x 320mm x 100mm,Non Woven 90gsm,Orange,500mm,Same as bag colour,600,1214,1494
Non Woven Bag,WS-A3L,1C (Both),420mm x 320mm x 100mm,Non Woven 90gsm,Orange,500mm,Same as bag colour,700,1416,1736
Non Woven Bag,WS-A3L,1C (Both),420mm x 320mm x 100mm,Non Woven 90gsm,Orange,500mm,Same as bag colour,800,1617,1987
Non Woven Bag,WS-A3L,1C (Both),420mm x 320mm x 100mm,Non Woven 90gsm,Orange,500mm,Same as bag colour,900,1820,2230
Non Woven Bag,WS-A3L,1C (Both),420mm x 320mm x 100mm,Non Woven 90gsm,Orange,500mm,Same as bag colour,1000,2018,2478
Non Woven Bag,WS-A3L,1C (Both),420mm x 320mm x 100mm,Non Woven 90gsm,Orange,500mm,Same as bag colour,2000,4038,4948
Non Woven Bag,WS-A3L,1C (Both),420mm x 320mm x 100mm,Non Woven 90gsm,Orange,500mm,Same as bag colour,3000,6058,7418
Non Woven Bag,WS-A3L,1C (Both),420mm x 320mm x 100mm,Non Woven 90gsm,Orange,500mm,Same as bag colour,4000,8076,9886
Non Woven Bag,WS-A3L,1C (Both),420mm x 320mm x 100mm,Non Woven 90gsm,Orange,500mm,Same as bag colour,5000,10095,12355
Non Woven Bag,WS-A3L,1C (Both),420mm x 320mm x 100mm,Non Woven 90gsm,Orange,500mm,Same as bag colour,6000,12113,14823
Non Woven Bag,WS-A3L,1C (Both),420mm x 320mm x 100mm,Non Woven 90gsm,Orange,500mm,Same as bag colour,7000,14132,17292
Non Woven Bag,WS-A3L,1C (Both),420mm x 320mm x 100mm,Non Woven 90gsm,Orange,500mm,Same as bag colour,8000,16152,19762
Non Woven Bag,WS-A3L,1C (Both),420mm x 320mm x 100mm,Non Woven 90gsm,Orange,500mm,Same as bag colour,9000,18170,22230
Non Woven Bag,WS-A3L,1C (Both),420mm x 320mm x 100mm,Non Woven 90gsm,Orange,500mm,Same as bag colour,10000,20189,24699
Non Woven Bag,WS-A3L,1C (Both),420mm x 320mm x 100mm,Non Woven 90gsm,Orange,500mm,Same as bag colour,11000,22208,27168
Non Woven Bag,WS-A3L,1C (Both),420mm x 320mm x 100mm,Non Woven 90gsm,Orange,500mm,Same as bag colour,12000,24227,29637
Non Woven Bag,WS-A3L,1C (Both),420mm x 320mm x 100mm,Non Woven 90gsm,Orange,500mm,Same as bag colour,13000,26247,32107
Non Woven Bag,WS-A3L,1C (Both),420mm x 320mm x 100mm,Non Woven 90gsm,Orange,500mm,Same as bag colour,14000,28265,34575
Non Woven Bag,WS-A3L,1C (Both),420mm x 320mm x 100mm,Non Woven 90gsm,Orange,500mm,Same as bag colour,15000,30284,37044
Non Woven Bag,WS-A3L,1C (Both),420mm x 320mm x 100mm,Non Woven 90gsm,Orange,500mm,Same as bag colour,16000,32302,39512
Non Woven Bag,WS-A3L,1C (Both),420mm x 320mm x 100mm,Non Woven 90gsm,Orange,500mm,Same as bag colour,17000,34322,41982
Non Woven Bag,WS-A3L,1C (Both),420mm x 320mm x 100mm,Non Woven 90gsm,Orange,500mm,Same as bag colour,18000,36341,44451
Non Woven Bag,WS-A3L,1C (Both),420mm x 320mm x 100mm,Non Woven 90gsm,Orange,500mm,Same as bag colour,19000,38360,46920
Non Woven Bag,WS-A3L,1C (Both),420mm x 320mm x 100mm,Non Woven 90gsm,Orange,500mm,Same as bag colour,20000,40378,49388
Non Woven Bag,WS-A3L,1C (Both),420mm x 320mm x 100mm,Non Woven 90gsm,Magenta,500mm,Same as bag colour,100,325,375
Non Woven Bag,WS-A3L,1C (Both),420mm x 320mm x 100mm,Non Woven 90gsm,Magenta,500mm,Same as bag colour,200,480,580
Non Woven Bag,WS-A3L,1C (Both),420mm x 320mm x 100mm,Non Woven 90gsm,Magenta,500mm,Same as bag colour,300,644,784
Non Woven Bag,WS-A3L,1C (Both),420mm x 320mm x 100mm,Non Woven 90gsm,Magenta,500mm,Same as bag colour,400,848,1038
Non Woven Bag,WS-A3L,1C (Both),420mm x 320mm x 100mm,Non Woven 90gsm,Magenta,500mm,Same as bag colour,500,1012,1242
Non Woven Bag,WS-A3L,1C (Both),420mm x 320mm x 100mm,Non Woven 90gsm,Magenta,500mm,Same as bag colour,600,1214,1494
Non Woven Bag,WS-A3L,1C (Both),420mm x 320mm x 100mm,Non Woven 90gsm,Magenta,500mm,Same as bag colour,700,1416,1736
Non Woven Bag,WS-A3L,1C (Both),420mm x 320mm x 100mm,Non Woven 90gsm,Magenta,500mm,Same as bag colour,800,1617,1987
Non Woven Bag,WS-A3L,1C (Both),420mm x 320mm x 100mm,Non Woven 90gsm,Magenta,500mm,Same as bag colour,900,1820,2230
Non Woven Bag,WS-A3L,1C (Both),420mm x 320mm x 100mm,Non Woven 90gsm,Magenta,500mm,Same as bag colour,1000,2018,2478
Non Woven Bag,WS-A3L,1C (Both),420mm x 320mm x 100mm,Non Woven 90gsm,Magenta,500mm,Same as bag colour,2000,4038,4948
Non Woven Bag,WS-A3L,1C (Both),420mm x 320mm x 100mm,Non Woven 90gsm,Magenta,500mm,Same as bag colour,3000,6058,7418
Non Woven Bag,WS-A3L,1C (Both),420mm x 320mm x 100mm,Non Woven 90gsm,Magenta,500mm,Same as bag colour,4000,8076,9886
Non Woven Bag,WS-A3L,1C (Both),420mm x 320mm x 100mm,Non Woven 90gsm,Magenta,500mm,Same as bag colour,5000,10095,12355
Non Woven Bag,WS-A3L,1C (Both),420mm x 320mm x 100mm,Non Woven 90gsm,Magenta,500mm,Same as bag colour,6000,12113,14823
Non Woven Bag,WS-A3L,1C (Both),420mm x 320mm x 100mm,Non Woven 90gsm,Magenta,500mm,Same as bag colour,7000,14132,17292
Non Woven Bag,WS-A3L,1C (Both),420mm x 320mm x 100mm,Non Woven 90gsm,Magenta,500mm,Same as bag colour,8000,16152,19762
Non Woven Bag,WS-A3L,1C (Both),420mm x 320mm x 100mm,Non Woven 90gsm,Magenta,500mm,Same as bag colour,9000,18170,22230
Non Woven Bag,WS-A3L,1C (Both),420mm x 320mm x 100mm,Non Woven 90gsm,Magenta,500mm,Same as bag colour,10000,20189,24699
Non Woven Bag,WS-A3L,1C (Both),420mm x 320mm x 100mm,Non Woven 90gsm,Magenta,500mm,Same as bag colour,11000,22208,27168
Non Woven Bag,WS-A3L,1C (Both),420mm x 320mm x 100mm,Non Woven 90gsm,Magenta,500mm,Same as bag colour,12000,24227,29637
Non Woven Bag,WS-A3L,1C (Both),420mm x 320mm x 100mm,Non Woven 90gsm,Magenta,500mm,Same as bag colour,13000,26247,32107
Non Woven Bag,WS-A3L,1C (Both),420mm x 320mm x 100mm,Non Woven 90gsm,Magenta,500mm,Same as bag colour,14000,28265,34575
Non Woven Bag,WS-A3L,1C (Both),420mm x 320mm x 100mm,Non Woven 90gsm,Magenta,500mm,Same as bag colour,15000,30284,37044
Non Woven Bag,WS-A3L,1C (Both),420mm x 320mm x 100mm,Non Woven 90gsm,Magenta,500mm,Same as bag colour,16000,32302,39512
Non Woven Bag,WS-A3L,1C (Both),420mm x 320mm x 100mm,Non Woven 90gsm,Magenta,500mm,Same as bag colour,17000,34322,41982
Non Woven Bag,WS-A3L,1C (Both),420mm x 320mm x 100mm,Non Woven 90gsm,Magenta,500mm,Same as bag colour,18000,36341,44451
Non Woven Bag,WS-A3L,1C (Both),420mm x 320mm x 100mm,Non Woven 90gsm,Magenta,500mm,Same as bag colour,19000,38360,46920
Non Woven Bag,WS-A3L,1C (Both),420mm x 320mm x 100mm,Non Woven 90gsm,Magenta,500mm,Same as bag colour,20000,40378,49388
Non Woven Bag,WS-A3L,1C (Both),420mm x 320mm x 100mm,Non Woven 90gsm,Red,500mm,Same as bag colour,100,325,375
Non Woven Bag,WS-A3L,1C (Both),420mm x 320mm x 100mm,Non Woven 90gsm,Red,500mm,Same as bag colour,200,480,580
Non Woven Bag,WS-A3L,1C (Both),420mm x 320mm x 100mm,Non Woven 90gsm,Red,500mm,Same as bag colour,300,644,784
Non Woven Bag,WS-A3L,1C (Both),420mm x 320mm x 100mm,Non Woven 90gsm,Red,500mm,Same as bag colour,400,848,1038
Non Woven Bag,WS-A3L,1C (Both),420mm x 320mm x 100mm,Non Woven 90gsm,Red,500mm,Same as bag colour,500,1012,1242
Non Woven Bag,WS-A3L,1C (Both),420mm x 320mm x 100mm,Non Woven 90gsm,Red,500mm,Same as bag colour,600,1214,1494
Non Woven Bag,WS-A3L,1C (Both),420mm x 320mm x 100mm,Non Woven 90gsm,Red,500mm,Same as bag colour,700,1416,1736
Non Woven Bag,WS-A3L,1C (Both),420mm x 320mm x 100mm,Non Woven 90gsm,Red,500mm,Same as bag colour,800,1617,1987
Non Woven Bag,WS-A3L,1C (Both),420mm x 320mm x 100mm,Non Woven 90gsm,Red,500mm,Same as bag colour,900,1820,2230
Non Woven Bag,WS-A3L,1C (Both),420mm x 320mm x 100mm,Non Woven 90gsm,Red,500mm,Same as bag colour,1000,2018,2478
Non Woven Bag,WS-A3L,1C (Both),420mm x 320mm x 100mm,Non Woven 90gsm,Red,500mm,Same as bag colour,2000,4038,4948
Non Woven Bag,WS-A3L,1C (Both),420mm x 320mm x 100mm,Non Woven 90gsm,Red,500mm,Same as bag colour,3000,6058,7418
Non Woven Bag,WS-A3L,1C (Both),420mm x 320mm x 100mm,Non Woven 90gsm,Red,500mm,Same as bag colour,4000,8076,9886
Non Woven Bag,WS-A3L,1C (Both),420mm x 320mm x 100mm,Non Woven 90gsm,Red,500mm,Same as bag colour,5000,10095,12355
Non Woven Bag,WS-A3L,1C (Both),420mm x 320mm x 100mm,Non Woven 90gsm,Red,500mm,Same as bag colour,6000,12113,14823
Non Woven Bag,WS-A3L,1C (Both),420mm x 320mm x 100mm,Non Woven 90gsm,Red,500mm,Same as bag colour,7000,14132,17292
Non Woven Bag,WS-A3L,1C (Both),420mm x 320mm x 100mm,Non Woven 90gsm,Red,500mm,Same as bag colour,8000,16152,19762
Non Woven Bag,WS-A3L,1C (Both),420mm x 320mm x 100mm,Non Woven 90gsm,Red,500mm,Same as bag colour,9000,18170,22230
Non Woven Bag,WS-A3L,1C (Both),420mm x 320mm x 100mm,Non Woven 90gsm,Red,500mm,Same as bag colour,10000,20189,24699
Non Woven Bag,WS-A3L,1C (Both),420mm x 320mm x 100mm,Non Woven 90gsm,Red,500mm,Same as bag colour,11000,22208,27168
Non Woven Bag,WS-A3L,1C (Both),420mm x 320mm x 100mm,Non Woven 90gsm,Red,500mm,Same as bag colour,12000,24227,29637
Non Woven Bag,WS-A3L,1C (Both),420mm x 320mm x 100mm,Non Woven 90gsm,Red,500mm,Same as bag colour,13000,26247,32107
Non Woven Bag,WS-A3L,1C (Both),420mm x 320mm x 100mm,Non Woven 90gsm,Red,500mm,Same as bag colour,14000,28265,34575
Non Woven Bag,WS-A3L,1C (Both),420mm x 320mm x 100mm,Non Woven 90gsm,Red,500mm,Same as bag colour,15000,30284,37044
Non Woven Bag,WS-A3L,1C (Both),420mm x 320mm x 100mm,Non Woven 90gsm,Red,500mm,Same as bag colour,16000,32302,39512
Non Woven Bag,WS-A3L,1C (Both),420mm x 320mm x 100mm,Non Woven 90gsm,Red,500mm,Same as bag colour,17000,34322,41982
Non Woven Bag,WS-A3L,1C (Both),420mm x 320mm x 100mm,Non Woven 90gsm,Red,500mm,Same as bag colour,18000,36341,44451
Non Woven Bag,WS-A3L,1C (Both),420mm x 320mm x 100mm,Non Woven 90gsm,Red,500mm,Same as bag colour,19000,38360,46920
Non Woven Bag,WS-A3L,1C (Both),420mm x 320mm x 100mm,Non Woven 90gsm,Red,500mm,Same as bag colour,20000,40378,49388
Non Woven Bag,WS-A3L,1C (Both),420mm x 320mm x 100mm,Non Woven 90gsm,Green,500mm,Same as bag colour,100,325,375
Non Woven Bag,WS-A3L,1C (Both),420mm x 320mm x 100mm,Non Woven 90gsm,Green,500mm,Same as bag colour,200,480,580
Non Woven Bag,WS-A3L,1C (Both),420mm x 320mm x 100mm,Non Woven 90gsm,Green,500mm,Same as bag colour,300,644,784
Non Woven Bag,WS-A3L,1C (Both),420mm x 320mm x 100mm,Non Woven 90gsm,Green,500mm,Same as bag colour,400,848,1038
Non Woven Bag,WS-A3L,1C (Both),420mm x 320mm x 100mm,Non Woven 90gsm,Green,500mm,Same as bag colour,500,1012,1242
Non Woven Bag,WS-A3L,1C (Both),420mm x 320mm x 100mm,Non Woven 90gsm,Green,500mm,Same as bag colour,600,1214,1494
Non Woven Bag,WS-A3L,1C (Both),420mm x 320mm x 100mm,Non Woven 90gsm,Green,500mm,Same as bag colour,700,1416,1736
Non Woven Bag,WS-A3L,1C (Both),420mm x 320mm x 100mm,Non Woven 90gsm,Green,500mm,Same as bag colour,800,1617,1987
Non Woven Bag,WS-A3L,1C (Both),420mm x 320mm x 100mm,Non Woven 90gsm,Green,500mm,Same as bag colour,900,1820,2230
Non Woven Bag,WS-A3L,1C (Both),420mm x 320mm x 100mm,Non Woven 90gsm,Green,500mm,Same as bag colour,1000,2018,2478
Non Woven Bag,WS-A3L,1C (Both),420mm x 320mm x 100mm,Non Woven 90gsm,Green,500mm,Same as bag colour,2000,4038,4948
Non Woven Bag,WS-A3L,1C (Both),420mm x 320mm x 100mm,Non Woven 90gsm,Green,500mm,Same as bag colour,3000,6058,7418
Non Woven Bag,WS-A3L,1C (Both),420mm x 320mm x 100mm,Non Woven 90gsm,Green,500mm,Same as bag colour,4000,8076,9886
Non Woven Bag,WS-A3L,1C (Both),420mm x 320mm x 100mm,Non Woven 90gsm,Green,500mm,Same as bag colour,5000,10095,12355
Non Woven Bag,WS-A3L,1C (Both),420mm x 320mm x 100mm,Non Woven 90gsm,Green,500mm,Same as bag colour,6000,12113,14823
Non Woven Bag,WS-A3L,1C (Both),420mm x 320mm x 100mm,Non Woven 90gsm,Green,500mm,Same as bag colour,7000,14132,17292
Non Woven Bag,WS-A3L,1C (Both),420mm x 320mm x 100mm,Non Woven 90gsm,Green,500mm,Same as bag colour,8000,16152,19762
Non Woven Bag,WS-A3L,1C (Both),420mm x 320mm x 100mm,Non Woven 90gsm,Green,500mm,Same as bag colour,9000,18170,22230
Non Woven Bag,WS-A3L,1C (Both),420mm x 320mm x 100mm,Non Woven 90gsm,Green,500mm,Same as bag colour,10000,20189,24699
Non Woven Bag,WS-A3L,1C (Both),420mm x 320mm x 100mm,Non Woven 90gsm,Green,500mm,Same as bag colour,11000,22208,27168
Non Woven Bag,WS-A3L,1C (Both),420mm x 320mm x 100mm,Non Woven 90gsm,Green,500mm,Same as bag colour,12000,24227,29637
Non Woven Bag,WS-A3L,1C (Both),420mm x 320mm x 100mm,Non Woven 90gsm,Green,500mm,Same as bag colour,13000,26247,32107
Non Woven Bag,WS-A3L,1C (Both),420mm x 320mm x 100mm,Non Woven 90gsm,Green,500mm,Same as bag colour,14000,28265,34575
Non Woven Bag,WS-A3L,1C (Both),420mm x 320mm x 100mm,Non Woven 90gsm,Green,500mm,Same as bag colour,15000,30284,37044
Non Woven Bag,WS-A3L,1C (Both),420mm x 320mm x 100mm,Non Woven 90gsm,Green,500mm,Same as bag colour,16000,32302,39512
Non Woven Bag,WS-A3L,1C (Both),420mm x 320mm x 100mm,Non Woven 90gsm,Green,500mm,Same as bag colour,17000,34322,41982
Non Woven Bag,WS-A3L,1C (Both),420mm x 320mm x 100mm,Non Woven 90gsm,Green,500mm,Same as bag colour,18000,36341,44451
Non Woven Bag,WS-A3L,1C (Both),420mm x 320mm x 100mm,Non Woven 90gsm,Green,500mm,Same as bag colour,19000,38360,46920
Non Woven Bag,WS-A3L,1C (Both),420mm x 320mm x 100mm,Non Woven 90gsm,Green,500mm,Same as bag colour,20000,40378,49388
Non Woven Bag,WS-A3L,1C (Both),420mm x 320mm x 100mm,Non Woven 90gsm,Milo Green,500mm,Same as bag colour,100,325,375
Non Woven Bag,WS-A3L,1C (Both),420mm x 320mm x 100mm,Non Woven 90gsm,Milo Green,500mm,Same as bag colour,200,480,580
Non Woven Bag,WS-A3L,1C (Both),420mm x 320mm x 100mm,Non Woven 90gsm,Milo Green,500mm,Same as bag colour,300,644,784
Non Woven Bag,WS-A3L,1C (Both),420mm x 320mm x 100mm,Non Woven 90gsm,Milo Green,500mm,Same as bag colour,400,848,1038
Non Woven Bag,WS-A3L,1C (Both),420mm x 320mm x 100mm,Non Woven 90gsm,Milo Green,500mm,Same as bag colour,500,1012,1242
Non Woven Bag,WS-A3L,1C (Both),420mm x 320mm x 100mm,Non Woven 90gsm,Milo Green,500mm,Same as bag colour,600,1214,1494
Non Woven Bag,WS-A3L,1C (Both),420mm x 320mm x 100mm,Non Woven 90gsm,Milo Green,500mm,Same as bag colour,700,1416,1736
Non Woven Bag,WS-A3L,1C (Both),420mm x 320mm x 100mm,Non Woven 90gsm,Milo Green,500mm,Same as bag colour,800,1617,1987
Non Woven Bag,WS-A3L,1C (Both),420mm x 320mm x 100mm,Non Woven 90gsm,Milo Green,500mm,Same as bag colour,900,1820,2230
Non Woven Bag,WS-A3L,1C (Both),420mm x 320mm x 100mm,Non Woven 90gsm,Milo Green,500mm,Same as bag colour,1000,2018,2478
Non Woven Bag,WS-A3L,1C (Both),420mm x 320mm x 100mm,Non Woven 90gsm,Milo Green,500mm,Same as bag colour,2000,4038,4948
Non Woven Bag,WS-A3L,1C (Both),420mm x 320mm x 100mm,Non Woven 90gsm,Milo Green,500mm,Same as bag colour,3000,6058,7418
Non Woven Bag,WS-A3L,1C (Both),420mm x 320mm x 100mm,Non Woven 90gsm,Milo Green,500mm,Same as bag colour,4000,8076,9886
Non Woven Bag,WS-A3L,1C (Both),420mm x 320mm x 100mm,Non Woven 90gsm,Milo Green,500mm,Same as bag colour,5000,10095,12355
Non Woven Bag,WS-A3L,1C (Both),420mm x 320mm x 100mm,Non Woven 90gsm,Milo Green,500mm,Same as bag colour,6000,12113,14823
Non Woven Bag,WS-A3L,1C (Both),420mm x 320mm x 100mm,Non Woven 90gsm,Milo Green,500mm,Same as bag colour,7000,14132,17292
Non Woven Bag,WS-A3L,1C (Both),420mm x 320mm x 100mm,Non Woven 90gsm,Milo Green,500mm,Same as bag colour,8000,16152,19762
Non Woven Bag,WS-A3L,1C (Both),420mm x 320mm x 100mm,Non Woven 90gsm,Milo Green,500mm,Same as bag colour,9000,18170,22230
Non Woven Bag,WS-A3L,1C (Both),420mm x 320mm x 100mm,Non Woven 90gsm,Milo Green,500mm,Same as bag colour,10000,20189,24699
Non Woven Bag,WS-A3L,1C (Both),420mm x 320mm x 100mm,Non Woven 90gsm,Milo Green,500mm,Same as bag colour,11000,22208,27168
Non Woven Bag,WS-A3L,1C (Both),420mm x 320mm x 100mm,Non Woven 90gsm,Milo Green,500mm,Same as bag colour,12000,24227,29637
Non Woven Bag,WS-A3L,1C (Both),420mm x 320mm x 100mm,Non Woven 90gsm,Milo Green,500mm,Same as bag colour,13000,26247,32107
Non Woven Bag,WS-A3L,1C (Both),420mm x 320mm x 100mm,Non Woven 90gsm,Milo Green,500mm,Same as bag colour,14000,28265,34575
Non Woven Bag,WS-A3L,1C (Both),420mm x 320mm x 100mm,Non Woven 90gsm,Milo Green,500mm,Same as bag colour,15000,30284,37044
Non Woven Bag,WS-A3L,1C (Both),420mm x 320mm x 100mm,Non Woven 90gsm,Milo Green,500mm,Same as bag colour,16000,32302,39512
Non Woven Bag,WS-A3L,1C (Both),420mm x 320mm x 100mm,Non Woven 90gsm,Milo Green,500mm,Same as bag colour,17000,34322,41982
Non Woven Bag,WS-A3L,1C (Both),420mm x 320mm x 100mm,Non Woven 90gsm,Milo Green,500mm,Same as bag colour,18000,36341,44451
Non Woven Bag,WS-A3L,1C (Both),420mm x 320mm x 100mm,Non Woven 90gsm,Milo Green,500mm,Same as bag colour,19000,38360,46920
Non Woven Bag,WS-A3L,1C (Both),420mm x 320mm x 100mm,Non Woven 90gsm,Milo Green,500mm,Same as bag colour,20000,40378,49388
Non Woven Bag,WS-A3L,1C (Both),420mm x 320mm x 100mm,Non Woven 90gsm,Cyan,500mm,Same as bag colour,100,325,375
Non Woven Bag,WS-A3L,1C (Both),420mm x 320mm x 100mm,Non Woven 90gsm,Cyan,500mm,Same as bag colour,200,480,580
Non Woven Bag,WS-A3L,1C (Both),420mm x 320mm x 100mm,Non Woven 90gsm,Cyan,500mm,Same as bag colour,300,644,784
Non Woven Bag,WS-A3L,1C (Both),420mm x 320mm x 100mm,Non Woven 90gsm,Cyan,500mm,Same as bag colour,400,848,1038
Non Woven Bag,WS-A3L,1C (Both),420mm x 320mm x 100mm,Non Woven 90gsm,Cyan,500mm,Same as bag colour,500,1012,1242
Non Woven Bag,WS-A3L,1C (Both),420mm x 320mm x 100mm,Non Woven 90gsm,Cyan,500mm,Same as bag colour,600,1214,1494
Non Woven Bag,WS-A3L,1C (Both),420mm x 320mm x 100mm,Non Woven 90gsm,Cyan,500mm,Same as bag colour,700,1416,1736
Non Woven Bag,WS-A3L,1C (Both),420mm x 320mm x 100mm,Non Woven 90gsm,Cyan,500mm,Same as bag colour,800,1617,1987
Non Woven Bag,WS-A3L,1C (Both),420mm x 320mm x 100mm,Non Woven 90gsm,Cyan,500mm,Same as bag colour,900,1820,2230
Non Woven Bag,WS-A3L,1C (Both),420mm x 320mm x 100mm,Non Woven 90gsm,Cyan,500mm,Same as bag colour,1000,2018,2478
Non Woven Bag,WS-A3L,1C (Both),420mm x 320mm x 100mm,Non Woven 90gsm,Cyan,500mm,Same as bag colour,2000,4038,4948
Non Woven Bag,WS-A3L,1C (Both),420mm x 320mm x 100mm,Non Woven 90gsm,Cyan,500mm,Same as bag colour,3000,6058,7418
Non Woven Bag,WS-A3L,1C (Both),420mm x 320mm x 100mm,Non Woven 90gsm,Cyan,500mm,Same as bag colour,4000,8076,9886
Non Woven Bag,WS-A3L,1C (Both),420mm x 320mm x 100mm,Non Woven 90gsm,Cyan,500mm,Same as bag colour,5000,10095,12355
Non Woven Bag,WS-A3L,1C (Both),420mm x 320mm x 100mm,Non Woven 90gsm,Cyan,500mm,Same as bag colour,6000,12113,14823
Non Woven Bag,WS-A3L,1C (Both),420mm x 320mm x 100mm,Non Woven 90gsm,Cyan,500mm,Same as bag colour,7000,14132,17292
Non Woven Bag,WS-A3L,1C (Both),420mm x 320mm x 100mm,Non Woven 90gsm,Cyan,500mm,Same as bag colour,8000,16152,19762
Non Woven Bag,WS-A3L,1C (Both),420mm x 320mm x 100mm,Non Woven 90gsm,Cyan,500mm,Same as bag colour,9000,18170,22230
Non Woven Bag,WS-A3L,1C (Both),420mm x 320mm x 100mm,Non Woven 90gsm,Cyan,500mm,Same as bag colour,10000,20189,24699
Non Woven Bag,WS-A3L,1C (Both),420mm x 320mm x 100mm,Non Woven 90gsm,Cyan,500mm,Same as bag colour,11000,22208,27168
Non Woven Bag,WS-A3L,1C (Both),420mm x 320mm x 100mm,Non Woven 90gsm,Cyan,500mm,Same as bag colour,12000,24227,29637
Non Woven Bag,WS-A3L,1C (Both),420mm x 320mm x 100mm,Non Woven 90gsm,Cyan,500mm,Same as bag colour,13000,26247,32107
Non Woven Bag,WS-A3L,1C (Both),420mm x 320mm x 100mm,Non Woven 90gsm,Cyan,500mm,Same as bag colour,14000,28265,34575
Non Woven Bag,WS-A3L,1C (Both),420mm x 320mm x 100mm,Non Woven 90gsm,Cyan,500mm,Same as bag colour,15000,30284,37044
Non Woven Bag,WS-A3L,1C (Both),420mm x 320mm x 100mm,Non Woven 90gsm,Cyan,500mm,Same as bag colour,16000,32302,39512
Non Woven Bag,WS-A3L,1C (Both),420mm x 320mm x 100mm,Non Woven 90gsm,Cyan,500mm,Same as bag colour,17000,34322,41982
Non Woven Bag,WS-A3L,1C (Both),420mm x 320mm x 100mm,Non Woven 90gsm,Cyan,500mm,Same as bag colour,18000,36341,44451
Non Woven Bag,WS-A3L,1C (Both),420mm x 320mm x 100mm,Non Woven 90gsm,Cyan,500mm,Same as bag colour,19000,38360,46920
Non Woven Bag,WS-A3L,1C (Both),420mm x 320mm x 100mm,Non Woven 90gsm,Cyan,500mm,Same as bag colour,20000,40378,49388
Non Woven Bag,WS-A3L,1C (Both),420mm x 320mm x 100mm,Non Woven 90gsm,Royal Blue,500mm,Same as bag colour,100,325,375
Non Woven Bag,WS-A3L,1C (Both),420mm x 320mm x 100mm,Non Woven 90gsm,Royal Blue,500mm,Same as bag colour,200,480,580
Non Woven Bag,WS-A3L,1C (Both),420mm x 320mm x 100mm,Non Woven 90gsm,Royal Blue,500mm,Same as bag colour,300,644,784
Non Woven Bag,WS-A3L,1C (Both),420mm x 320mm x 100mm,Non Woven 90gsm,Royal Blue,500mm,Same as bag colour,400,848,1038
Non Woven Bag,WS-A3L,1C (Both),420mm x 320mm x 100mm,Non Woven 90gsm,Royal Blue,500mm,Same as bag colour,500,1012,1242
Non Woven Bag,WS-A3L,1C (Both),420mm x 320mm x 100mm,Non Woven 90gsm,Royal Blue,500mm,Same as bag colour,600,1214,1494
Non Woven Bag,WS-A3L,1C (Both),420mm x 320mm x 100mm,Non Woven 90gsm,Royal Blue,500mm,Same as bag colour,700,1416,1736
Non Woven Bag,WS-A3L,1C (Both),420mm x 320mm x 100mm,Non Woven 90gsm,Royal Blue,500mm,Same as bag colour,800,1617,1987
Non Woven Bag,WS-A3L,1C (Both),420mm x 320mm x 100mm,Non Woven 90gsm,Royal Blue,500mm,Same as bag colour,900,1820,2230
Non Woven Bag,WS-A3L,1C (Both),420mm x 320mm x 100mm,Non Woven 90gsm,Royal Blue,500mm,Same as bag colour,1000,2018,2478
Non Woven Bag,WS-A3L,1C (Both),420mm x 320mm x 100mm,Non Woven 90gsm,Royal Blue,500mm,Same as bag colour,2000,4038,4948
Non Woven Bag,WS-A3L,1C (Both),420mm x 320mm x 100mm,Non Woven 90gsm,Royal Blue,500mm,Same as bag colour,3000,6058,7418
Non Woven Bag,WS-A3L,1C (Both),420mm x 320mm x 100mm,Non Woven 90gsm,Royal Blue,500mm,Same as bag colour,4000,8076,9886
Non Woven Bag,WS-A3L,1C (Both),420mm x 320mm x 100mm,Non Woven 90gsm,Royal Blue,500mm,Same as bag colour,5000,10095,12355
Non Woven Bag,WS-A3L,1C (Both),420mm x 320mm x 100mm,Non Woven 90gsm,Royal Blue,500mm,Same as bag colour,6000,12113,14823
Non Woven Bag,WS-A3L,1C (Both),420mm x 320mm x 100mm,Non Woven 90gsm,Royal Blue,500mm,Same as bag colour,7000,14132,17292
Non Woven Bag,WS-A3L,1C (Both),420mm x 320mm x 100mm,Non Woven 90gsm,Royal Blue,500mm,Same as bag colour,8000,16152,19762
Non Woven Bag,WS-A3L,1C (Both),420mm x 320mm x 100mm,Non Woven 90gsm,Royal Blue,500mm,Same as bag colour,9000,18170,22230
Non Woven Bag,WS-A3L,1C (Both),420mm x 320mm x 100mm,Non Woven 90gsm,Royal Blue,500mm,Same as bag colour,10000,20189,24699
Non Woven Bag,WS-A3L,1C (Both),420mm x 320mm x 100mm,Non Woven 90gsm,Royal Blue,500mm,Same as bag colour,11000,22208,27168
Non Woven Bag,WS-A3L,1C (Both),420mm x 320mm x 100mm,Non Woven 90gsm,Royal Blue,500mm,Same as bag colour,12000,24227,29637
Non Woven Bag,WS-A3L,1C (Both),420mm x 320mm x 100mm,Non Woven 90gsm,Royal Blue,500mm,Same as bag colour,13000,26247,32107
Non Woven Bag,WS-A3L,1C (Both),420mm x 320mm x 100mm,Non Woven 90gsm,Royal Blue,500mm,Same as bag colour,14000,28265,34575
Non Woven Bag,WS-A3L,1C (Both),420mm x 320mm x 100mm,Non Woven 90gsm,Royal Blue,500mm,Same as bag colour,15000,30284,37044
Non Woven Bag,WS-A3L,1C (Both),420mm x 320mm x 100mm,Non Woven 90gsm,Royal Blue,500mm,Same as bag colour,16000,32302,39512
Non Woven Bag,WS-A3L,1C (Both),420mm x 320mm x 100mm,Non Woven 90gsm,Royal Blue,500mm,Same as bag colour,17000,34322,41982
Non Woven Bag,WS-A3L,1C (Both),420mm x 320mm x 100mm,Non Woven 90gsm,Royal Blue,500mm,Same as bag colour,18000,36341,44451
Non Woven Bag,WS-A3L,1C (Both),420mm x 320mm x 100mm,Non Woven 90gsm,Royal Blue,500mm,Same as bag colour,19000,38360,46920
Non Woven Bag,WS-A3L,1C (Both),420mm x 320mm x 100mm,Non Woven 90gsm,Royal Blue,500mm,Same as bag colour,20000,40378,49388
Non Woven Bag,WS-A3L,1C (Both),420mm x 320mm x 100mm,Non Woven 90gsm,Navy Blue,500mm,Same as bag colour,100,325,375
Non Woven Bag,WS-A3L,1C (Both),420mm x 320mm x 100mm,Non Woven 90gsm,Navy Blue,500mm,Same as bag colour,200,480,580
Non Woven Bag,WS-A3L,1C (Both),420mm x 320mm x 100mm,Non Woven 90gsm,Navy Blue,500mm,Same as bag colour,300,644,784
Non Woven Bag,WS-A3L,1C (Both),420mm x 320mm x 100mm,Non Woven 90gsm,Navy Blue,500mm,Same as bag colour,400,848,1038
Non Woven Bag,WS-A3L,1C (Both),420mm x 320mm x 100mm,Non Woven 90gsm,Navy Blue,500mm,Same as bag colour,500,1012,1242
Non Woven Bag,WS-A3L,1C (Both),420mm x 320mm x 100mm,Non Woven 90gsm,Navy Blue,500mm,Same as bag colour,600,1214,1494
Non Woven Bag,WS-A3L,1C (Both),420mm x 320mm x 100mm,Non Woven 90gsm,Navy Blue,500mm,Same as bag colour,700,1416,1736
Non Woven Bag,WS-A3L,1C (Both),420mm x 320mm x 100mm,Non Woven 90gsm,Navy Blue,500mm,Same as bag colour,800,1617,1987
Non Woven Bag,WS-A3L,1C (Both),420mm x 320mm x 100mm,Non Woven 90gsm,Navy Blue,500mm,Same as bag colour,900,1820,2230
Non Woven Bag,WS-A3L,1C (Both),420mm x 320mm x 100mm,Non Woven 90gsm,Navy Blue,500mm,Same as bag colour,1000,2018,2478
Non Woven Bag,WS-A3L,1C (Both),420mm x 320mm x 100mm,Non Woven 90gsm,Navy Blue,500mm,Same as bag colour,2000,4038,4948
Non Woven Bag,WS-A3L,1C (Both),420mm x 320mm x 100mm,Non Woven 90gsm,Navy Blue,500mm,Same as bag colour,3000,6058,7418
Non Woven Bag,WS-A3L,1C (Both),420mm x 320mm x 100mm,Non Woven 90gsm,Navy Blue,500mm,Same as bag colour,4000,8076,9886
Non Woven Bag,WS-A3L,1C (Both),420mm x 320mm x 100mm,Non Woven 90gsm,Navy Blue,500mm,Same as bag colour,5000,10095,12355
Non Woven Bag,WS-A3L,1C (Both),420mm x 320mm x 100mm,Non Woven 90gsm,Navy Blue,500mm,Same as bag colour,6000,12113,14823
Non Woven Bag,WS-A3L,1C (Both),420mm x 320mm x 100mm,Non Woven 90gsm,Navy Blue,500mm,Same as bag colour,7000,14132,17292
Non Woven Bag,WS-A3L,1C (Both),420mm x 320mm x 100mm,Non Woven 90gsm,Navy Blue,500mm,Same as bag colour,8000,16152,19762
Non Woven Bag,WS-A3L,1C (Both),420mm x 320mm x 100mm,Non Woven 90gsm,Navy Blue,500mm,Same as bag colour,9000,18170,22230
Non Woven Bag,WS-A3L,1C (Both),420mm x 320mm x 100mm,Non Woven 90gsm,Navy Blue,500mm,Same as bag colour,10000,20189,24699
Non Woven Bag,WS-A3L,1C (Both),420mm x 320mm x 100mm,Non Woven 90gsm,Navy Blue,500mm,Same as bag colour,11000,22208,27168
Non Woven Bag,WS-A3L,1C (Both),420mm x 320mm x 100mm,Non Woven 90gsm,Navy Blue,500mm,Same as bag colour,12000,24227,29637
Non Woven Bag,WS-A3L,1C (Both),420mm x 320mm x 100mm,Non Woven 90gsm,Navy Blue,500mm,Same as bag colour,13000,26247,32107
Non Woven Bag,WS-A3L,1C (Both),420mm x 320mm x 100mm,Non Woven 90gsm,Navy Blue,500mm,Same as bag colour,14000,28265,34575
Non Woven Bag,WS-A3L,1C (Both),420mm x 320mm x 100mm,Non Woven 90gsm,Navy Blue,500mm,Same as bag colour,15000,30284,37044
Non Woven Bag,WS-A3L,1C (Both),420mm x 320mm x 100mm,Non Woven 90gsm,Navy Blue,500mm,Same as bag colour,16000,32302,39512
Non Woven Bag,WS-A3L,1C (Both),420mm x 320mm x 100mm,Non Woven 90gsm,Navy Blue,500mm,Same as bag colour,17000,34322,41982
Non Woven Bag,WS-A3L,1C (Both),420mm x 320mm x 100mm,Non Woven 90gsm,Navy Blue,500mm,Same as bag colour,18000,36341,44451
Non Woven Bag,WS-A3L,1C (Both),420mm x 320mm x 100mm,Non Woven 90gsm,Navy Blue,500mm,Same as bag colour,19000,38360,46920
Non Woven Bag,WS-A3L,1C (Both),420mm x 320mm x 100mm,Non Woven 90gsm,Navy Blue,500mm,Same as bag colour,20000,40378,49388
Non Woven Bag,WS-A3L,1C (Both),420mm x 320mm x 100mm,Non Woven 90gsm,Dark Purple,500mm,Same as bag colour,100,325,375
Non Woven Bag,WS-A3L,1C (Both),420mm x 320mm x 100mm,Non Woven 90gsm,Dark Purple,500mm,Same as bag colour,200,480,580
Non Woven Bag,WS-A3L,1C (Both),420mm x 320mm x 100mm,Non Woven 90gsm,Dark Purple,500mm,Same as bag colour,300,644,784
Non Woven Bag,WS-A3L,1C (Both),420mm x 320mm x 100mm,Non Woven 90gsm,Dark Purple,500mm,Same as bag colour,400,848,1038
Non Woven Bag,WS-A3L,1C (Both),420mm x 320mm x 100mm,Non Woven 90gsm,Dark Purple,500mm,Same as bag colour,500,1012,1242
Non Woven Bag,WS-A3L,1C (Both),420mm x 320mm x 100mm,Non Woven 90gsm,Dark Purple,500mm,Same as bag colour,600,1214,1494
Non Woven Bag,WS-A3L,1C (Both),420mm x 320mm x 100mm,Non Woven 90gsm,Dark Purple,500mm,Same as bag colour,700,1416,1736
Non Woven Bag,WS-A3L,1C (Both),420mm x 320mm x 100mm,Non Woven 90gsm,Dark Purple,500mm,Same as bag colour,800,1617,1987
Non Woven Bag,WS-A3L,1C (Both),420mm x 320mm x 100mm,Non Woven 90gsm,Dark Purple,500mm,Same as bag colour,900,1820,2230
Non Woven Bag,WS-A3L,1C (Both),420mm x 320mm x 100mm,Non Woven 90gsm,Dark Purple,500mm,Same as bag colour,1000,2018,2478
Non Woven Bag,WS-A3L,1C (Both),420mm x 320mm x 100mm,Non Woven 90gsm,Dark Purple,500mm,Same as bag colour,2000,4038,4948
Non Woven Bag,WS-A3L,1C (Both),420mm x 320mm x 100mm,Non Woven 90gsm,Dark Purple,500mm,Same as bag colour,3000,6058,7418
Non Woven Bag,WS-A3L,1C (Both),420mm x 320mm x 100mm,Non Woven 90gsm,Dark Purple,500mm,Same as bag colour,4000,8076,9886
Non Woven Bag,WS-A3L,1C (Both),420mm x 320mm x 100mm,Non Woven 90gsm,Dark Purple,500mm,Same as bag colour,5000,10095,12355
Non Woven Bag,WS-A3L,1C (Both),420mm x 320mm x 100mm,Non Woven 90gsm,Dark Purple,500mm,Same as bag colour,6000,12113,14823
Non Woven Bag,WS-A3L,1C (Both),420mm x 320mm x 100mm,Non Woven 90gsm,Dark Purple,500mm,Same as bag colour,7000,14132,17292
Non Woven Bag,WS-A3L,1C (Both),420mm x 320mm x 100mm,Non Woven 90gsm,Dark Purple,500mm,Same as bag colour,8000,16152,19762
Non Woven Bag,WS-A3L,1C (Both),420mm x 320mm x 100mm,Non Woven 90gsm,Dark Purple,500mm,Same as bag colour,9000,18170,22230
Non Woven Bag,WS-A3L,1C (Both),420mm x 320mm x 100mm,Non Woven 90gsm,Dark Purple,500mm,Same as bag colour,10000,20189,24699
Non Woven Bag,WS-A3L,1C (Both),420mm x 320mm x 100mm,Non Woven 90gsm,Dark Purple,500mm,Same as bag colour,11000,22208,27168
Non Woven Bag,WS-A3L,1C (Both),420mm x 320mm x 100mm,Non Woven 90gsm,Dark Purple,500mm,Same as bag colour,12000,24227,29637
Non Woven Bag,WS-A3L,1C (Both),420mm x 320mm x 100mm,Non Woven 90gsm,Dark Purple,500mm,Same as bag colour,13000,26247,32107
Non Woven Bag,WS-A3L,1C (Both),420mm x 320mm x 100mm,Non Woven 90gsm,Dark Purple,500mm,Same as bag colour,14000,28265,34575
Non Woven Bag,WS-A3L,1C (Both),420mm x 320mm x 100mm,Non Woven 90gsm,Dark Purple,500mm,Same as bag colour,15000,30284,37044
Non Woven Bag,WS-A3L,1C (Both),420mm x 320mm x 100mm,Non Woven 90gsm,Dark Purple,500mm,Same as bag colour,16000,32302,39512
Non Woven Bag,WS-A3L,1C (Both),420mm x 320mm x 100mm,Non Woven 90gsm,Dark Purple,500mm,Same as bag colour,17000,34322,41982
Non Woven Bag,WS-A3L,1C (Both),420mm x 320mm x 100mm,Non Woven 90gsm,Dark Purple,500mm,Same as bag colour,18000,36341,44451
Non Woven Bag,WS-A3L,1C (Both),420mm x 320mm x 100mm,Non Woven 90gsm,Dark Purple,500mm,Same as bag colour,19000,38360,46920
Non Woven Bag,WS-A3L,1C (Both),420mm x 320mm x 100mm,Non Woven 90gsm,Dark Purple,500mm,Same as bag colour,20000,40378,49388
Non Woven Bag,WH-A4,4C (Front),280mm x 330mm x 80mm,Non Woven 90gsm,White,440mm,Black,100,308,348
Non Woven Bag,WH-A4,4C (Front),280mm x 330mm x 80mm,Non Woven 90gsm,White,440mm,Black,200,618,698
Non Woven Bag,WH-A4,4C (Front),280mm x 330mm x 80mm,Non Woven 90gsm,White,440mm,Black,300,893,1003
Non Woven Bag,WH-A4,4C (Front),280mm x 330mm x 80mm,Non Woven 90gsm,White,440mm,Black,400,1190,1340
Non Woven Bag,WH-A4,4C (Front),280mm x 330mm x 80mm,Non Woven 90gsm,White,440mm,Black,500,1322,1512
Non Woven Bag,WH-A4,4C (Front),280mm x 330mm x 80mm,Non Woven 90gsm,White,440mm,Black,600,1588,1808
Non Woven Bag,WH-A4,4C (Front),280mm x 330mm x 80mm,Non Woven 90gsm,White,440mm,Black,700,1775,2035
Non Woven Bag,WH-A4,4C (Front),280mm x 330mm x 80mm,Non Woven 90gsm,White,440mm,Black,800,2028,2318
Non Woven Bag,WH-A4,4C (Front),280mm x 330mm x 80mm,Non Woven 90gsm,White,440mm,Black,900,2281,2611
Non Woven Bag,WH-A4,4C (Front),280mm x 330mm x 80mm,Non Woven 90gsm,White,440mm,Black,1000,2536,2906
Non Woven Bag,WH-A4,4C (Front),280mm x 330mm x 80mm,Non Woven 90gsm,White,440mm,Black,2000,5070,5800
Non Woven Bag,WH-A4,4C (Front),280mm x 330mm x 80mm,Non Woven 90gsm,White,440mm,Black,3000,7605,8695
Non Woven Bag,WH-A4,4C (Front),280mm x 330mm x 80mm,Non Woven 90gsm,White,440mm,Black,4000,10140,11590
Non Woven Bag,WH-A4,4C (Front),280mm x 330mm x 80mm,Non Woven 90gsm,White,440mm,Black,5000,12675,14485
Non Woven Bag,WH-A4,4C (Front),280mm x 330mm x 80mm,Non Woven 90gsm,White,440mm,Black,6000,15210,17380
Non Woven Bag,WH-A4,4C (Front),280mm x 330mm x 80mm,Non Woven 90gsm,White,440mm,Black,7000,17745,20275
Non Woven Bag,WH-A4,4C (Front),280mm x 330mm x 80mm,Non Woven 90gsm,White,440mm,Black,8000,20279,23169
Non Woven Bag,WH-A4,4C (Front),280mm x 330mm x 80mm,Non Woven 90gsm,White,440mm,Black,9000,22815,26065
Non Woven Bag,WH-A4,4C (Front),280mm x 330mm x 80mm,Non Woven 90gsm,White,440mm,Black,10000,25350,28960
Non Woven Bag,WH-A4,4C (Front),280mm x 330mm x 80mm,Non Woven 90gsm,White,440mm,Black,11000,27884,31854
Non Woven Bag,WH-A4,4C (Front),280mm x 330mm x 80mm,Non Woven 90gsm,White,440mm,Black,12000,30419,34749
Non Woven Bag,WH-A4,4C (Front),280mm x 330mm x 80mm,Non Woven 90gsm,White,440mm,Black,13000,32954,37644
Non Woven Bag,WH-A4,4C (Front),280mm x 330mm x 80mm,Non Woven 90gsm,White,440mm,Black,14000,35489,40539
Non Woven Bag,WH-A4,4C (Front),280mm x 330mm x 80mm,Non Woven 90gsm,White,440mm,Black,15000,38024,43434
Non Woven Bag,WH-A4,4C (Front),280mm x 330mm x 80mm,Non Woven 90gsm,White,440mm,Black,16000,40558,46328
Non Woven Bag,WH-A4,4C (Front),280mm x 330mm x 80mm,Non Woven 90gsm,White,440mm,Black,17000,43094,49224
Non Woven Bag,WH-A4,4C (Front),280mm x 330mm x 80mm,Non Woven 90gsm,White,440mm,Black,18000,45628,52118
Non Woven Bag,WH-A4,4C (Front),280mm x 330mm x 80mm,Non Woven 90gsm,White,440mm,Black,19000,48164,55014
Non Woven Bag,WH-A4,4C (Front),280mm x 330mm x 80mm,Non Woven 90gsm,White,440mm,Black,20000,50698,57908
Non Woven Bag,WH-A4,4C (Front),280mm x 330mm x 80mm,Non Woven 90gsm,White,440mm,White,100,308,348
Non Woven Bag,WH-A4,4C (Front),280mm x 330mm x 80mm,Non Woven 90gsm,White,440mm,White,200,618,698
Non Woven Bag,WH-A4,4C (Front),280mm x 330mm x 80mm,Non Woven 90gsm,White,440mm,White,300,893,1003
Non Woven Bag,WH-A4,4C (Front),280mm x 330mm x 80mm,Non Woven 90gsm,White,440mm,White,400,1190,1340
Non Woven Bag,WH-A4,4C (Front),280mm x 330mm x 80mm,Non Woven 90gsm,White,440mm,White,500,1322,1512
Non Woven Bag,WH-A4,4C (Front),280mm x 330mm x 80mm,Non Woven 90gsm,White,440mm,White,600,1588,1808
Non Woven Bag,WH-A4,4C (Front),280mm x 330mm x 80mm,Non Woven 90gsm,White,440mm,White,700,1775,2035
Non Woven Bag,WH-A4,4C (Front),280mm x 330mm x 80mm,Non Woven 90gsm,White,440mm,White,800,2028,2318
Non Woven Bag,WH-A4,4C (Front),280mm x 330mm x 80mm,Non Woven 90gsm,White,440mm,White,900,2281,2611
Non Woven Bag,WH-A4,4C (Front),280mm x 330mm x 80mm,Non Woven 90gsm,White,440mm,White,1000,2536,2906
Non Woven Bag,WH-A4,4C (Front),280mm x 330mm x 80mm,Non Woven 90gsm,White,440mm,White,2000,5070,5800
Non Woven Bag,WH-A4,4C (Front),280mm x 330mm x 80mm,Non Woven 90gsm,White,440mm,White,3000,7605,8695
Non Woven Bag,WH-A4,4C (Front),280mm x 330mm x 80mm,Non Woven 90gsm,White,440mm,White,4000,10140,11590
Non Woven Bag,WH-A4,4C (Front),280mm x 330mm x 80mm,Non Woven 90gsm,White,440mm,White,5000,12675,14485
Non Woven Bag,WH-A4,4C (Front),280mm x 330mm x 80mm,Non Woven 90gsm,White,440mm,White,6000,15210,17380
Non Woven Bag,WH-A4,4C (Front),280mm x 330mm x 80mm,Non Woven 90gsm,White,440mm,White,7000,17745,20275
Non Woven Bag,WH-A4,4C (Front),280mm x 330mm x 80mm,Non Woven 90gsm,White,440mm,White,8000,20279,23169
Non Woven Bag,WH-A4,4C (Front),280mm x 330mm x 80mm,Non Woven 90gsm,White,440mm,White,9000,22815,26065
Non Woven Bag,WH-A4,4C (Front),280mm x 330mm x 80mm,Non Woven 90gsm,White,440mm,White,10000,25350,28960
Non Woven Bag,WH-A4,4C (Front),280mm x 330mm x 80mm,Non Woven 90gsm,White,440mm,White,11000,27884,31854
Non Woven Bag,WH-A4,4C (Front),280mm x 330mm x 80mm,Non Woven 90gsm,White,440mm,White,12000,30419,34749
Non Woven Bag,WH-A4,4C (Front),280mm x 330mm x 80mm,Non Woven 90gsm,White,440mm,White,13000,32954,37644
Non Woven Bag,WH-A4,4C (Front),280mm x 330mm x 80mm,Non Woven 90gsm,White,440mm,White,14000,35489,40539
Non Woven Bag,WH-A4,4C (Front),280mm x 330mm x 80mm,Non Woven 90gsm,White,440mm,White,15000,38024,43434
Non Woven Bag,WH-A4,4C (Front),280mm x 330mm x 80mm,Non Woven 90gsm,White,440mm,White,16000,40558,46328
Non Woven Bag,WH-A4,4C (Front),280mm x 330mm x 80mm,Non Woven 90gsm,White,440mm,White,17000,43094,49224
Non Woven Bag,WH-A4,4C (Front),280mm x 330mm x 80mm,Non Woven 90gsm,White,440mm,White,18000,45628,52118
Non Woven Bag,WH-A4,4C (Front),280mm x 330mm x 80mm,Non Woven 90gsm,White,440mm,White,19000,48164,55014
Non Woven Bag,WH-A4,4C (Front),280mm x 330mm x 80mm,Non Woven 90gsm,White,440mm,White,20000,50698,57908
Non Woven Bag,WH-A4,4C (Front),280mm x 330mm x 80mm,Non Woven 90gsm,White,440mm,Beige,100,308,348
Non Woven Bag,WH-A4,4C (Front),280mm x 330mm x 80mm,Non Woven 90gsm,White,440mm,Beige,200,618,698
Non Woven Bag,WH-A4,4C (Front),280mm x 330mm x 80mm,Non Woven 90gsm,White,440mm,Beige,300,893,1003
Non Woven Bag,WH-A4,4C (Front),280mm x 330mm x 80mm,Non Woven 90gsm,White,440mm,Beige,400,1190,1340
Non Woven Bag,WH-A4,4C (Front),280mm x 330mm x 80mm,Non Woven 90gsm,White,440mm,Beige,500,1322,1512
Non Woven Bag,WH-A4,4C (Front),280mm x 330mm x 80mm,Non Woven 90gsm,White,440mm,Beige,600,1588,1808
Non Woven Bag,WH-A4,4C (Front),280mm x 330mm x 80mm,Non Woven 90gsm,White,440mm,Beige,700,1775,2035
Non Woven Bag,WH-A4,4C (Front),280mm x 330mm x 80mm,Non Woven 90gsm,White,440mm,Beige,800,2028,2318
Non Woven Bag,WH-A4,4C (Front),280mm x 330mm x 80mm,Non Woven 90gsm,White,440mm,Beige,900,2281,2611
Non Woven Bag,WH-A4,4C (Front),280mm x 330mm x 80mm,Non Woven 90gsm,White,440mm,Beige,1000,2536,2906
Non Woven Bag,WH-A4,4C (Front),280mm x 330mm x 80mm,Non Woven 90gsm,White,440mm,Beige,2000,5070,5800
Non Woven Bag,WH-A4,4C (Front),280mm x 330mm x 80mm,Non Woven 90gsm,White,440mm,Beige,3000,7605,8695
Non Woven Bag,WH-A4,4C (Front),280mm x 330mm x 80mm,Non Woven 90gsm,White,440mm,Beige,4000,10140,11590
Non Woven Bag,WH-A4,4C (Front),280mm x 330mm x 80mm,Non Woven 90gsm,White,440mm,Beige,5000,12675,14485
Non Woven Bag,WH-A4,4C (Front),280mm x 330mm x 80mm,Non Woven 90gsm,White,440mm,Beige,6000,15210,17380
Non Woven Bag,WH-A4,4C (Front),280mm x 330mm x 80mm,Non Woven 90gsm,White,440mm,Beige,7000,17745,20275
Non Woven Bag,WH-A4,4C (Front),280mm x 330mm x 80mm,Non Woven 90gsm,White,440mm,Beige,8000,20279,23169
Non Woven Bag,WH-A4,4C (Front),280mm x 330mm x 80mm,Non Woven 90gsm,White,440mm,Beige,9000,22815,26065
Non Woven Bag,WH-A4,4C (Front),280mm x 330mm x 80mm,Non Woven 90gsm,White,440mm,Beige,10000,25350,28960
Non Woven Bag,WH-A4,4C (Front),280mm x 330mm x 80mm,Non Woven 90gsm,White,440mm,Beige,11000,27884,31854
Non Woven Bag,WH-A4,4C (Front),280mm x 330mm x 80mm,Non Woven 90gsm,White,440mm,Beige,12000,30419,34749
Non Woven Bag,WH-A4,4C (Front),280mm x 330mm x 80mm,Non Woven 90gsm,White,440mm,Beige,13000,32954,37644
Non Woven Bag,WH-A4,4C (Front),280mm x 330mm x 80mm,Non Woven 90gsm,White,440mm,Beige,14000,35489,40539
Non Woven Bag,WH-A4,4C (Front),280mm x 330mm x 80mm,Non Woven 90gsm,White,440mm,Beige,15000,38024,43434
Non Woven Bag,WH-A4,4C (Front),280mm x 330mm x 80mm,Non Woven 90gsm,White,440mm,Beige,16000,40558,46328
Non Woven Bag,WH-A4,4C (Front),280mm x 330mm x 80mm,Non Woven 90gsm,White,440mm,Beige,17000,43094,49224
Non Woven Bag,WH-A4,4C (Front),280mm x 330mm x 80mm,Non Woven 90gsm,White,440mm,Beige,18000,45628,52118
Non Woven Bag,WH-A4,4C (Front),280mm x 330mm x 80mm,Non Woven 90gsm,White,440mm,Beige,19000,48164,55014
Non Woven Bag,WH-A4,4C (Front),280mm x 330mm x 80mm,Non Woven 90gsm,White,440mm,Beige,20000,50698,57908
Non Woven Bag,WH-A4,4C (Front),280mm x 330mm x 80mm,Non Woven 90gsm,White,440mm,Orange,100,308,348
Non Woven Bag,WH-A4,4C (Front),280mm x 330mm x 80mm,Non Woven 90gsm,White,440mm,Orange,200,618,698
Non Woven Bag,WH-A4,4C (Front),280mm x 330mm x 80mm,Non Woven 90gsm,White,440mm,Orange,300,893,1003
Non Woven Bag,WH-A4,4C (Front),280mm x 330mm x 80mm,Non Woven 90gsm,White,440mm,Orange,400,1190,1340
Non Woven Bag,WH-A4,4C (Front),280mm x 330mm x 80mm,Non Woven 90gsm,White,440mm,Orange,500,1322,1512
Non Woven Bag,WH-A4,4C (Front),280mm x 330mm x 80mm,Non Woven 90gsm,White,440mm,Orange,600,1588,1808
Non Woven Bag,WH-A4,4C (Front),280mm x 330mm x 80mm,Non Woven 90gsm,White,440mm,Orange,700,1775,2035
Non Woven Bag,WH-A4,4C (Front),280mm x 330mm x 80mm,Non Woven 90gsm,White,440mm,Orange,800,2028,2318
Non Woven Bag,WH-A4,4C (Front),280mm x 330mm x 80mm,Non Woven 90gsm,White,440mm,Orange,900,2281,2611
Non Woven Bag,WH-A4,4C (Front),280mm x 330mm x 80mm,Non Woven 90gsm,White,440mm,Orange,1000,2536,2906
Non Woven Bag,WH-A4,4C (Front),280mm x 330mm x 80mm,Non Woven 90gsm,White,440mm,Orange,2000,5070,5800
Non Woven Bag,WH-A4,4C (Front),280mm x 330mm x 80mm,Non Woven 90gsm,White,440mm,Orange,3000,7605,8695
Non Woven Bag,WH-A4,4C (Front),280mm x 330mm x 80mm,Non Woven 90gsm,White,440mm,Orange,4000,10140,11590
Non Woven Bag,WH-A4,4C (Front),280mm x 330mm x 80mm,Non Woven 90gsm,White,440mm,Orange,5000,12675,14485
Non Woven Bag,WH-A4,4C (Front),280mm x 330mm x 80mm,Non Woven 90gsm,White,440mm,Orange,6000,15210,17380
Non Woven Bag,WH-A4,4C (Front),280mm x 330mm x 80mm,Non Woven 90gsm,White,440mm,Orange,7000,17745,20275
Non Woven Bag,WH-A4,4C (Front),280mm x 330mm x 80mm,Non Woven 90gsm,White,440mm,Orange,8000,20279,23169
Non Woven Bag,WH-A4,4C (Front),280mm x 330mm x 80mm,Non Woven 90gsm,White,440mm,Orange,9000,22815,26065
Non Woven Bag,WH-A4,4C (Front),280mm x 330mm x 80mm,Non Woven 90gsm,White,440mm,Orange,10000,25350,28960
Non Woven Bag,WH-A4,4C (Front),280mm x 330mm x 80mm,Non Woven 90gsm,White,440mm,Orange,11000,27884,31854
Non Woven Bag,WH-A4,4C (Front),280mm x 330mm x 80mm,Non Woven 90gsm,White,440mm,Orange,12000,30419,34749
Non Woven Bag,WH-A4,4C (Front),280mm x 330mm x 80mm,Non Woven 90gsm,White,440mm,Orange,13000,32954,37644
Non Woven Bag,WH-A4,4C (Front),280mm x 330mm x 80mm,Non Woven 90gsm,White,440mm,Orange,14000,35489,40539
Non Woven Bag,WH-A4,4C (Front),280mm x 330mm x 80mm,Non Woven 90gsm,White,440mm,Orange,15000,38024,43434
Non Woven Bag,WH-A4,4C (Front),280mm x 330mm x 80mm,Non Woven 90gsm,White,440mm,Orange,16000,40558,46328
Non Woven Bag,WH-A4,4C (Front),280mm x 330mm x 80mm,Non Woven 90gsm,White,440mm,Orange,17000,43094,49224
Non Woven Bag,WH-A4,4C (Front),280mm x 330mm x 80mm,Non Woven 90gsm,White,440mm,Orange,18000,45628,52118
Non Woven Bag,WH-A4,4C (Front),280mm x 330mm x 80mm,Non Woven 90gsm,White,440mm,Orange,19000,48164,55014
Non Woven Bag,WH-A4,4C (Front),280mm x 330mm x 80mm,Non Woven 90gsm,White,440mm,Orange,20000,50698,57908
Non Woven Bag,WH-A4,4C (Front),280mm x 330mm x 80mm,Non Woven 90gsm,White,440mm,Dark Orange,100,308,348
Non Woven Bag,WH-A4,4C (Front),280mm x 330mm x 80mm,Non Woven 90gsm,White,440mm,Dark Orange,200,618,698
Non Woven Bag,WH-A4,4C (Front),280mm x 330mm x 80mm,Non Woven 90gsm,White,440mm,Dark Orange,300,893,1003
Non Woven Bag,WH-A4,4C (Front),280mm x 330mm x 80mm,Non Woven 90gsm,White,440mm,Dark Orange,400,1190,1340
Non Woven Bag,WH-A4,4C (Front),280mm x 330mm x 80mm,Non Woven 90gsm,White,440mm,Dark Orange,500,1322,1512
Non Woven Bag,WH-A4,4C (Front),280mm x 330mm x 80mm,Non Woven 90gsm,White,440mm,Dark Orange,600,1588,1808
Non Woven Bag,WH-A4,4C (Front),280mm x 330mm x 80mm,Non Woven 90gsm,White,440mm,Dark Orange,700,1775,2035
Non Woven Bag,WH-A4,4C (Front),280mm x 330mm x 80mm,Non Woven 90gsm,White,440mm,Dark Orange,800,2028,2318
Non Woven Bag,WH-A4,4C (Front),280mm x 330mm x 80mm,Non Woven 90gsm,White,440mm,Dark Orange,900,2281,2611
Non Woven Bag,WH-A4,4C (Front),280mm x 330mm x 80mm,Non Woven 90gsm,White,440mm,Dark Orange,1000,2536,2906
Non Woven Bag,WH-A4,4C (Front),280mm x 330mm x 80mm,Non Woven 90gsm,White,440mm,Dark Orange,2000,5070,5800
Non Woven Bag,WH-A4,4C (Front),280mm x 330mm x 80mm,Non Woven 90gsm,White,440mm,Dark Orange,3000,7605,8695
Non Woven Bag,WH-A4,4C (Front),280mm x 330mm x 80mm,Non Woven 90gsm,White,440mm,Dark Orange,4000,10140,11590
Non Woven Bag,WH-A4,4C (Front),280mm x 330mm x 80mm,Non Woven 90gsm,White,440mm,Dark Orange,5000,12675,14485
Non Woven Bag,WH-A4,4C (Front),280mm x 330mm x 80mm,Non Woven 90gsm,White,440mm,Dark Orange,6000,15210,17380
Non Woven Bag,WH-A4,4C (Front),280mm x 330mm x 80mm,Non Woven 90gsm,White,440mm,Dark Orange,7000,17745,20275
Non Woven Bag,WH-A4,4C (Front),280mm x 330mm x 80mm,Non Woven 90gsm,White,440mm,Dark Orange,8000,20279,23169
Non Woven Bag,WH-A4,4C (Front),280mm x 330mm x 80mm,Non Woven 90gsm,White,440mm,Dark Orange,9000,22815,26065
Non Woven Bag,WH-A4,4C (Front),280mm x 330mm x 80mm,Non Woven 90gsm,White,440mm,Dark Orange,10000,25350,28960
Non Woven Bag,WH-A4,4C (Front),280mm x 330mm x 80mm,Non Woven 90gsm,White,440mm,Dark Orange,11000,27884,31854
Non Woven Bag,WH-A4,4C (Front),280mm x 330mm x 80mm,Non Woven 90gsm,White,440mm,Dark Orange,12000,30419,34749
Non Woven Bag,WH-A4,4C (Front),280mm x 330mm x 80mm,Non Woven 90gsm,White,440mm,Dark Orange,13000,32954,37644
Non Woven Bag,WH-A4,4C (Front),280mm x 330mm x 80mm,Non Woven 90gsm,White,440mm,Dark Orange,14000,35489,40539
Non Woven Bag,WH-A4,4C (Front),280mm x 330mm x 80mm,Non Woven 90gsm,White,440mm,Dark Orange,15000,38024,43434
Non Woven Bag,WH-A4,4C (Front),280mm x 330mm x 80mm,Non Woven 90gsm,White,440mm,Dark Orange,16000,40558,46328
Non Woven Bag,WH-A4,4C (Front),280mm x 330mm x 80mm,Non Woven 90gsm,White,440mm,Dark Orange,17000,43094,49224
Non Woven Bag,WH-A4,4C (Front),280mm x 330mm x 80mm,Non Woven 90gsm,White,440mm,Dark Orange,18000,45628,52118
Non Woven Bag,WH-A4,4C (Front),280mm x 330mm x 80mm,Non Woven 90gsm,White,440mm,Dark Orange,19000,48164,55014
Non Woven Bag,WH-A4,4C (Front),280mm x 330mm x 80mm,Non Woven 90gsm,White,440mm,Dark Orange,20000,50698,57908
Non Woven Bag,WH-A4,4C (Front),280mm x 330mm x 80mm,Non Woven 90gsm,White,440mm,Magenta,100,308,348
Non Woven Bag,WH-A4,4C (Front),280mm x 330mm x 80mm,Non Woven 90gsm,White,440mm,Magenta,200,618,698
Non Woven Bag,WH-A4,4C (Front),280mm x 330mm x 80mm,Non Woven 90gsm,White,440mm,Magenta,300,893,1003
Non Woven Bag,WH-A4,4C (Front),280mm x 330mm x 80mm,Non Woven 90gsm,White,440mm,Magenta,400,1190,1340
Non Woven Bag,WH-A4,4C (Front),280mm x 330mm x 80mm,Non Woven 90gsm,White,440mm,Magenta,500,1322,1512
Non Woven Bag,WH-A4,4C (Front),280mm x 330mm x 80mm,Non Woven 90gsm,White,440mm,Magenta,600,1588,1808
Non Woven Bag,WH-A4,4C (Front),280mm x 330mm x 80mm,Non Woven 90gsm,White,440mm,Magenta,700,1775,2035
Non Woven Bag,WH-A4,4C (Front),280mm x 330mm x 80mm,Non Woven 90gsm,White,440mm,Magenta,800,2028,2318
Non Woven Bag,WH-A4,4C (Front),280mm x 330mm x 80mm,Non Woven 90gsm,White,440mm,Magenta,900,2281,2611
Non Woven Bag,WH-A4,4C (Front),280mm x 330mm x 80mm,Non Woven 90gsm,White,440mm,Magenta,1000,2536,2906
Non Woven Bag,WH-A4,4C (Front),280mm x 330mm x 80mm,Non Woven 90gsm,White,440mm,Magenta,2000,5070,5800
Non Woven Bag,WH-A4,4C (Front),280mm x 330mm x 80mm,Non Woven 90gsm,White,440mm,Magenta,3000,7605,8695
Non Woven Bag,WH-A4,4C (Front),280mm x 330mm x 80mm,Non Woven 90gsm,White,440mm,Magenta,4000,10140,11590
Non Woven Bag,WH-A4,4C (Front),280mm x 330mm x 80mm,Non Woven 90gsm,White,440mm,Magenta,5000,12675,14485
Non Woven Bag,WH-A4,4C (Front),280mm x 330mm x 80mm,Non Woven 90gsm,White,440mm,Magenta,6000,15210,17380
Non Woven Bag,WH-A4,4C (Front),280mm x 330mm x 80mm,Non Woven 90gsm,White,440mm,Magenta,7000,17745,20275
Non Woven Bag,WH-A4,4C (Front),280mm x 330mm x 80mm,Non Woven 90gsm,White,440mm,Magenta,8000,20279,23169
Non Woven Bag,WH-A4,4C (Front),280mm x 330mm x 80mm,Non Woven 90gsm,White,440mm,Magenta,9000,22815,26065
Non Woven Bag,WH-A4,4C (Front),280mm x 330mm x 80mm,Non Woven 90gsm,White,440mm,Magenta,10000,25350,28960
Non Woven Bag,WH-A4,4C (Front),280mm x 330mm x 80mm,Non Woven 90gsm,White,440mm,Magenta,11000,27884,31854
Non Woven Bag,WH-A4,4C (Front),280mm x 330mm x 80mm,Non Woven 90gsm,White,440mm,Magenta,12000,30419,34749
Non Woven Bag,WH-A4,4C (Front),280mm x 330mm x 80mm,Non Woven 90gsm,White,440mm,Magenta,13000,32954,37644
Non Woven Bag,WH-A4,4C (Front),280mm x 330mm x 80mm,Non Woven 90gsm,White,440mm,Magenta,14000,35489,40539
Non Woven Bag,WH-A4,4C (Front),280mm x 330mm x 80mm,Non Woven 90gsm,White,440mm,Magenta,15000,38024,43434
Non Woven Bag,WH-A4,4C (Front),280mm x 330mm x 80mm,Non Woven 90gsm,White,440mm,Magenta,16000,40558,46328
Non Woven Bag,WH-A4,4C (Front),280mm x 330mm x 80mm,Non Woven 90gsm,White,440mm,Magenta,17000,43094,49224
Non Woven Bag,WH-A4,4C (Front),280mm x 330mm x 80mm,Non Woven 90gsm,White,440mm,Magenta,18000,45628,52118
Non Woven Bag,WH-A4,4C (Front),280mm x 330mm x 80mm,Non Woven 90gsm,White,440mm,Magenta,19000,48164,55014
Non Woven Bag,WH-A4,4C (Front),280mm x 330mm x 80mm,Non Woven 90gsm,White,440mm,Magenta,20000,50698,57908
Non Woven Bag,WH-A4,4C (Front),280mm x 330mm x 80mm,Non Woven 90gsm,White,440mm,Red,100,308,348
Non Woven Bag,WH-A4,4C (Front),280mm x 330mm x 80mm,Non Woven 90gsm,White,440mm,Red,200,618,698
Non Woven Bag,WH-A4,4C (Front),280mm x 330mm x 80mm,Non Woven 90gsm,White,440mm,Red,300,893,1003
Non Woven Bag,WH-A4,4C (Front),280mm x 330mm x 80mm,Non Woven 90gsm,White,440mm,Red,400,1190,1340
Non Woven Bag,WH-A4,4C (Front),280mm x 330mm x 80mm,Non Woven 90gsm,White,440mm,Red,500,1322,1512
Non Woven Bag,WH-A4,4C (Front),280mm x 330mm x 80mm,Non Woven 90gsm,White,440mm,Red,600,1588,1808
Non Woven Bag,WH-A4,4C (Front),280mm x 330mm x 80mm,Non Woven 90gsm,White,440mm,Red,700,1775,2035
Non Woven Bag,WH-A4,4C (Front),280mm x 330mm x 80mm,Non Woven 90gsm,White,440mm,Red,800,2028,2318
Non Woven Bag,WH-A4,4C (Front),280mm x 330mm x 80mm,Non Woven 90gsm,White,440mm,Red,900,2281,2611
Non Woven Bag,WH-A4,4C (Front),280mm x 330mm x 80mm,Non Woven 90gsm,White,440mm,Red,1000,2536,2906
Non Woven Bag,WH-A4,4C (Front),280mm x 330mm x 80mm,Non Woven 90gsm,White,440mm,Red,2000,5070,5800
Non Woven Bag,WH-A4,4C (Front),280mm x 330mm x 80mm,Non Woven 90gsm,White,440mm,Red,3000,7605,8695
Non Woven Bag,WH-A4,4C (Front),280mm x 330mm x 80mm,Non Woven 90gsm,White,440mm,Red,4000,10140,11590
Non Woven Bag,WH-A4,4C (Front),280mm x 330mm x 80mm,Non Woven 90gsm,White,440mm,Red,5000,12675,14485
Non Woven Bag,WH-A4,4C (Front),280mm x 330mm x 80mm,Non Woven 90gsm,White,440mm,Red,6000,15210,17380
Non Woven Bag,WH-A4,4C (Front),280mm x 330mm x 80mm,Non Woven 90gsm,White,440mm,Red,7000,17745,20275
Non Woven Bag,WH-A4,4C (Front),280mm x 330mm x 80mm,Non Woven 90gsm,White,440mm,Red,8000,20279,23169
Non Woven Bag,WH-A4,4C (Front),280mm x 330mm x 80mm,Non Woven 90gsm,White,440mm,Red,9000,22815,26065
Non Woven Bag,WH-A4,4C (Front),280mm x 330mm x 80mm,Non Woven 90gsm,White,440mm,Red,10000,25350,28960
Non Woven Bag,WH-A4,4C (Front),280mm x 330mm x 80mm,Non Woven 90gsm,White,440mm,Red,11000,27884,31854
Non Woven Bag,WH-A4,4C (Front),280mm x 330mm x 80mm,Non Woven 90gsm,White,440mm,Red,12000,30419,34749
Non Woven Bag,WH-A4,4C (Front),280mm x 330mm x 80mm,Non Woven 90gsm,White,440mm,Red,13000,32954,37644
Non Woven Bag,WH-A4,4C (Front),280mm x 330mm x 80mm,Non Woven 90gsm,White,440mm,Red,14000,35489,40539
Non Woven Bag,WH-A4,4C (Front),280mm x 330mm x 80mm,Non Woven 90gsm,White,440mm,Red,15000,38024,43434
Non Woven Bag,WH-A4,4C (Front),280mm x 330mm x 80mm,Non Woven 90gsm,White,440mm,Red,16000,40558,46328
Non Woven Bag,WH-A4,4C (Front),280mm x 330mm x 80mm,Non Woven 90gsm,White,440mm,Red,17000,43094,49224
Non Woven Bag,WH-A4,4C (Front),280mm x 330mm x 80mm,Non Woven 90gsm,White,440mm,Red,18000,45628,52118
Non Woven Bag,WH-A4,4C (Front),280mm x 330mm x 80mm,Non Woven 90gsm,White,440mm,Red,19000,48164,55014
Non Woven Bag,WH-A4,4C (Front),280mm x 330mm x 80mm,Non Woven 90gsm,White,440mm,Red,20000,50698,57908
Non Woven Bag,WH-A4,4C (Front),280mm x 330mm x 80mm,Non Woven 90gsm,White,440mm,Maroon,100,308,348
Non Woven Bag,WH-A4,4C (Front),280mm x 330mm x 80mm,Non Woven 90gsm,White,440mm,Maroon,200,618,698
Non Woven Bag,WH-A4,4C (Front),280mm x 330mm x 80mm,Non Woven 90gsm,White,440mm,Maroon,300,893,1003
Non Woven Bag,WH-A4,4C (Front),280mm x 330mm x 80mm,Non Woven 90gsm,White,440mm,Maroon,400,1190,1340
Non Woven Bag,WH-A4,4C (Front),280mm x 330mm x 80mm,Non Woven 90gsm,White,440mm,Maroon,500,1322,1512
Non Woven Bag,WH-A4,4C (Front),280mm x 330mm x 80mm,Non Woven 90gsm,White,440mm,Maroon,600,1588,1808
Non Woven Bag,WH-A4,4C (Front),280mm x 330mm x 80mm,Non Woven 90gsm,White,440mm,Maroon,700,1775,2035
Non Woven Bag,WH-A4,4C (Front),280mm x 330mm x 80mm,Non Woven 90gsm,White,440mm,Maroon,800,2028,2318
Non Woven Bag,WH-A4,4C (Front),280mm x 330mm x 80mm,Non Woven 90gsm,White,440mm,Maroon,900,2281,2611
Non Woven Bag,WH-A4,4C (Front),280mm x 330mm x 80mm,Non Woven 90gsm,White,440mm,Maroon,1000,2536,2906
Non Woven Bag,WH-A4,4C (Front),280mm x 330mm x 80mm,Non Woven 90gsm,White,440mm,Maroon,2000,5070,5800
Non Woven Bag,WH-A4,4C (Front),280mm x 330mm x 80mm,Non Woven 90gsm,White,440mm,Maroon,3000,7605,8695
Non Woven Bag,WH-A4,4C (Front),280mm x 330mm x 80mm,Non Woven 90gsm,White,440mm,Maroon,4000,10140,11590
Non Woven Bag,WH-A4,4C (Front),280mm x 330mm x 80mm,Non Woven 90gsm,White,440mm,Maroon,5000,12675,14485
Non Woven Bag,WH-A4,4C (Front),280mm x 330mm x 80mm,Non Woven 90gsm,White,440mm,Maroon,6000,15210,17380
Non Woven Bag,WH-A4,4C (Front),280mm x 330mm x 80mm,Non Woven 90gsm,White,440mm,Maroon,7000,17745,20275
Non Woven Bag,WH-A4,4C (Front),280mm x 330mm x 80mm,Non Woven 90gsm,White,440mm,Maroon,8000,20279,23169
Non Woven Bag,WH-A4,4C (Front),280mm x 330mm x 80mm,Non Woven 90gsm,White,440mm,Maroon,9000,22815,26065
Non Woven Bag,WH-A4,4C (Front),280mm x 330mm x 80mm,Non Woven 90gsm,White,440mm,Maroon,10000,25350,28960
Non Woven Bag,WH-A4,4C (Front),280mm x 330mm x 80mm,Non Woven 90gsm,White,440mm,Maroon,11000,27884,31854
Non Woven Bag,WH-A4,4C (Front),280mm x 330mm x 80mm,Non Woven 90gsm,White,440mm,Maroon,12000,30419,34749
Non Woven Bag,WH-A4,4C (Front),280mm x 330mm x 80mm,Non Woven 90gsm,White,440mm,Maroon,13000,32954,37644
Non Woven Bag,WH-A4,4C (Front),280mm x 330mm x 80mm,Non Woven 90gsm,White,440mm,Maroon,14000,35489,40539
Non Woven Bag,WH-A4,4C (Front),280mm x 330mm x 80mm,Non Woven 90gsm,White,440mm,Maroon,15000,38024,43434
Non Woven Bag,WH-A4,4C (Front),280mm x 330mm x 80mm,Non Woven 90gsm,White,440mm,Maroon,16000,40558,46328
Non Woven Bag,WH-A4,4C (Front),280mm x 330mm x 80mm,Non Woven 90gsm,White,440mm,Maroon,17000,43094,49224
Non Woven Bag,WH-A4,4C (Front),280mm x 330mm x 80mm,Non Woven 90gsm,White,440mm,Maroon,18000,45628,52118
Non Woven Bag,WH-A4,4C (Front),280mm x 330mm x 80mm,Non Woven 90gsm,White,440mm,Maroon,19000,48164,55014
Non Woven Bag,WH-A4,4C (Front),280mm x 330mm x 80mm,Non Woven 90gsm,White,440mm,Maroon,20000,50698,57908
Non Woven Bag,WH-A4,4C (Front),280mm x 330mm x 80mm,Non Woven 90gsm,White,440mm,Green,100,308,348
Non Woven Bag,WH-A4,4C (Front),280mm x 330mm x 80mm,Non Woven 90gsm,White,440mm,Green,200,618,698
Non Woven Bag,WH-A4,4C (Front),280mm x 330mm x 80mm,Non Woven 90gsm,White,440mm,Green,300,893,1003
Non Woven Bag,WH-A4,4C (Front),280mm x 330mm x 80mm,Non Woven 90gsm,White,440mm,Green,400,1190,1340
Non Woven Bag,WH-A4,4C (Front),280mm x 330mm x 80mm,Non Woven 90gsm,White,440mm,Green,500,1322,1512
Non Woven Bag,WH-A4,4C (Front),280mm x 330mm x 80mm,Non Woven 90gsm,White,440mm,Green,600,1588,1808
Non Woven Bag,WH-A4,4C (Front),280mm x 330mm x 80mm,Non Woven 90gsm,White,440mm,Green,700,1775,2035
Non Woven Bag,WH-A4,4C (Front),280mm x 330mm x 80mm,Non Woven 90gsm,White,440mm,Green,800,2028,2318
Non Woven Bag,WH-A4,4C (Front),280mm x 330mm x 80mm,Non Woven 90gsm,White,440mm,Green,900,2281,2611
Non Woven Bag,WH-A4,4C (Front),280mm x 330mm x 80mm,Non Woven 90gsm,White,440mm,Green,1000,2536,2906
Non Woven Bag,WH-A4,4C (Front),280mm x 330mm x 80mm,Non Woven 90gsm,White,440mm,Green,2000,5070,5800
Non Woven Bag,WH-A4,4C (Front),280mm x 330mm x 80mm,Non Woven 90gsm,White,440mm,Green,3000,7605,8695
Non Woven Bag,WH-A4,4C (Front),280mm x 330mm x 80mm,Non Woven 90gsm,White,440mm,Green,4000,10140,11590
Non Woven Bag,WH-A4,4C (Front),280mm x 330mm x 80mm,Non Woven 90gsm,White,440mm,Green,5000,12675,14485
Non Woven Bag,WH-A4,4C (Front),280mm x 330mm x 80mm,Non Woven 90gsm,White,440mm,Green,6000,15210,17380
Non Woven Bag,WH-A4,4C (Front),280mm x 330mm x 80mm,Non Woven 90gsm,White,440mm,Green,7000,17745,20275
Non Woven Bag,WH-A4,4C (Front),280mm x 330mm x 80mm,Non Woven 90gsm,White,440mm,Green,8000,20279,23169
Non Woven Bag,WH-A4,4C (Front),280mm x 330mm x 80mm,Non Woven 90gsm,White,440mm,Green,9000,22815,26065
Non Woven Bag,WH-A4,4C (Front),280mm x 330mm x 80mm,Non Woven 90gsm,White,440mm,Green,10000,25350,28960
Non Woven Bag,WH-A4,4C (Front),280mm x 330mm x 80mm,Non Woven 90gsm,White,440mm,Green,11000,27884,31854
Non Woven Bag,WH-A4,4C (Front),280mm x 330mm x 80mm,Non Woven 90gsm,White,440mm,Green,12000,30419,34749
Non Woven Bag,WH-A4,4C (Front),280mm x 330mm x 80mm,Non Woven 90gsm,White,440mm,Green,13000,32954,37644
Non Woven Bag,WH-A4,4C (Front),280mm x 330mm x 80mm,Non Woven 90gsm,White,440mm,Green,14000,35489,40539
Non Woven Bag,WH-A4,4C (Front),280mm x 330mm x 80mm,Non Woven 90gsm,White,440mm,Green,15000,38024,43434
Non Woven Bag,WH-A4,4C (Front),280mm x 330mm x 80mm,Non Woven 90gsm,White,440mm,Green,16000,40558,46328
Non Woven Bag,WH-A4,4C (Front),280mm x 330mm x 80mm,Non Woven 90gsm,White,440mm,Green,17000,43094,49224
Non Woven Bag,WH-A4,4C (Front),280mm x 330mm x 80mm,Non Woven 90gsm,White,440mm,Green,18000,45628,52118
Non Woven Bag,WH-A4,4C (Front),280mm x 330mm x 80mm,Non Woven 90gsm,White,440mm,Green,19000,48164,55014
Non Woven Bag,WH-A4,4C (Front),280mm x 330mm x 80mm,Non Woven 90gsm,White,440mm,Green,20000,50698,57908
Non Woven Bag,WH-A4,4C (Front),280mm x 330mm x 80mm,Non Woven 90gsm,White,440mm,Milo Green,100,308,348
Non Woven Bag,WH-A4,4C (Front),280mm x 330mm x 80mm,Non Woven 90gsm,White,440mm,Milo Green,200,618,698
Non Woven Bag,WH-A4,4C (Front),280mm x 330mm x 80mm,Non Woven 90gsm,White,440mm,Milo Green,300,893,1003
Non Woven Bag,WH-A4,4C (Front),280mm x 330mm x 80mm,Non Woven 90gsm,White,440mm,Milo Green,400,1190,1340
Non Woven Bag,WH-A4,4C (Front),280mm x 330mm x 80mm,Non Woven 90gsm,White,440mm,Milo Green,500,1322,1512
Non Woven Bag,WH-A4,4C (Front),280mm x 330mm x 80mm,Non Woven 90gsm,White,440mm,Milo Green,600,1588,1808
Non Woven Bag,WH-A4,4C (Front),280mm x 330mm x 80mm,Non Woven 90gsm,White,440mm,Milo Green,700,1775,2035
Non Woven Bag,WH-A4,4C (Front),280mm x 330mm x 80mm,Non Woven 90gsm,White,440mm,Milo Green,800,2028,2318
Non Woven Bag,WH-A4,4C (Front),280mm x 330mm x 80mm,Non Woven 90gsm,White,440mm,Milo Green,900,2281,2611
Non Woven Bag,WH-A4,4C (Front),280mm x 330mm x 80mm,Non Woven 90gsm,White,440mm,Milo Green,1000,2536,2906
Non Woven Bag,WH-A4,4C (Front),280mm x 330mm x 80mm,Non Woven 90gsm,White,440mm,Milo Green,2000,5070,5800
Non Woven Bag,WH-A4,4C (Front),280mm x 330mm x 80mm,Non Woven 90gsm,White,440mm,Milo Green,3000,7605,8695
Non Woven Bag,WH-A4,4C (Front),280mm x 330mm x 80mm,Non Woven 90gsm,White,440mm,Milo Green,4000,10140,11590
Non Woven Bag,WH-A4,4C (Front),280mm x 330mm x 80mm,Non Woven 90gsm,White,440mm,Milo Green,5000,12675,14485
Non Woven Bag,WH-A4,4C (Front),280mm x 330mm x 80mm,Non Woven 90gsm,White,440mm,Milo Green,6000,15210,17380
Non Woven Bag,WH-A4,4C (Front),280mm x 330mm x 80mm,Non Woven 90gsm,White,440mm,Milo Green,7000,17745,20275
Non Woven Bag,WH-A4,4C (Front),280mm x 330mm x 80mm,Non Woven 90gsm,White,440mm,Milo Green,8000,20279,23169
Non Woven Bag,WH-A4,4C (Front),280mm x 330mm x 80mm,Non Woven 90gsm,White,440mm,Milo Green,9000,22815,26065
Non Woven Bag,WH-A4,4C (Front),280mm x 330mm x 80mm,Non Woven 90gsm,White,440mm,Milo Green,10000,25350,28960
Non Woven Bag,WH-A4,4C (Front),280mm x 330mm x 80mm,Non Woven 90gsm,White,440mm,Milo Green,11000,27884,31854
Non Woven Bag,WH-A4,4C (Front),280mm x 330mm x 80mm,Non Woven 90gsm,White,440mm,Milo Green,12000,30419,34749
Non Woven Bag,WH-A4,4C (Front),280mm x 330mm x 80mm,Non Woven 90gsm,White,440mm,Milo Green,13000,32954,37644
Non Woven Bag,WH-A4,4C (Front),280mm x 330mm x 80mm,Non Woven 90gsm,White,440mm,Milo Green,14000,35489,40539
Non Woven Bag,WH-A4,4C (Front),280mm x 330mm x 80mm,Non Woven 90gsm,White,440mm,Milo Green,15000,38024,43434
Non Woven Bag,WH-A4,4C (Front),280mm x 330mm x 80mm,Non Woven 90gsm,White,440mm,Milo Green,16000,40558,46328
Non Woven Bag,WH-A4,4C (Front),280mm x 330mm x 80mm,Non Woven 90gsm,White,440mm,Milo Green,17000,43094,49224
Non Woven Bag,WH-A4,4C (Front),280mm x 330mm x 80mm,Non Woven 90gsm,White,440mm,Milo Green,18000,45628,52118
Non Woven Bag,WH-A4,4C (Front),280mm x 330mm x 80mm,Non Woven 90gsm,White,440mm,Milo Green,19000,48164,55014
Non Woven Bag,WH-A4,4C (Front),280mm x 330mm x 80mm,Non Woven 90gsm,White,440mm,Milo Green,20000,50698,57908
Non Woven Bag,WH-A4,4C (Front),280mm x 330mm x 80mm,Non Woven 90gsm,White,440mm,Dark Green,100,308,348
Non Woven Bag,WH-A4,4C (Front),280mm x 330mm x 80mm,Non Woven 90gsm,White,440mm,Dark Green,200,618,698
Non Woven Bag,WH-A4,4C (Front),280mm x 330mm x 80mm,Non Woven 90gsm,White,440mm,Dark Green,300,893,1003
Non Woven Bag,WH-A4,4C (Front),280mm x 330mm x 80mm,Non Woven 90gsm,White,440mm,Dark Green,400,1190,1340
Non Woven Bag,WH-A4,4C (Front),280mm x 330mm x 80mm,Non Woven 90gsm,White,440mm,Dark Green,500,1322,1512
Non Woven Bag,WH-A4,4C (Front),280mm x 330mm x 80mm,Non Woven 90gsm,White,440mm,Dark Green,600,1588,1808
Non Woven Bag,WH-A4,4C (Front),280mm x 330mm x 80mm,Non Woven 90gsm,White,440mm,Dark Green,700,1775,2035
Non Woven Bag,WH-A4,4C (Front),280mm x 330mm x 80mm,Non Woven 90gsm,White,440mm,Dark Green,800,2028,2318
Non Woven Bag,WH-A4,4C (Front),280mm x 330mm x 80mm,Non Woven 90gsm,White,440mm,Dark Green,900,2281,2611
Non Woven Bag,WH-A4,4C (Front),280mm x 330mm x 80mm,Non Woven 90gsm,White,440mm,Dark Green,1000,2536,2906
Non Woven Bag,WH-A4,4C (Front),280mm x 330mm x 80mm,Non Woven 90gsm,White,440mm,Dark Green,2000,5070,5800
Non Woven Bag,WH-A4,4C (Front),280mm x 330mm x 80mm,Non Woven 90gsm,White,440mm,Dark Green,3000,7605,8695
Non Woven Bag,WH-A4,4C (Front),280mm x 330mm x 80mm,Non Woven 90gsm,White,440mm,Dark Green,4000,10140,11590
Non Woven Bag,WH-A4,4C (Front),280mm x 330mm x 80mm,Non Woven 90gsm,White,440mm,Dark Green,5000,12675,14485
Non Woven Bag,WH-A4,4C (Front),280mm x 330mm x 80mm,Non Woven 90gsm,White,440mm,Dark Green,6000,15210,17380
Non Woven Bag,WH-A4,4C (Front),280mm x 330mm x 80mm,Non Woven 90gsm,White,440mm,Dark Green,7000,17745,20275
Non Woven Bag,WH-A4,4C (Front),280mm x 330mm x 80mm,Non Woven 90gsm,White,440mm,Dark Green,8000,20279,23169
Non Woven Bag,WH-A4,4C (Front),280mm x 330mm x 80mm,Non Woven 90gsm,White,440mm,Dark Green,9000,22815,26065
Non Woven Bag,WH-A4,4C (Front),280mm x 330mm x 80mm,Non Woven 90gsm,White,440mm,Dark Green,10000,25350,28960
Non Woven Bag,WH-A4,4C (Front),280mm x 330mm x 80mm,Non Woven 90gsm,White,440mm,Dark Green,11000,27884,31854
Non Woven Bag,WH-A4,4C (Front),280mm x 330mm x 80mm,Non Woven 90gsm,White,440mm,Dark Green,12000,30419,34749
Non Woven Bag,WH-A4,4C (Front),280mm x 330mm x 80mm,Non Woven 90gsm,White,440mm,Dark Green,13000,32954,37644
Non Woven Bag,WH-A4,4C (Front),280mm x 330mm x 80mm,Non Woven 90gsm,White,440mm,Dark Green,14000,35489,40539
Non Woven Bag,WH-A4,4C (Front),280mm x 330mm x 80mm,Non Woven 90gsm,White,440mm,Dark Green,15000,38024,43434
Non Woven Bag,WH-A4,4C (Front),280mm x 330mm x 80mm,Non Woven 90gsm,White,440mm,Dark Green,16000,40558,46328
Non Woven Bag,WH-A4,4C (Front),280mm x 330mm x 80mm,Non Woven 90gsm,White,440mm,Dark Green,17000,43094,49224
Non Woven Bag,WH-A4,4C (Front),280mm x 330mm x 80mm,Non Woven 90gsm,White,440mm,Dark Green,18000,45628,52118
Non Woven Bag,WH-A4,4C (Front),280mm x 330mm x 80mm,Non Woven 90gsm,White,440mm,Dark Green,19000,48164,55014
Non Woven Bag,WH-A4,4C (Front),280mm x 330mm x 80mm,Non Woven 90gsm,White,440mm,Dark Green,20000,50698,57908
Non Woven Bag,WH-A4,4C (Front),280mm x 330mm x 80mm,Non Woven 90gsm,White,440mm,Turquoise,100,308,348
Non Woven Bag,WH-A4,4C (Front),280mm x 330mm x 80mm,Non Woven 90gsm,White,440mm,Turquoise,200,618,698
Non Woven Bag,WH-A4,4C (Front),280mm x 330mm x 80mm,Non Woven 90gsm,White,440mm,Turquoise,300,893,1003
Non Woven Bag,WH-A4,4C (Front),280mm x 330mm x 80mm,Non Woven 90gsm,White,440mm,Turquoise,400,1190,1340
Non Woven Bag,WH-A4,4C (Front),280mm x 330mm x 80mm,Non Woven 90gsm,White,440mm,Turquoise,500,1322,1512
Non Woven Bag,WH-A4,4C (Front),280mm x 330mm x 80mm,Non Woven 90gsm,White,440mm,Turquoise,600,1588,1808
Non Woven Bag,WH-A4,4C (Front),280mm x 330mm x 80mm,Non Woven 90gsm,White,440mm,Turquoise,700,1775,2035
Non Woven Bag,WH-A4,4C (Front),280mm x 330mm x 80mm,Non Woven 90gsm,White,440mm,Turquoise,800,2028,2318
Non Woven Bag,WH-A4,4C (Front),280mm x 330mm x 80mm,Non Woven 90gsm,White,440mm,Turquoise,900,2281,2611
Non Woven Bag,WH-A4,4C (Front),280mm x 330mm x 80mm,Non Woven 90gsm,White,440mm,Turquoise,1000,2536,2906
Non Woven Bag,WH-A4,4C (Front),280mm x 330mm x 80mm,Non Woven 90gsm,White,440mm,Turquoise,2000,5070,5800
Non Woven Bag,WH-A4,4C (Front),280mm x 330mm x 80mm,Non Woven 90gsm,White,440mm,Turquoise,3000,7605,8695
Non Woven Bag,WH-A4,4C (Front),280mm x 330mm x 80mm,Non Woven 90gsm,White,440mm,Turquoise,4000,10140,11590
Non Woven Bag,WH-A4,4C (Front),280mm x 330mm x 80mm,Non Woven 90gsm,White,440mm,Turquoise,5000,12675,14485
Non Woven Bag,WH-A4,4C (Front),280mm x 330mm x 80mm,Non Woven 90gsm,White,440mm,Turquoise,6000,15210,17380
Non Woven Bag,WH-A4,4C (Front),280mm x 330mm x 80mm,Non Woven 90gsm,White,440mm,Turquoise,7000,17745,20275
Non Woven Bag,WH-A4,4C (Front),280mm x 330mm x 80mm,Non Woven 90gsm,White,440mm,Turquoise,8000,20279,23169
Non Woven Bag,WH-A4,4C (Front),280mm x 330mm x 80mm,Non Woven 90gsm,White,440mm,Turquoise,9000,22815,26065
Non Woven Bag,WH-A4,4C (Front),280mm x 330mm x 80mm,Non Woven 90gsm,White,440mm,Turquoise,10000,25350,28960
Non Woven Bag,WH-A4,4C (Front),280mm x 330mm x 80mm,Non Woven 90gsm,White,440mm,Turquoise,11000,27884,31854
Non Woven Bag,WH-A4,4C (Front),280mm x 330mm x 80mm,Non Woven 90gsm,White,440mm,Turquoise,12000,30419,34749
Non Woven Bag,WH-A4,4C (Front),280mm x 330mm x 80mm,Non Woven 90gsm,White,440mm,Turquoise,13000,32954,37644
Non Woven Bag,WH-A4,4C (Front),280mm x 330mm x 80mm,Non Woven 90gsm,White,440mm,Turquoise,14000,35489,40539
Non Woven Bag,WH-A4,4C (Front),280mm x 330mm x 80mm,Non Woven 90gsm,White,440mm,Turquoise,15000,38024,43434
Non Woven Bag,WH-A4,4C (Front),280mm x 330mm x 80mm,Non Woven 90gsm,White,440mm,Turquoise,16000,40558,46328
Non Woven Bag,WH-A4,4C (Front),280mm x 330mm x 80mm,Non Woven 90gsm,White,440mm,Turquoise,17000,43094,49224
Non Woven Bag,WH-A4,4C (Front),280mm x 330mm x 80mm,Non Woven 90gsm,White,440mm,Turquoise,18000,45628,52118
Non Woven Bag,WH-A4,4C (Front),280mm x 330mm x 80mm,Non Woven 90gsm,White,440mm,Turquoise,19000,48164,55014
Non Woven Bag,WH-A4,4C (Front),280mm x 330mm x 80mm,Non Woven 90gsm,White,440mm,Turquoise,20000,50698,57908
Non Woven Bag,WH-A4,4C (Front),280mm x 330mm x 80mm,Non Woven 90gsm,White,440mm,Cyan,100,308,348
Non Woven Bag,WH-A4,4C (Front),280mm x 330mm x 80mm,Non Woven 90gsm,White,440mm,Cyan,200,618,698
Non Woven Bag,WH-A4,4C (Front),280mm x 330mm x 80mm,Non Woven 90gsm,White,440mm,Cyan,300,893,1003
Non Woven Bag,WH-A4,4C (Front),280mm x 330mm x 80mm,Non Woven 90gsm,White,440mm,Cyan,400,1190,1340
Non Woven Bag,WH-A4,4C (Front),280mm x 330mm x 80mm,Non Woven 90gsm,White,440mm,Cyan,500,1322,1512
Non Woven Bag,WH-A4,4C (Front),280mm x 330mm x 80mm,Non Woven 90gsm,White,440mm,Cyan,600,1588,1808
Non Woven Bag,WH-A4,4C (Front),280mm x 330mm x 80mm,Non Woven 90gsm,White,440mm,Cyan,700,1775,2035
Non Woven Bag,WH-A4,4C (Front),280mm x 330mm x 80mm,Non Woven 90gsm,White,440mm,Cyan,800,2028,2318
Non Woven Bag,WH-A4,4C (Front),280mm x 330mm x 80mm,Non Woven 90gsm,White,440mm,Cyan,900,2281,2611
Non Woven Bag,WH-A4,4C (Front),280mm x 330mm x 80mm,Non Woven 90gsm,White,440mm,Cyan,1000,2536,2906
Non Woven Bag,WH-A4,4C (Front),280mm x 330mm x 80mm,Non Woven 90gsm,White,440mm,Cyan,2000,5070,5800
Non Woven Bag,WH-A4,4C (Front),280mm x 330mm x 80mm,Non Woven 90gsm,White,440mm,Cyan,3000,7605,8695
Non Woven Bag,WH-A4,4C (Front),280mm x 330mm x 80mm,Non Woven 90gsm,White,440mm,Cyan,4000,10140,11590
Non Woven Bag,WH-A4,4C (Front),280mm x 330mm x 80mm,Non Woven 90gsm,White,440mm,Cyan,5000,12675,14485
Non Woven Bag,WH-A4,4C (Front),280mm x 330mm x 80mm,Non Woven 90gsm,White,440mm,Cyan,6000,15210,17380
Non Woven Bag,WH-A4,4C (Front),280mm x 330mm x 80mm,Non Woven 90gsm,White,440mm,Cyan,7000,17745,20275
Non Woven Bag,WH-A4,4C (Front),280mm x 330mm x 80mm,Non Woven 90gsm,White,440mm,Cyan,8000,20279,23169
Non Woven Bag,WH-A4,4C (Front),280mm x 330mm x 80mm,Non Woven 90gsm,White,440mm,Cyan,9000,22815,26065
Non Woven Bag,WH-A4,4C (Front),280mm x 330mm x 80mm,Non Woven 90gsm,White,440mm,Cyan,10000,25350,28960
Non Woven Bag,WH-A4,4C (Front),280mm x 330mm x 80mm,Non Woven 90gsm,White,440mm,Cyan,11000,27884,31854
Non Woven Bag,WH-A4,4C (Front),280mm x 330mm x 80mm,Non Woven 90gsm,White,440mm,Cyan,12000,30419,34749
Non Woven Bag,WH-A4,4C (Front),280mm x 330mm x 80mm,Non Woven 90gsm,White,440mm,Cyan,13000,32954,37644
Non Woven Bag,WH-A4,4C (Front),280mm x 330mm x 80mm,Non Woven 90gsm,White,440mm,Cyan,14000,35489,40539
Non Woven Bag,WH-A4,4C (Front),280mm x 330mm x 80mm,Non Woven 90gsm,White,440mm,Cyan,15000,38024,43434
Non Woven Bag,WH-A4,4C (Front),280mm x 330mm x 80mm,Non Woven 90gsm,White,440mm,Cyan,16000,40558,46328
Non Woven Bag,WH-A4,4C (Front),280mm x 330mm x 80mm,Non Woven 90gsm,White,440mm,Cyan,17000,43094,49224
Non Woven Bag,WH-A4,4C (Front),280mm x 330mm x 80mm,Non Woven 90gsm,White,440mm,Cyan,18000,45628,52118
Non Woven Bag,WH-A4,4C (Front),280mm x 330mm x 80mm,Non Woven 90gsm,White,440mm,Cyan,19000,48164,55014
Non Woven Bag,WH-A4,4C (Front),280mm x 330mm x 80mm,Non Woven 90gsm,White,440mm,Cyan,20000,50698,57908
Non Woven Bag,WH-A4,4C (Front),280mm x 330mm x 80mm,Non Woven 90gsm,White,440mm,Royal Blue,100,308,348
Non Woven Bag,WH-A4,4C (Front),280mm x 330mm x 80mm,Non Woven 90gsm,White,440mm,Royal Blue,200,618,698
Non Woven Bag,WH-A4,4C (Front),280mm x 330mm x 80mm,Non Woven 90gsm,White,440mm,Royal Blue,300,893,1003
Non Woven Bag,WH-A4,4C (Front),280mm x 330mm x 80mm,Non Woven 90gsm,White,440mm,Royal Blue,400,1190,1340
Non Woven Bag,WH-A4,4C (Front),280mm x 330mm x 80mm,Non Woven 90gsm,White,440mm,Royal Blue,500,1322,1512
Non Woven Bag,WH-A4,4C (Front),280mm x 330mm x 80mm,Non Woven 90gsm,White,440mm,Royal Blue,600,1588,1808
Non Woven Bag,WH-A4,4C (Front),280mm x 330mm x 80mm,Non Woven 90gsm,White,440mm,Royal Blue,700,1775,2035
Non Woven Bag,WH-A4,4C (Front),280mm x 330mm x 80mm,Non Woven 90gsm,White,440mm,Royal Blue,800,2028,2318
Non Woven Bag,WH-A4,4C (Front),280mm x 330mm x 80mm,Non Woven 90gsm,White,440mm,Royal Blue,900,2281,2611
Non Woven Bag,WH-A4,4C (Front),280mm x 330mm x 80mm,Non Woven 90gsm,White,440mm,Royal Blue,1000,2536,2906
Non Woven Bag,WH-A4,4C (Front),280mm x 330mm x 80mm,Non Woven 90gsm,White,440mm,Royal Blue,2000,5070,5800
Non Woven Bag,WH-A4,4C (Front),280mm x 330mm x 80mm,Non Woven 90gsm,White,440mm,Royal Blue,3000,7605,8695
Non Woven Bag,WH-A4,4C (Front),280mm x 330mm x 80mm,Non Woven 90gsm,White,440mm,Royal Blue,4000,10140,11590
Non Woven Bag,WH-A4,4C (Front),280mm x 330mm x 80mm,Non Woven 90gsm,White,440mm,Royal Blue,5000,12675,14485
Non Woven Bag,WH-A4,4C (Front),280mm x 330mm x 80mm,Non Woven 90gsm,White,440mm,Royal Blue,6000,15210,17380
Non Woven Bag,WH-A4,4C (Front),280mm x 330mm x 80mm,Non Woven 90gsm,White,440mm,Royal Blue,7000,17745,20275
Non Woven Bag,WH-A4,4C (Front),280mm x 330mm x 80mm,Non Woven 90gsm,White,440mm,Royal Blue,8000,20279,23169
Non Woven Bag,WH-A4,4C (Front),280mm x 330mm x 80mm,Non Woven 90gsm,White,440mm,Royal Blue,9000,22815,26065
Non Woven Bag,WH-A4,4C (Front),280mm x 330mm x 80mm,Non Woven 90gsm,White,440mm,Royal Blue,10000,25350,28960
Non Woven Bag,WH-A4,4C (Front),280mm x 330mm x 80mm,Non Woven 90gsm,White,440mm,Royal Blue,11000,27884,31854
Non Woven Bag,WH-A4,4C (Front),280mm x 330mm x 80mm,Non Woven 90gsm,White,440mm,Royal Blue,12000,30419,34749
Non Woven Bag,WH-A4,4C (Front),280mm x 330mm x 80mm,Non Woven 90gsm,White,440mm,Royal Blue,13000,32954,37644
Non Woven Bag,WH-A4,4C (Front),280mm x 330mm x 80mm,Non Woven 90gsm,White,440mm,Royal Blue,14000,35489,40539
Non Woven Bag,WH-A4,4C (Front),280mm x 330mm x 80mm,Non Woven 90gsm,White,440mm,Royal Blue,15000,38024,43434
Non Woven Bag,WH-A4,4C (Front),280mm x 330mm x 80mm,Non Woven 90gsm,White,440mm,Royal Blue,16000,40558,46328
Non Woven Bag,WH-A4,4C (Front),280mm x 330mm x 80mm,Non Woven 90gsm,White,440mm,Royal Blue,17000,43094,49224
Non Woven Bag,WH-A4,4C (Front),280mm x 330mm x 80mm,Non Woven 90gsm,White,440mm,Royal Blue,18000,45628,52118
Non Woven Bag,WH-A4,4C (Front),280mm x 330mm x 80mm,Non Woven 90gsm,White,440mm,Royal Blue,19000,48164,55014
Non Woven Bag,WH-A4,4C (Front),280mm x 330mm x 80mm,Non Woven 90gsm,White,440mm,Royal Blue,20000,50698,57908
Non Woven Bag,WH-A4,4C (Front),280mm x 330mm x 80mm,Non Woven 90gsm,White,440mm,Navy Blue,100,308,348
Non Woven Bag,WH-A4,4C (Front),280mm x 330mm x 80mm,Non Woven 90gsm,White,440mm,Navy Blue,200,618,698
Non Woven Bag,WH-A4,4C (Front),280mm x 330mm x 80mm,Non Woven 90gsm,White,440mm,Navy Blue,300,893,1003
Non Woven Bag,WH-A4,4C (Front),280mm x 330mm x 80mm,Non Woven 90gsm,White,440mm,Navy Blue,400,1190,1340
Non Woven Bag,WH-A4,4C (Front),280mm x 330mm x 80mm,Non Woven 90gsm,White,440mm,Navy Blue,500,1322,1512
Non Woven Bag,WH-A4,4C (Front),280mm x 330mm x 80mm,Non Woven 90gsm,White,440mm,Navy Blue,600,1588,1808
Non Woven Bag,WH-A4,4C (Front),280mm x 330mm x 80mm,Non Woven 90gsm,White,440mm,Navy Blue,700,1775,2035
Non Woven Bag,WH-A4,4C (Front),280mm x 330mm x 80mm,Non Woven 90gsm,White,440mm,Navy Blue,800,2028,2318
Non Woven Bag,WH-A4,4C (Front),280mm x 330mm x 80mm,Non Woven 90gsm,White,440mm,Navy Blue,900,2281,2611
Non Woven Bag,WH-A4,4C (Front),280mm x 330mm x 80mm,Non Woven 90gsm,White,440mm,Navy Blue,1000,2536,2906
Non Woven Bag,WH-A4,4C (Front),280mm x 330mm x 80mm,Non Woven 90gsm,White,440mm,Navy Blue,2000,5070,5800
Non Woven Bag,WH-A4,4C (Front),280mm x 330mm x 80mm,Non Woven 90gsm,White,440mm,Navy Blue,3000,7605,8695
Non Woven Bag,WH-A4,4C (Front),280mm x 330mm x 80mm,Non Woven 90gsm,White,440mm,Navy Blue,4000,10140,11590
Non Woven Bag,WH-A4,4C (Front),280mm x 330mm x 80mm,Non Woven 90gsm,White,440mm,Navy Blue,5000,12675,14485
Non Woven Bag,WH-A4,4C (Front),280mm x 330mm x 80mm,Non Woven 90gsm,White,440mm,Navy Blue,6000,15210,17380
Non Woven Bag,WH-A4,4C (Front),280mm x 330mm x 80mm,Non Woven 90gsm,White,440mm,Navy Blue,7000,17745,20275
Non Woven Bag,WH-A4,4C (Front),280mm x 330mm x 80mm,Non Woven 90gsm,White,440mm,Navy Blue,8000,20279,23169
Non Woven Bag,WH-A4,4C (Front),280mm x 330mm x 80mm,Non Woven 90gsm,White,440mm,Navy Blue,9000,22815,26065
Non Woven Bag,WH-A4,4C (Front),280mm x 330mm x 80mm,Non Woven 90gsm,White,440mm,Navy Blue,10000,25350,28960
Non Woven Bag,WH-A4,4C (Front),280mm x 330mm x 80mm,Non Woven 90gsm,White,440mm,Navy Blue,11000,27884,31854
Non Woven Bag,WH-A4,4C (Front),280mm x 330mm x 80mm,Non Woven 90gsm,White,440mm,Navy Blue,12000,30419,34749
Non Woven Bag,WH-A4,4C (Front),280mm x 330mm x 80mm,Non Woven 90gsm,White,440mm,Navy Blue,13000,32954,37644
Non Woven Bag,WH-A4,4C (Front),280mm x 330mm x 80mm,Non Woven 90gsm,White,440mm,Navy Blue,14000,35489,40539
Non Woven Bag,WH-A4,4C (Front),280mm x 330mm x 80mm,Non Woven 90gsm,White,440mm,Navy Blue,15000,38024,43434
Non Woven Bag,WH-A4,4C (Front),280mm x 330mm x 80mm,Non Woven 90gsm,White,440mm,Navy Blue,16000,40558,46328
Non Woven Bag,WH-A4,4C (Front),280mm x 330mm x 80mm,Non Woven 90gsm,White,440mm,Navy Blue,17000,43094,49224
Non Woven Bag,WH-A4,4C (Front),280mm x 330mm x 80mm,Non Woven 90gsm,White,440mm,Navy Blue,18000,45628,52118
Non Woven Bag,WH-A4,4C (Front),280mm x 330mm x 80mm,Non Woven 90gsm,White,440mm,Navy Blue,19000,48164,55014
Non Woven Bag,WH-A4,4C (Front),280mm x 330mm x 80mm,Non Woven 90gsm,White,440mm,Navy Blue,20000,50698,57908
Non Woven Bag,WH-A4,4C (Front),280mm x 330mm x 80mm,Non Woven 90gsm,White,440mm,Dark Purple,100,308,348
Non Woven Bag,WH-A4,4C (Front),280mm x 330mm x 80mm,Non Woven 90gsm,White,440mm,Dark Purple,200,618,698
Non Woven Bag,WH-A4,4C (Front),280mm x 330mm x 80mm,Non Woven 90gsm,White,440mm,Dark Purple,300,893,1003
Non Woven Bag,WH-A4,4C (Front),280mm x 330mm x 80mm,Non Woven 90gsm,White,440mm,Dark Purple,400,1190,1340
Non Woven Bag,WH-A4,4C (Front),280mm x 330mm x 80mm,Non Woven 90gsm,White,440mm,Dark Purple,500,1322,1512
Non Woven Bag,WH-A4,4C (Front),280mm x 330mm x 80mm,Non Woven 90gsm,White,440mm,Dark Purple,600,1588,1808
Non Woven Bag,WH-A4,4C (Front),280mm x 330mm x 80mm,Non Woven 90gsm,White,440mm,Dark Purple,700,1775,2035
Non Woven Bag,WH-A4,4C (Front),280mm x 330mm x 80mm,Non Woven 90gsm,White,440mm,Dark Purple,800,2028,2318
Non Woven Bag,WH-A4,4C (Front),280mm x 330mm x 80mm,Non Woven 90gsm,White,440mm,Dark Purple,900,2281,2611
Non Woven Bag,WH-A4,4C (Front),280mm x 330mm x 80mm,Non Woven 90gsm,White,440mm,Dark Purple,1000,2536,2906
Non Woven Bag,WH-A4,4C (Front),280mm x 330mm x 80mm,Non Woven 90gsm,White,440mm,Dark Purple,2000,5070,5800
Non Woven Bag,WH-A4,4C (Front),280mm x 330mm x 80mm,Non Woven 90gsm,White,440mm,Dark Purple,3000,7605,8695
Non Woven Bag,WH-A4,4C (Front),280mm x 330mm x 80mm,Non Woven 90gsm,White,440mm,Dark Purple,4000,10140,11590
Non Woven Bag,WH-A4,4C (Front),280mm x 330mm x 80mm,Non Woven 90gsm,White,440mm,Dark Purple,5000,12675,14485
Non Woven Bag,WH-A4,4C (Front),280mm x 330mm x 80mm,Non Woven 90gsm,White,440mm,Dark Purple,6000,15210,17380
Non Woven Bag,WH-A4,4C (Front),280mm x 330mm x 80mm,Non Woven 90gsm,White,440mm,Dark Purple,7000,17745,20275
Non Woven Bag,WH-A4,4C (Front),280mm x 330mm x 80mm,Non Woven 90gsm,White,440mm,Dark Purple,8000,20279,23169
Non Woven Bag,WH-A4,4C (Front),280mm x 330mm x 80mm,Non Woven 90gsm,White,440mm,Dark Purple,9000,22815,26065
Non Woven Bag,WH-A4,4C (Front),280mm x 330mm x 80mm,Non Woven 90gsm,White,440mm,Dark Purple,10000,25350,28960
Non Woven Bag,WH-A4,4C (Front),280mm x 330mm x 80mm,Non Woven 90gsm,White,440mm,Dark Purple,11000,27884,31854
Non Woven Bag,WH-A4,4C (Front),280mm x 330mm x 80mm,Non Woven 90gsm,White,440mm,Dark Purple,12000,30419,34749
Non Woven Bag,WH-A4,4C (Front),280mm x 330mm x 80mm,Non Woven 90gsm,White,440mm,Dark Purple,13000,32954,37644
Non Woven Bag,WH-A4,4C (Front),280mm x 330mm x 80mm,Non Woven 90gsm,White,440mm,Dark Purple,14000,35489,40539
Non Woven Bag,WH-A4,4C (Front),280mm x 330mm x 80mm,Non Woven 90gsm,White,440mm,Dark Purple,15000,38024,43434
Non Woven Bag,WH-A4,4C (Front),280mm x 330mm x 80mm,Non Woven 90gsm,White,440mm,Dark Purple,16000,40558,46328
Non Woven Bag,WH-A4,4C (Front),280mm x 330mm x 80mm,Non Woven 90gsm,White,440mm,Dark Purple,17000,43094,49224
Non Woven Bag,WH-A4,4C (Front),280mm x 330mm x 80mm,Non Woven 90gsm,White,440mm,Dark Purple,18000,45628,52118
Non Woven Bag,WH-A4,4C (Front),280mm x 330mm x 80mm,Non Woven 90gsm,White,440mm,Dark Purple,19000,48164,55014
Non Woven Bag,WH-A4,4C (Front),280mm x 330mm x 80mm,Non Woven 90gsm,White,440mm,Dark Purple,20000,50698,57908
Non Woven Bag,WH-A4,4C (Front),280mm x 330mm x 80mm,Non Woven 90gsm,White,440mm,Light Brown,100,308,348
Non Woven Bag,WH-A4,4C (Front),280mm x 330mm x 80mm,Non Woven 90gsm,White,440mm,Light Brown,200,618,698
Non Woven Bag,WH-A4,4C (Front),280mm x 330mm x 80mm,Non Woven 90gsm,White,440mm,Light Brown,300,893,1003
Non Woven Bag,WH-A4,4C (Front),280mm x 330mm x 80mm,Non Woven 90gsm,White,440mm,Light Brown,400,1190,1340
Non Woven Bag,WH-A4,4C (Front),280mm x 330mm x 80mm,Non Woven 90gsm,White,440mm,Light Brown,500,1322,1512
Non Woven Bag,WH-A4,4C (Front),280mm x 330mm x 80mm,Non Woven 90gsm,White,440mm,Light Brown,600,1588,1808
Non Woven Bag,WH-A4,4C (Front),280mm x 330mm x 80mm,Non Woven 90gsm,White,440mm,Light Brown,700,1775,2035
Non Woven Bag,WH-A4,4C (Front),280mm x 330mm x 80mm,Non Woven 90gsm,White,440mm,Light Brown,800,2028,2318
Non Woven Bag,WH-A4,4C (Front),280mm x 330mm x 80mm,Non Woven 90gsm,White,440mm,Light Brown,900,2281,2611
Non Woven Bag,WH-A4,4C (Front),280mm x 330mm x 80mm,Non Woven 90gsm,White,440mm,Light Brown,1000,2536,2906
Non Woven Bag,WH-A4,4C (Front),280mm x 330mm x 80mm,Non Woven 90gsm,White,440mm,Light Brown,2000,5070,5800
Non Woven Bag,WH-A4,4C (Front),280mm x 330mm x 80mm,Non Woven 90gsm,White,440mm,Light Brown,3000,7605,8695
Non Woven Bag,WH-A4,4C (Front),280mm x 330mm x 80mm,Non Woven 90gsm,White,440mm,Light Brown,4000,10140,11590
Non Woven Bag,WH-A4,4C (Front),280mm x 330mm x 80mm,Non Woven 90gsm,White,440mm,Light Brown,5000,12675,14485
Non Woven Bag,WH-A4,4C (Front),280mm x 330mm x 80mm,Non Woven 90gsm,White,440mm,Light Brown,6000,15210,17380
Non Woven Bag,WH-A4,4C (Front),280mm x 330mm x 80mm,Non Woven 90gsm,White,440mm,Light Brown,7000,17745,20275
Non Woven Bag,WH-A4,4C (Front),280mm x 330mm x 80mm,Non Woven 90gsm,White,440mm,Light Brown,8000,20279,23169
Non Woven Bag,WH-A4,4C (Front),280mm x 330mm x 80mm,Non Woven 90gsm,White,440mm,Light Brown,9000,22815,26065
Non Woven Bag,WH-A4,4C (Front),280mm x 330mm x 80mm,Non Woven 90gsm,White,440mm,Light Brown,10000,25350,28960
Non Woven Bag,WH-A4,4C (Front),280mm x 330mm x 80mm,Non Woven 90gsm,White,440mm,Light Brown,11000,27884,31854
Non Woven Bag,WH-A4,4C (Front),280mm x 330mm x 80mm,Non Woven 90gsm,White,440mm,Light Brown,12000,30419,34749
Non Woven Bag,WH-A4,4C (Front),280mm x 330mm x 80mm,Non Woven 90gsm,White,440mm,Light Brown,13000,32954,37644
Non Woven Bag,WH-A4,4C (Front),280mm x 330mm x 80mm,Non Woven 90gsm,White,440mm,Light Brown,14000,35489,40539
Non Woven Bag,WH-A4,4C (Front),280mm x 330mm x 80mm,Non Woven 90gsm,White,440mm,Light Brown,15000,38024,43434
Non Woven Bag,WH-A4,4C (Front),280mm x 330mm x 80mm,Non Woven 90gsm,White,440mm,Light Brown,16000,40558,46328
Non Woven Bag,WH-A4,4C (Front),280mm x 330mm x 80mm,Non Woven 90gsm,White,440mm,Light Brown,17000,43094,49224
Non Woven Bag,WH-A4,4C (Front),280mm x 330mm x 80mm,Non Woven 90gsm,White,440mm,Light Brown,18000,45628,52118
Non Woven Bag,WH-A4,4C (Front),280mm x 330mm x 80mm,Non Woven 90gsm,White,440mm,Light Brown,19000,48164,55014
Non Woven Bag,WH-A4,4C (Front),280mm x 330mm x 80mm,Non Woven 90gsm,White,440mm,Light Brown,20000,50698,57908
Non Woven Bag,WH-A4,4C (Front),280mm x 330mm x 80mm,Non Woven 90gsm,White,440mm,Dark Brown,100,308,348
Non Woven Bag,WH-A4,4C (Front),280mm x 330mm x 80mm,Non Woven 90gsm,White,440mm,Dark Brown,200,618,698
Non Woven Bag,WH-A4,4C (Front),280mm x 330mm x 80mm,Non Woven 90gsm,White,440mm,Dark Brown,300,893,1003
Non Woven Bag,WH-A4,4C (Front),280mm x 330mm x 80mm,Non Woven 90gsm,White,440mm,Dark Brown,400,1190,1340
Non Woven Bag,WH-A4,4C (Front),280mm x 330mm x 80mm,Non Woven 90gsm,White,440mm,Dark Brown,500,1322,1512
Non Woven Bag,WH-A4,4C (Front),280mm x 330mm x 80mm,Non Woven 90gsm,White,440mm,Dark Brown,600,1588,1808
Non Woven Bag,WH-A4,4C (Front),280mm x 330mm x 80mm,Non Woven 90gsm,White,440mm,Dark Brown,700,1775,2035
Non Woven Bag,WH-A4,4C (Front),280mm x 330mm x 80mm,Non Woven 90gsm,White,440mm,Dark Brown,800,2028,2318
Non Woven Bag,WH-A4,4C (Front),280mm x 330mm x 80mm,Non Woven 90gsm,White,440mm,Dark Brown,900,2281,2611
Non Woven Bag,WH-A4,4C (Front),280mm x 330mm x 80mm,Non Woven 90gsm,White,440mm,Dark Brown,1000,2536,2906
Non Woven Bag,WH-A4,4C (Front),280mm x 330mm x 80mm,Non Woven 90gsm,White,440mm,Dark Brown,2000,5070,5800
Non Woven Bag,WH-A4,4C (Front),280mm x 330mm x 80mm,Non Woven 90gsm,White,440mm,Dark Brown,3000,7605,8695
Non Woven Bag,WH-A4,4C (Front),280mm x 330mm x 80mm,Non Woven 90gsm,White,440mm,Dark Brown,4000,10140,11590
Non Woven Bag,WH-A4,4C (Front),280mm x 330mm x 80mm,Non Woven 90gsm,White,440mm,Dark Brown,5000,12675,14485
Non Woven Bag,WH-A4,4C (Front),280mm x 330mm x 80mm,Non Woven 90gsm,White,440mm,Dark Brown,6000,15210,17380
Non Woven Bag,WH-A4,4C (Front),280mm x 330mm x 80mm,Non Woven 90gsm,White,440mm,Dark Brown,7000,17745,20275
Non Woven Bag,WH-A4,4C (Front),280mm x 330mm x 80mm,Non Woven 90gsm,White,440mm,Dark Brown,8000,20279,23169
Non Woven Bag,WH-A4,4C (Front),280mm x 330mm x 80mm,Non Woven 90gsm,White,440mm,Dark Brown,9000,22815,26065
Non Woven Bag,WH-A4,4C (Front),280mm x 330mm x 80mm,Non Woven 90gsm,White,440mm,Dark Brown,10000,25350,28960
Non Woven Bag,WH-A4,4C (Front),280mm x 330mm x 80mm,Non Woven 90gsm,White,440mm,Dark Brown,11000,27884,31854
Non Woven Bag,WH-A4,4C (Front),280mm x 330mm x 80mm,Non Woven 90gsm,White,440mm,Dark Brown,12000,30419,34749
Non Woven Bag,WH-A4,4C (Front),280mm x 330mm x 80mm,Non Woven 90gsm,White,440mm,Dark Brown,13000,32954,37644
Non Woven Bag,WH-A4,4C (Front),280mm x 330mm x 80mm,Non Woven 90gsm,White,440mm,Dark Brown,14000,35489,40539
Non Woven Bag,WH-A4,4C (Front),280mm x 330mm x 80mm,Non Woven 90gsm,White,440mm,Dark Brown,15000,38024,43434
Non Woven Bag,WH-A4,4C (Front),280mm x 330mm x 80mm,Non Woven 90gsm,White,440mm,Dark Brown,16000,40558,46328
Non Woven Bag,WH-A4,4C (Front),280mm x 330mm x 80mm,Non Woven 90gsm,White,440mm,Dark Brown,17000,43094,49224
Non Woven Bag,WH-A4,4C (Front),280mm x 330mm x 80mm,Non Woven 90gsm,White,440mm,Dark Brown,18000,45628,52118
Non Woven Bag,WH-A4,4C (Front),280mm x 330mm x 80mm,Non Woven 90gsm,White,440mm,Dark Brown,19000,48164,55014
Non Woven Bag,WH-A4,4C (Front),280mm x 330mm x 80mm,Non Woven 90gsm,White,440mm,Dark Brown,20000,50698,57908
Non Woven Bag,WH-A4,4C (Front),280mm x 330mm x 80mm,Non Woven 90gsm,White,440mm,Grey,100,308,348
Non Woven Bag,WH-A4,4C (Front),280mm x 330mm x 80mm,Non Woven 90gsm,White,440mm,Grey,200,618,698
Non Woven Bag,WH-A4,4C (Front),280mm x 330mm x 80mm,Non Woven 90gsm,White,440mm,Grey,300,893,1003
Non Woven Bag,WH-A4,4C (Front),280mm x 330mm x 80mm,Non Woven 90gsm,White,440mm,Grey,400,1190,1340
Non Woven Bag,WH-A4,4C (Front),280mm x 330mm x 80mm,Non Woven 90gsm,White,440mm,Grey,500,1322,1512
Non Woven Bag,WH-A4,4C (Front),280mm x 330mm x 80mm,Non Woven 90gsm,White,440mm,Grey,600,1588,1808
Non Woven Bag,WH-A4,4C (Front),280mm x 330mm x 80mm,Non Woven 90gsm,White,440mm,Grey,700,1775,2035
Non Woven Bag,WH-A4,4C (Front),280mm x 330mm x 80mm,Non Woven 90gsm,White,440mm,Grey,800,2028,2318
Non Woven Bag,WH-A4,4C (Front),280mm x 330mm x 80mm,Non Woven 90gsm,White,440mm,Grey,900,2281,2611
Non Woven Bag,WH-A4,4C (Front),280mm x 330mm x 80mm,Non Woven 90gsm,White,440mm,Grey,1000,2536,2906
Non Woven Bag,WH-A4,4C (Front),280mm x 330mm x 80mm,Non Woven 90gsm,White,440mm,Grey,2000,5070,5800
Non Woven Bag,WH-A4,4C (Front),280mm x 330mm x 80mm,Non Woven 90gsm,White,440mm,Grey,3000,7605,8695
Non Woven Bag,WH-A4,4C (Front),280mm x 330mm x 80mm,Non Woven 90gsm,White,440mm,Grey,4000,10140,11590
Non Woven Bag,WH-A4,4C (Front),280mm x 330mm x 80mm,Non Woven 90gsm,White,440mm,Grey,5000,12675,14485
Non Woven Bag,WH-A4,4C (Front),280mm x 330mm x 80mm,Non Woven 90gsm,White,440mm,Grey,6000,15210,17380
Non Woven Bag,WH-A4,4C (Front),280mm x 330mm x 80mm,Non Woven 90gsm,White,440mm,Grey,7000,17745,20275
Non Woven Bag,WH-A4,4C (Front),280mm x 330mm x 80mm,Non Woven 90gsm,White,440mm,Grey,8000,20279,23169
Non Woven Bag,WH-A4,4C (Front),280mm x 330mm x 80mm,Non Woven 90gsm,White,440mm,Grey,9000,22815,26065
Non Woven Bag,WH-A4,4C (Front),280mm x 330mm x 80mm,Non Woven 90gsm,White,440mm,Grey,10000,25350,28960
Non Woven Bag,WH-A4,4C (Front),280mm x 330mm x 80mm,Non Woven 90gsm,White,440mm,Grey,11000,27884,31854
Non Woven Bag,WH-A4,4C (Front),280mm x 330mm x 80mm,Non Woven 90gsm,White,440mm,Grey,12000,30419,34749
Non Woven Bag,WH-A4,4C (Front),280mm x 330mm x 80mm,Non Woven 90gsm,White,440mm,Grey,13000,32954,37644
Non Woven Bag,WH-A4,4C (Front),280mm x 330mm x 80mm,Non Woven 90gsm,White,440mm,Grey,14000,35489,40539
Non Woven Bag,WH-A4,4C (Front),280mm x 330mm x 80mm,Non Woven 90gsm,White,440mm,Grey,15000,38024,43434
Non Woven Bag,WH-A4,4C (Front),280mm x 330mm x 80mm,Non Woven 90gsm,White,440mm,Grey,16000,40558,46328
Non Woven Bag,WH-A4,4C (Front),280mm x 330mm x 80mm,Non Woven 90gsm,White,440mm,Grey,17000,43094,49224
Non Woven Bag,WH-A4,4C (Front),280mm x 330mm x 80mm,Non Woven 90gsm,White,440mm,Grey,18000,45628,52118
Non Woven Bag,WH-A4,4C (Front),280mm x 330mm x 80mm,Non Woven 90gsm,White,440mm,Grey,19000,48164,55014
Non Woven Bag,WH-A4,4C (Front),280mm x 330mm x 80mm,Non Woven 90gsm,White,440mm,Grey,20000,50698,57908
Non Woven Bag,WH-A4,4C (Both),280mm x 330mm x 80mm,Non Woven 90gsm,White,440mm,Black,100,470,510
Non Woven Bag,WH-A4,4C (Both),280mm x 330mm x 80mm,Non Woven 90gsm,White,440mm,Black,200,878,958
Non Woven Bag,WH-A4,4C (Both),280mm x 330mm x 80mm,Non Woven 90gsm,White,440mm,Black,300,1177,1287
Non Woven Bag,WH-A4,4C (Both),280mm x 330mm x 80mm,Non Woven 90gsm,White,440mm,Black,400,1569,1719
Non Woven Bag,WH-A4,4C (Both),280mm x 330mm x 80mm,Non Woven 90gsm,White,440mm,Black,500,1960,2150
Non Woven Bag,WH-A4,4C (Both),280mm x 330mm x 80mm,Non Woven 90gsm,White,440mm,Black,600,2354,2574
Non Woven Bag,WH-A4,4C (Both),280mm x 330mm x 80mm,Non Woven 90gsm,White,440mm,Black,700,2746,3006
Non Woven Bag,WH-A4,4C (Both),280mm x 330mm x 80mm,Non Woven 90gsm,White,440mm,Black,800,2962,3252
Non Woven Bag,WH-A4,4C (Both),280mm x 330mm x 80mm,Non Woven 90gsm,White,440mm,Black,900,3332,3662
Non Woven Bag,WH-A4,4C (Both),280mm x 330mm x 80mm,Non Woven 90gsm,White,440mm,Black,1000,3702,4072
Non Woven Bag,WH-A4,4C (Both),280mm x 330mm x 80mm,Non Woven 90gsm,White,440mm,Black,2000,7404,8134
Non Woven Bag,WH-A4,4C (Both),280mm x 330mm x 80mm,Non Woven 90gsm,White,440mm,Black,3000,11105,12195
Non Woven Bag,WH-A4,4C (Both),280mm x 330mm x 80mm,Non Woven 90gsm,White,440mm,Black,4000,14807,16257
Non Woven Bag,WH-A4,4C (Both),280mm x 330mm x 80mm,Non Woven 90gsm,White,440mm,Black,5000,18508,20318
Non Woven Bag,WH-A4,4C (Both),280mm x 330mm x 80mm,Non Woven 90gsm,White,440mm,Black,6000,22210,24380
Non Woven Bag,WH-A4,4C (Both),280mm x 330mm x 80mm,Non Woven 90gsm,White,440mm,Black,7000,25911,28441
Non Woven Bag,WH-A4,4C (Both),280mm x 330mm x 80mm,Non Woven 90gsm,White,440mm,Black,8000,29613,32503
Non Woven Bag,WH-A4,4C (Both),280mm x 330mm x 80mm,Non Woven 90gsm,White,440mm,Black,9000,33315,36565
Non Woven Bag,WH-A4,4C (Both),280mm x 330mm x 80mm,Non Woven 90gsm,White,440mm,Black,10000,37016,40626
Non Woven Bag,WH-A4,4C (Both),280mm x 330mm x 80mm,Non Woven 90gsm,White,440mm,Black,11000,40718,44688
Non Woven Bag,WH-A4,4C (Both),280mm x 330mm x 80mm,Non Woven 90gsm,White,440mm,Black,12000,44419,48749
Non Woven Bag,WH-A4,4C (Both),280mm x 330mm x 80mm,Non Woven 90gsm,White,440mm,Black,13000,48121,52811
Non Woven Bag,WH-A4,4C (Both),280mm x 330mm x 80mm,Non Woven 90gsm,White,440mm,Black,14000,51822,56872
Non Woven Bag,WH-A4,4C (Both),280mm x 330mm x 80mm,Non Woven 90gsm,White,440mm,Black,15000,55524,60934
Non Woven Bag,WH-A4,4C (Both),280mm x 330mm x 80mm,Non Woven 90gsm,White,440mm,Black,16000,59226,64996
Non Woven Bag,WH-A4,4C (Both),280mm x 330mm x 80mm,Non Woven 90gsm,White,440mm,Black,17000,62927,69057
Non Woven Bag,WH-A4,4C (Both),280mm x 330mm x 80mm,Non Woven 90gsm,White,440mm,Black,18000,66628,73118
Non Woven Bag,WH-A4,4C (Both),280mm x 330mm x 80mm,Non Woven 90gsm,White,440mm,Black,19000,70331,77181
Non Woven Bag,WH-A4,4C (Both),280mm x 330mm x 80mm,Non Woven 90gsm,White,440mm,Black,20000,74032,81242
Non Woven Bag,WH-A4,4C (Both),280mm x 330mm x 80mm,Non Woven 90gsm,White,440mm,White,100,470,510
Non Woven Bag,WH-A4,4C (Both),280mm x 330mm x 80mm,Non Woven 90gsm,White,440mm,White,200,878,958
Non Woven Bag,WH-A4,4C (Both),280mm x 330mm x 80mm,Non Woven 90gsm,White,440mm,White,300,1177,1287
Non Woven Bag,WH-A4,4C (Both),280mm x 330mm x 80mm,Non Woven 90gsm,White,440mm,White,400,1569,1719
Non Woven Bag,WH-A4,4C (Both),280mm x 330mm x 80mm,Non Woven 90gsm,White,440mm,White,500,1960,2150
Non Woven Bag,WH-A4,4C (Both),280mm x 330mm x 80mm,Non Woven 90gsm,White,440mm,White,600,2354,2574
Non Woven Bag,WH-A4,4C (Both),280mm x 330mm x 80mm,Non Woven 90gsm,White,440mm,White,700,2746,3006
Non Woven Bag,WH-A4,4C (Both),280mm x 330mm x 80mm,Non Woven 90gsm,White,440mm,White,800,2962,3252
Non Woven Bag,WH-A4,4C (Both),280mm x 330mm x 80mm,Non Woven 90gsm,White,440mm,White,900,3332,3662
Non Woven Bag,WH-A4,4C (Both),280mm x 330mm x 80mm,Non Woven 90gsm,White,440mm,White,1000,3702,4072
Non Woven Bag,WH-A4,4C (Both),280mm x 330mm x 80mm,Non Woven 90gsm,White,440mm,White,2000,7404,8134
Non Woven Bag,WH-A4,4C (Both),280mm x 330mm x 80mm,Non Woven 90gsm,White,440mm,White,3000,11105,12195
Non Woven Bag,WH-A4,4C (Both),280mm x 330mm x 80mm,Non Woven 90gsm,White,440mm,White,4000,14807,16257
Non Woven Bag,WH-A4,4C (Both),280mm x 330mm x 80mm,Non Woven 90gsm,White,440mm,White,5000,18508,20318
Non Woven Bag,WH-A4,4C (Both),280mm x 330mm x 80mm,Non Woven 90gsm,White,440mm,White,6000,22210,24380
Non Woven Bag,WH-A4,4C (Both),280mm x 330mm x 80mm,Non Woven 90gsm,White,440mm,White,7000,25911,28441
Non Woven Bag,WH-A4,4C (Both),280mm x 330mm x 80mm,Non Woven 90gsm,White,440mm,White,8000,29613,32503
Non Woven Bag,WH-A4,4C (Both),280mm x 330mm x 80mm,Non Woven 90gsm,White,440mm,White,9000,33315,36565
Non Woven Bag,WH-A4,4C (Both),280mm x 330mm x 80mm,Non Woven 90gsm,White,440mm,White,10000,37016,40626
Non Woven Bag,WH-A4,4C (Both),280mm x 330mm x 80mm,Non Woven 90gsm,White,440mm,White,11000,40718,44688
Non Woven Bag,WH-A4,4C (Both),280mm x 330mm x 80mm,Non Woven 90gsm,White,440mm,White,12000,44419,48749
Non Woven Bag,WH-A4,4C (Both),280mm x 330mm x 80mm,Non Woven 90gsm,White,440mm,White,13000,48121,52811
Non Woven Bag,WH-A4,4C (Both),280mm x 330mm x 80mm,Non Woven 90gsm,White,440mm,White,14000,51822,56872
Non Woven Bag,WH-A4,4C (Both),280mm x 330mm x 80mm,Non Woven 90gsm,White,440mm,White,15000,55524,60934
Non Woven Bag,WH-A4,4C (Both),280mm x 330mm x 80mm,Non Woven 90gsm,White,440mm,White,16000,59226,64996
Non Woven Bag,WH-A4,4C (Both),280mm x 330mm x 80mm,Non Woven 90gsm,White,440mm,White,17000,62927,69057
Non Woven Bag,WH-A4,4C (Both),280mm x 330mm x 80mm,Non Woven 90gsm,White,440mm,White,18000,66628,73118
Non Woven Bag,WH-A4,4C (Both),280mm x 330mm x 80mm,Non Woven 90gsm,White,440mm,White,19000,70331,77181
Non Woven Bag,WH-A4,4C (Both),280mm x 330mm x 80mm,Non Woven 90gsm,White,440mm,White,20000,74032,81242
Non Woven Bag,WH-A4,4C (Both),280mm x 330mm x 80mm,Non Woven 90gsm,White,440mm,Beige,100,470,510
Non Woven Bag,WH-A4,4C (Both),280mm x 330mm x 80mm,Non Woven 90gsm,White,440mm,Beige,200,878,958
Non Woven Bag,WH-A4,4C (Both),280mm x 330mm x 80mm,Non Woven 90gsm,White,440mm,Beige,300,1177,1287
Non Woven Bag,WH-A4,4C (Both),280mm x 330mm x 80mm,Non Woven 90gsm,White,440mm,Beige,400,1569,1719
Non Woven Bag,WH-A4,4C (Both),280mm x 330mm x 80mm,Non Woven 90gsm,White,440mm,Beige,500,1960,2150
Non Woven Bag,WH-A4,4C (Both),280mm x 330mm x 80mm,Non Woven 90gsm,White,440mm,Beige,600,2354,2574
Non Woven Bag,WH-A4,4C (Both),280mm x 330mm x 80mm,Non Woven 90gsm,White,440mm,Beige,700,2746,3006
Non Woven Bag,WH-A4,4C (Both),280mm x 330mm x 80mm,Non Woven 90gsm,White,440mm,Beige,800,2962,3252
Non Woven Bag,WH-A4,4C (Both),280mm x 330mm x 80mm,Non Woven 90gsm,White,440mm,Beige,900,3332,3662
Non Woven Bag,WH-A4,4C (Both),280mm x 330mm x 80mm,Non Woven 90gsm,White,440mm,Beige,1000,3702,4072
Non Woven Bag,WH-A4,4C (Both),280mm x 330mm x 80mm,Non Woven 90gsm,White,440mm,Beige,2000,7404,8134
Non Woven Bag,WH-A4,4C (Both),280mm x 330mm x 80mm,Non Woven 90gsm,White,440mm,Beige,3000,11105,12195
Non Woven Bag,WH-A4,4C (Both),280mm x 330mm x 80mm,Non Woven 90gsm,White,440mm,Beige,4000,14807,16257
Non Woven Bag,WH-A4,4C (Both),280mm x 330mm x 80mm,Non Woven 90gsm,White,440mm,Beige,5000,18508,20318
Non Woven Bag,WH-A4,4C (Both),280mm x 330mm x 80mm,Non Woven 90gsm,White,440mm,Beige,6000,22210,24380
Non Woven Bag,WH-A4,4C (Both),280mm x 330mm x 80mm,Non Woven 90gsm,White,440mm,Beige,7000,25911,28441
Non Woven Bag,WH-A4,4C (Both),280mm x 330mm x 80mm,Non Woven 90gsm,White,440mm,Beige,8000,29613,32503
Non Woven Bag,WH-A4,4C (Both),280mm x 330mm x 80mm,Non Woven 90gsm,White,440mm,Beige,9000,33315,36565
Non Woven Bag,WH-A4,4C (Both),280mm x 330mm x 80mm,Non Woven 90gsm,White,440mm,Beige,10000,37016,40626
Non Woven Bag,WH-A4,4C (Both),280mm x 330mm x 80mm,Non Woven 90gsm,White,440mm,Beige,11000,40718,44688
Non Woven Bag,WH-A4,4C (Both),280mm x 330mm x 80mm,Non Woven 90gsm,White,440mm,Beige,12000,44419,48749
Non Woven Bag,WH-A4,4C (Both),280mm x 330mm x 80mm,Non Woven 90gsm,White,440mm,Beige,13000,48121,52811
Non Woven Bag,WH-A4,4C (Both),280mm x 330mm x 80mm,Non Woven 90gsm,White,440mm,Beige,14000,51822,56872
Non Woven Bag,WH-A4,4C (Both),280mm x 330mm x 80mm,Non Woven 90gsm,White,440mm,Beige,15000,55524,60934
Non Woven Bag,WH-A4,4C (Both),280mm x 330mm x 80mm,Non Woven 90gsm,White,440mm,Beige,16000,59226,64996
Non Woven Bag,WH-A4,4C (Both),280mm x 330mm x 80mm,Non Woven 90gsm,White,440mm,Beige,17000,62927,69057
Non Woven Bag,WH-A4,4C (Both),280mm x 330mm x 80mm,Non Woven 90gsm,White,440mm,Beige,18000,66628,73118
Non Woven Bag,WH-A4,4C (Both),280mm x 330mm x 80mm,Non Woven 90gsm,White,440mm,Beige,19000,70331,77181
Non Woven Bag,WH-A4,4C (Both),280mm x 330mm x 80mm,Non Woven 90gsm,White,440mm,Beige,20000,74032,81242
Non Woven Bag,WH-A4,4C (Both),280mm x 330mm x 80mm,Non Woven 90gsm,White,440mm,Orange,100,470,510
Non Woven Bag,WH-A4,4C (Both),280mm x 330mm x 80mm,Non Woven 90gsm,White,440mm,Orange,200,878,958
Non Woven Bag,WH-A4,4C (Both),280mm x 330mm x 80mm,Non Woven 90gsm,White,440mm,Orange,300,1177,1287
Non Woven Bag,WH-A4,4C (Both),280mm x 330mm x 80mm,Non Woven 90gsm,White,440mm,Orange,400,1569,1719
Non Woven Bag,WH-A4,4C (Both),280mm x 330mm x 80mm,Non Woven 90gsm,White,440mm,Orange,500,1960,2150
Non Woven Bag,WH-A4,4C (Both),280mm x 330mm x 80mm,Non Woven 90gsm,White,440mm,Orange,600,2354,2574
Non Woven Bag,WH-A4,4C (Both),280mm x 330mm x 80mm,Non Woven 90gsm,White,440mm,Orange,700,2746,3006
Non Woven Bag,WH-A4,4C (Both),280mm x 330mm x 80mm,Non Woven 90gsm,White,440mm,Orange,800,2962,3252
Non Woven Bag,WH-A4,4C (Both),280mm x 330mm x 80mm,Non Woven 90gsm,White,440mm,Orange,900,3332,3662
Non Woven Bag,WH-A4,4C (Both),280mm x 330mm x 80mm,Non Woven 90gsm,White,440mm,Orange,1000,3702,4072
Non Woven Bag,WH-A4,4C (Both),280mm x 330mm x 80mm,Non Woven 90gsm,White,440mm,Orange,2000,7404,8134
Non Woven Bag,WH-A4,4C (Both),280mm x 330mm x 80mm,Non Woven 90gsm,White,440mm,Orange,3000,11105,12195
Non Woven Bag,WH-A4,4C (Both),280mm x 330mm x 80mm,Non Woven 90gsm,White,440mm,Orange,4000,14807,16257
Non Woven Bag,WH-A4,4C (Both),280mm x 330mm x 80mm,Non Woven 90gsm,White,440mm,Orange,5000,18508,20318
Non Woven Bag,WH-A4,4C (Both),280mm x 330mm x 80mm,Non Woven 90gsm,White,440mm,Orange,6000,22210,24380
Non Woven Bag,WH-A4,4C (Both),280mm x 330mm x 80mm,Non Woven 90gsm,White,440mm,Orange,7000,25911,28441
Non Woven Bag,WH-A4,4C (Both),280mm x 330mm x 80mm,Non Woven 90gsm,White,440mm,Orange,8000,29613,32503
Non Woven Bag,WH-A4,4C (Both),280mm x 330mm x 80mm,Non Woven 90gsm,White,440mm,Orange,9000,33315,36565
Non Woven Bag,WH-A4,4C (Both),280mm x 330mm x 80mm,Non Woven 90gsm,White,440mm,Orange,10000,37016,40626
Non Woven Bag,WH-A4,4C (Both),280mm x 330mm x 80mm,Non Woven 90gsm,White,440mm,Orange,11000,40718,44688
Non Woven Bag,WH-A4,4C (Both),280mm x 330mm x 80mm,Non Woven 90gsm,White,440mm,Orange,12000,44419,48749
Non Woven Bag,WH-A4,4C (Both),280mm x 330mm x 80mm,Non Woven 90gsm,White,440mm,Orange,13000,48121,52811
Non Woven Bag,WH-A4,4C (Both),280mm x 330mm x 80mm,Non Woven 90gsm,White,440mm,Orange,14000,51822,56872
Non Woven Bag,WH-A4,4C (Both),280mm x 330mm x 80mm,Non Woven 90gsm,White,440mm,Orange,15000,55524,60934
Non Woven Bag,WH-A4,4C (Both),280mm x 330mm x 80mm,Non Woven 90gsm,White,440mm,Orange,16000,59226,64996
Non Woven Bag,WH-A4,4C (Both),280mm x 330mm x 80mm,Non Woven 90gsm,White,440mm,Orange,17000,62927,69057
Non Woven Bag,WH-A4,4C (Both),280mm x 330mm x 80mm,Non Woven 90gsm,White,440mm,Orange,18000,66628,73118
Non Woven Bag,WH-A4,4C (Both),280mm x 330mm x 80mm,Non Woven 90gsm,White,440mm,Orange,19000,70331,77181
Non Woven Bag,WH-A4,4C (Both),280mm x 330mm x 80mm,Non Woven 90gsm,White,440mm,Orange,20000,74032,81242
Non Woven Bag,WH-A4,4C (Both),280mm x 330mm x 80mm,Non Woven 90gsm,White,440mm,Dark Orange,100,470,510
Non Woven Bag,WH-A4,4C (Both),280mm x 330mm x 80mm,Non Woven 90gsm,White,440mm,Dark Orange,200,878,958
Non Woven Bag,WH-A4,4C (Both),280mm x 330mm x 80mm,Non Woven 90gsm,White,440mm,Dark Orange,300,1177,1287
Non Woven Bag,WH-A4,4C (Both),280mm x 330mm x 80mm,Non Woven 90gsm,White,440mm,Dark Orange,400,1569,1719
Non Woven Bag,WH-A4,4C (Both),280mm x 330mm x 80mm,Non Woven 90gsm,White,440mm,Dark Orange,500,1960,2150
Non Woven Bag,WH-A4,4C (Both),280mm x 330mm x 80mm,Non Woven 90gsm,White,440mm,Dark Orange,600,2354,2574
Non Woven Bag,WH-A4,4C (Both),280mm x 330mm x 80mm,Non Woven 90gsm,White,440mm,Dark Orange,700,2746,3006
Non Woven Bag,WH-A4,4C (Both),280mm x 330mm x 80mm,Non Woven 90gsm,White,440mm,Dark Orange,800,2962,3252
Non Woven Bag,WH-A4,4C (Both),280mm x 330mm x 80mm,Non Woven 90gsm,White,440mm,Dark Orange,900,3332,3662
Non Woven Bag,WH-A4,4C (Both),280mm x 330mm x 80mm,Non Woven 90gsm,White,440mm,Dark Orange,1000,3702,4072
Non Woven Bag,WH-A4,4C (Both),280mm x 330mm x 80mm,Non Woven 90gsm,White,440mm,Dark Orange,2000,7404,8134
Non Woven Bag,WH-A4,4C (Both),280mm x 330mm x 80mm,Non Woven 90gsm,White,440mm,Dark Orange,3000,11105,12195
Non Woven Bag,WH-A4,4C (Both),280mm x 330mm x 80mm,Non Woven 90gsm,White,440mm,Dark Orange,4000,14807,16257
Non Woven Bag,WH-A4,4C (Both),280mm x 330mm x 80mm,Non Woven 90gsm,White,440mm,Dark Orange,5000,18508,20318
Non Woven Bag,WH-A4,4C (Both),280mm x 330mm x 80mm,Non Woven 90gsm,White,440mm,Dark Orange,6000,22210,24380
Non Woven Bag,WH-A4,4C (Both),280mm x 330mm x 80mm,Non Woven 90gsm,White,440mm,Dark Orange,7000,25911,28441
Non Woven Bag,WH-A4,4C (Both),280mm x 330mm x 80mm,Non Woven 90gsm,White,440mm,Dark Orange,8000,29613,32503
Non Woven Bag,WH-A4,4C (Both),280mm x 330mm x 80mm,Non Woven 90gsm,White,440mm,Dark Orange,9000,33315,36565
Non Woven Bag,WH-A4,4C (Both),280mm x 330mm x 80mm,Non Woven 90gsm,White,440mm,Dark Orange,10000,37016,40626
Non Woven Bag,WH-A4,4C (Both),280mm x 330mm x 80mm,Non Woven 90gsm,White,440mm,Dark Orange,11000,40718,44688
Non Woven Bag,WH-A4,4C (Both),280mm x 330mm x 80mm,Non Woven 90gsm,White,440mm,Dark Orange,12000,44419,48749
Non Woven Bag,WH-A4,4C (Both),280mm x 330mm x 80mm,Non Woven 90gsm,White,440mm,Dark Orange,13000,48121,52811
Non Woven Bag,WH-A4,4C (Both),280mm x 330mm x 80mm,Non Woven 90gsm,White,440mm,Dark Orange,14000,51822,56872
Non Woven Bag,WH-A4,4C (Both),280mm x 330mm x 80mm,Non Woven 90gsm,White,440mm,Dark Orange,15000,55524,60934
Non Woven Bag,WH-A4,4C (Both),280mm x 330mm x 80mm,Non Woven 90gsm,White,440mm,Dark Orange,16000,59226,64996
Non Woven Bag,WH-A4,4C (Both),280mm x 330mm x 80mm,Non Woven 90gsm,White,440mm,Dark Orange,17000,62927,69057
Non Woven Bag,WH-A4,4C (Both),280mm x 330mm x 80mm,Non Woven 90gsm,White,440mm,Dark Orange,18000,66628,73118
Non Woven Bag,WH-A4,4C (Both),280mm x 330mm x 80mm,Non Woven 90gsm,White,440mm,Dark Orange,19000,70331,77181
Non Woven Bag,WH-A4,4C (Both),280mm x 330mm x 80mm,Non Woven 90gsm,White,440mm,Dark Orange,20000,74032,81242
Non Woven Bag,WH-A4,4C (Both),280mm x 330mm x 80mm,Non Woven 90gsm,White,440mm,Magenta,100,470,510
Non Woven Bag,WH-A4,4C (Both),280mm x 330mm x 80mm,Non Woven 90gsm,White,440mm,Magenta,200,878,958
Non Woven Bag,WH-A4,4C (Both),280mm x 330mm x 80mm,Non Woven 90gsm,White,440mm,Magenta,300,1177,1287
Non Woven Bag,WH-A4,4C (Both),280mm x 330mm x 80mm,Non Woven 90gsm,White,440mm,Magenta,400,1569,1719
Non Woven Bag,WH-A4,4C (Both),280mm x 330mm x 80mm,Non Woven 90gsm,White,440mm,Magenta,500,1960,2150
Non Woven Bag,WH-A4,4C (Both),280mm x 330mm x 80mm,Non Woven 90gsm,White,440mm,Magenta,600,2354,2574
Non Woven Bag,WH-A4,4C (Both),280mm x 330mm x 80mm,Non Woven 90gsm,White,440mm,Magenta,700,2746,3006
Non Woven Bag,WH-A4,4C (Both),280mm x 330mm x 80mm,Non Woven 90gsm,White,440mm,Magenta,800,2962,3252
Non Woven Bag,WH-A4,4C (Both),280mm x 330mm x 80mm,Non Woven 90gsm,White,440mm,Magenta,900,3332,3662
Non Woven Bag,WH-A4,4C (Both),280mm x 330mm x 80mm,Non Woven 90gsm,White,440mm,Magenta,1000,3702,4072
Non Woven Bag,WH-A4,4C (Both),280mm x 330mm x 80mm,Non Woven 90gsm,White,440mm,Magenta,2000,7404,8134
Non Woven Bag,WH-A4,4C (Both),280mm x 330mm x 80mm,Non Woven 90gsm,White,440mm,Magenta,3000,11105,12195
Non Woven Bag,WH-A4,4C (Both),280mm x 330mm x 80mm,Non Woven 90gsm,White,440mm,Magenta,4000,14807,16257
Non Woven Bag,WH-A4,4C (Both),280mm x 330mm x 80mm,Non Woven 90gsm,White,440mm,Magenta,5000,18508,20318
Non Woven Bag,WH-A4,4C (Both),280mm x 330mm x 80mm,Non Woven 90gsm,White,440mm,Magenta,6000,22210,24380
Non Woven Bag,WH-A4,4C (Both),280mm x 330mm x 80mm,Non Woven 90gsm,White,440mm,Magenta,7000,25911,28441
Non Woven Bag,WH-A4,4C (Both),280mm x 330mm x 80mm,Non Woven 90gsm,White,440mm,Magenta,8000,29613,32503
Non Woven Bag,WH-A4,4C (Both),280mm x 330mm x 80mm,Non Woven 90gsm,White,440mm,Magenta,9000,33315,36565
Non Woven Bag,WH-A4,4C (Both),280mm x 330mm x 80mm,Non Woven 90gsm,White,440mm,Magenta,10000,37016,40626
Non Woven Bag,WH-A4,4C (Both),280mm x 330mm x 80mm,Non Woven 90gsm,White,440mm,Magenta,11000,40718,44688
Non Woven Bag,WH-A4,4C (Both),280mm x 330mm x 80mm,Non Woven 90gsm,White,440mm,Magenta,12000,44419,48749
Non Woven Bag,WH-A4,4C (Both),280mm x 330mm x 80mm,Non Woven 90gsm,White,440mm,Magenta,13000,48121,52811
Non Woven Bag,WH-A4,4C (Both),280mm x 330mm x 80mm,Non Woven 90gsm,White,440mm,Magenta,14000,51822,56872
Non Woven Bag,WH-A4,4C (Both),280mm x 330mm x 80mm,Non Woven 90gsm,White,440mm,Magenta,15000,55524,60934
Non Woven Bag,WH-A4,4C (Both),280mm x 330mm x 80mm,Non Woven 90gsm,White,440mm,Magenta,16000,59226,64996
Non Woven Bag,WH-A4,4C (Both),280mm x 330mm x 80mm,Non Woven 90gsm,White,440mm,Magenta,17000,62927,69057
Non Woven Bag,WH-A4,4C (Both),280mm x 330mm x 80mm,Non Woven 90gsm,White,440mm,Magenta,18000,66628,73118
Non Woven Bag,WH-A4,4C (Both),280mm x 330mm x 80mm,Non Woven 90gsm,White,440mm,Magenta,19000,70331,77181
Non Woven Bag,WH-A4,4C (Both),280mm x 330mm x 80mm,Non Woven 90gsm,White,440mm,Magenta,20000,74032,81242
Non Woven Bag,WH-A4,4C (Both),280mm x 330mm x 80mm,Non Woven 90gsm,White,440mm,Red,100,470,510
Non Woven Bag,WH-A4,4C (Both),280mm x 330mm x 80mm,Non Woven 90gsm,White,440mm,Red,200,878,958
Non Woven Bag,WH-A4,4C (Both),280mm x 330mm x 80mm,Non Woven 90gsm,White,440mm,Red,300,1177,1287
Non Woven Bag,WH-A4,4C (Both),280mm x 330mm x 80mm,Non Woven 90gsm,White,440mm,Red,400,1569,1719
Non Woven Bag,WH-A4,4C (Both),280mm x 330mm x 80mm,Non Woven 90gsm,White,440mm,Red,500,1960,2150
Non Woven Bag,WH-A4,4C (Both),280mm x 330mm x 80mm,Non Woven 90gsm,White,440mm,Red,600,2354,2574
Non Woven Bag,WH-A4,4C (Both),280mm x 330mm x 80mm,Non Woven 90gsm,White,440mm,Red,700,2746,3006
Non Woven Bag,WH-A4,4C (Both),280mm x 330mm x 80mm,Non Woven 90gsm,White,440mm,Red,800,2962,3252
Non Woven Bag,WH-A4,4C (Both),280mm x 330mm x 80mm,Non Woven 90gsm,White,440mm,Red,900,3332,3662
Non Woven Bag,WH-A4,4C (Both),280mm x 330mm x 80mm,Non Woven 90gsm,White,440mm,Red,1000,3702,4072
Non Woven Bag,WH-A4,4C (Both),280mm x 330mm x 80mm,Non Woven 90gsm,White,440mm,Red,2000,7404,8134
Non Woven Bag,WH-A4,4C (Both),280mm x 330mm x 80mm,Non Woven 90gsm,White,440mm,Red,3000,11105,12195
Non Woven Bag,WH-A4,4C (Both),280mm x 330mm x 80mm,Non Woven 90gsm,White,440mm,Red,4000,14807,16257
Non Woven Bag,WH-A4,4C (Both),280mm x 330mm x 80mm,Non Woven 90gsm,White,440mm,Red,5000,18508,20318
Non Woven Bag,WH-A4,4C (Both),280mm x 330mm x 80mm,Non Woven 90gsm,White,440mm,Red,6000,22210,24380
Non Woven Bag,WH-A4,4C (Both),280mm x 330mm x 80mm,Non Woven 90gsm,White,440mm,Red,7000,25911,28441
Non Woven Bag,WH-A4,4C (Both),280mm x 330mm x 80mm,Non Woven 90gsm,White,440mm,Red,8000,29613,32503
Non Woven Bag,WH-A4,4C (Both),280mm x 330mm x 80mm,Non Woven 90gsm,White,440mm,Red,9000,33315,36565
Non Woven Bag,WH-A4,4C (Both),280mm x 330mm x 80mm,Non Woven 90gsm,White,440mm,Red,10000,37016,40626
Non Woven Bag,WH-A4,4C (Both),280mm x 330mm x 80mm,Non Woven 90gsm,White,440mm,Red,11000,40718,44688
Non Woven Bag,WH-A4,4C (Both),280mm x 330mm x 80mm,Non Woven 90gsm,White,440mm,Red,12000,44419,48749
Non Woven Bag,WH-A4,4C (Both),280mm x 330mm x 80mm,Non Woven 90gsm,White,440mm,Red,13000,48121,52811
Non Woven Bag,WH-A4,4C (Both),280mm x 330mm x 80mm,Non Woven 90gsm,White,440mm,Red,14000,51822,56872
Non Woven Bag,WH-A4,4C (Both),280mm x 330mm x 80mm,Non Woven 90gsm,White,440mm,Red,15000,55524,60934
Non Woven Bag,WH-A4,4C (Both),280mm x 330mm x 80mm,Non Woven 90gsm,White,440mm,Red,16000,59226,64996
Non Woven Bag,WH-A4,4C (Both),280mm x 330mm x 80mm,Non Woven 90gsm,White,440mm,Red,17000,62927,69057
Non Woven Bag,WH-A4,4C (Both),280mm x 330mm x 80mm,Non Woven 90gsm,White,440mm,Red,18000,66628,73118
Non Woven Bag,WH-A4,4C (Both),280mm x 330mm x 80mm,Non Woven 90gsm,White,440mm,Red,19000,70331,77181
Non Woven Bag,WH-A4,4C (Both),280mm x 330mm x 80mm,Non Woven 90gsm,White,440mm,Red,20000,74032,81242
Non Woven Bag,WH-A4,4C (Both),280mm x 330mm x 80mm,Non Woven 90gsm,White,440mm,Maroon,100,470,510
Non Woven Bag,WH-A4,4C (Both),280mm x 330mm x 80mm,Non Woven 90gsm,White,440mm,Maroon,200,878,958
Non Woven Bag,WH-A4,4C (Both),280mm x 330mm x 80mm,Non Woven 90gsm,White,440mm,Maroon,300,1177,1287
Non Woven Bag,WH-A4,4C (Both),280mm x 330mm x 80mm,Non Woven 90gsm,White,440mm,Maroon,400,1569,1719
Non Woven Bag,WH-A4,4C (Both),280mm x 330mm x 80mm,Non Woven 90gsm,White,440mm,Maroon,500,1960,2150
Non Woven Bag,WH-A4,4C (Both),280mm x 330mm x 80mm,Non Woven 90gsm,White,440mm,Maroon,600,2354,2574
Non Woven Bag,WH-A4,4C (Both),280mm x 330mm x 80mm,Non Woven 90gsm,White,440mm,Maroon,700,2746,3006
Non Woven Bag,WH-A4,4C (Both),280mm x 330mm x 80mm,Non Woven 90gsm,White,440mm,Maroon,800,2962,3252
Non Woven Bag,WH-A4,4C (Both),280mm x 330mm x 80mm,Non Woven 90gsm,White,440mm,Maroon,900,3332,3662
Non Woven Bag,WH-A4,4C (Both),280mm x 330mm x 80mm,Non Woven 90gsm,White,440mm,Maroon,1000,3702,4072
Non Woven Bag,WH-A4,4C (Both),280mm x 330mm x 80mm,Non Woven 90gsm,White,440mm,Maroon,2000,7404,8134
Non Woven Bag,WH-A4,4C (Both),280mm x 330mm x 80mm,Non Woven 90gsm,White,440mm,Maroon,3000,11105,12195
Non Woven Bag,WH-A4,4C (Both),280mm x 330mm x 80mm,Non Woven 90gsm,White,440mm,Maroon,4000,14807,16257
Non Woven Bag,WH-A4,4C (Both),280mm x 330mm x 80mm,Non Woven 90gsm,White,440mm,Maroon,5000,18508,20318
Non Woven Bag,WH-A4,4C (Both),280mm x 330mm x 80mm,Non Woven 90gsm,White,440mm,Maroon,6000,22210,24380
Non Woven Bag,WH-A4,4C (Both),280mm x 330mm x 80mm,Non Woven 90gsm,White,440mm,Maroon,7000,25911,28441
Non Woven Bag,WH-A4,4C (Both),280mm x 330mm x 80mm,Non Woven 90gsm,White,440mm,Maroon,8000,29613,32503
Non Woven Bag,WH-A4,4C (Both),280mm x 330mm x 80mm,Non Woven 90gsm,White,440mm,Maroon,9000,33315,36565
Non Woven Bag,WH-A4,4C (Both),280mm x 330mm x 80mm,Non Woven 90gsm,White,440mm,Maroon,10000,37016,40626
Non Woven Bag,WH-A4,4C (Both),280mm x 330mm x 80mm,Non Woven 90gsm,White,440mm,Maroon,11000,40718,44688
Non Woven Bag,WH-A4,4C (Both),280mm x 330mm x 80mm,Non Woven 90gsm,White,440mm,Maroon,12000,44419,48749
Non Woven Bag,WH-A4,4C (Both),280mm x 330mm x 80mm,Non Woven 90gsm,White,440mm,Maroon,13000,48121,52811
Non Woven Bag,WH-A4,4C (Both),280mm x 330mm x 80mm,Non Woven 90gsm,White,440mm,Maroon,14000,51822,56872
Non Woven Bag,WH-A4,4C (Both),280mm x 330mm x 80mm,Non Woven 90gsm,White,440mm,Maroon,15000,55524,60934
Non Woven Bag,WH-A4,4C (Both),280mm x 330mm x 80mm,Non Woven 90gsm,White,440mm,Maroon,16000,59226,64996
Non Woven Bag,WH-A4,4C (Both),280mm x 330mm x 80mm,Non Woven 90gsm,White,440mm,Maroon,17000,62927,69057
Non Woven Bag,WH-A4,4C (Both),280mm x 330mm x 80mm,Non Woven 90gsm,White,440mm,Maroon,18000,66628,73118
Non Woven Bag,WH-A4,4C (Both),280mm x 330mm x 80mm,Non Woven 90gsm,White,440mm,Maroon,19000,70331,77181
Non Woven Bag,WH-A4,4C (Both),280mm x 330mm x 80mm,Non Woven 90gsm,White,440mm,Maroon,20000,74032,81242
Non Woven Bag,WH-A4,4C (Both),280mm x 330mm x 80mm,Non Woven 90gsm,White,440mm,Green,100,470,510
Non Woven Bag,WH-A4,4C (Both),280mm x 330mm x 80mm,Non Woven 90gsm,White,440mm,Green,200,878,958
Non Woven Bag,WH-A4,4C (Both),280mm x 330mm x 80mm,Non Woven 90gsm,White,440mm,Green,300,1177,1287
Non Woven Bag,WH-A4,4C (Both),280mm x 330mm x 80mm,Non Woven 90gsm,White,440mm,Green,400,1569,1719
Non Woven Bag,WH-A4,4C (Both),280mm x 330mm x 80mm,Non Woven 90gsm,White,440mm,Green,500,1960,2150
Non Woven Bag,WH-A4,4C (Both),280mm x 330mm x 80mm,Non Woven 90gsm,White,440mm,Green,600,2354,2574
Non Woven Bag,WH-A4,4C (Both),280mm x 330mm x 80mm,Non Woven 90gsm,White,440mm,Green,700,2746,3006
Non Woven Bag,WH-A4,4C (Both),280mm x 330mm x 80mm,Non Woven 90gsm,White,440mm,Green,800,2962,3252
Non Woven Bag,WH-A4,4C (Both),280mm x 330mm x 80mm,Non Woven 90gsm,White,440mm,Green,900,3332,3662
Non Woven Bag,WH-A4,4C (Both),280mm x 330mm x 80mm,Non Woven 90gsm,White,440mm,Green,1000,3702,4072
Non Woven Bag,WH-A4,4C (Both),280mm x 330mm x 80mm,Non Woven 90gsm,White,440mm,Green,2000,7404,8134
Non Woven Bag,WH-A4,4C (Both),280mm x 330mm x 80mm,Non Woven 90gsm,White,440mm,Green,3000,11105,12195
Non Woven Bag,WH-A4,4C (Both),280mm x 330mm x 80mm,Non Woven 90gsm,White,440mm,Green,4000,14807,16257
Non Woven Bag,WH-A4,4C (Both),280mm x 330mm x 80mm,Non Woven 90gsm,White,440mm,Green,5000,18508,20318
Non Woven Bag,WH-A4,4C (Both),280mm x 330mm x 80mm,Non Woven 90gsm,White,440mm,Green,6000,22210,24380
Non Woven Bag,WH-A4,4C (Both),280mm x 330mm x 80mm,Non Woven 90gsm,White,440mm,Green,7000,25911,28441
Non Woven Bag,WH-A4,4C (Both),280mm x 330mm x 80mm,Non Woven 90gsm,White,440mm,Green,8000,29613,32503
Non Woven Bag,WH-A4,4C (Both),280mm x 330mm x 80mm,Non Woven 90gsm,White,440mm,Green,9000,33315,36565
Non Woven Bag,WH-A4,4C (Both),280mm x 330mm x 80mm,Non Woven 90gsm,White,440mm,Green,10000,37016,40626
Non Woven Bag,WH-A4,4C (Both),280mm x 330mm x 80mm,Non Woven 90gsm,White,440mm,Green,11000,40718,44688
Non Woven Bag,WH-A4,4C (Both),280mm x 330mm x 80mm,Non Woven 90gsm,White,440mm,Green,12000,44419,48749
Non Woven Bag,WH-A4,4C (Both),280mm x 330mm x 80mm,Non Woven 90gsm,White,440mm,Green,13000,48121,52811
Non Woven Bag,WH-A4,4C (Both),280mm x 330mm x 80mm,Non Woven 90gsm,White,440mm,Green,14000,51822,56872
Non Woven Bag,WH-A4,4C (Both),280mm x 330mm x 80mm,Non Woven 90gsm,White,440mm,Green,15000,55524,60934
Non Woven Bag,WH-A4,4C (Both),280mm x 330mm x 80mm,Non Woven 90gsm,White,440mm,Green,16000,59226,64996
Non Woven Bag,WH-A4,4C (Both),280mm x 330mm x 80mm,Non Woven 90gsm,White,440mm,Green,17000,62927,69057
Non Woven Bag,WH-A4,4C (Both),280mm x 330mm x 80mm,Non Woven 90gsm,White,440mm,Green,18000,66628,73118
Non Woven Bag,WH-A4,4C (Both),280mm x 330mm x 80mm,Non Woven 90gsm,White,440mm,Green,19000,70331,77181
Non Woven Bag,WH-A4,4C (Both),280mm x 330mm x 80mm,Non Woven 90gsm,White,440mm,Green,20000,74032,81242
Non Woven Bag,WH-A4,4C (Both),280mm x 330mm x 80mm,Non Woven 90gsm,White,440mm,Milo Green,100,470,510
Non Woven Bag,WH-A4,4C (Both),280mm x 330mm x 80mm,Non Woven 90gsm,White,440mm,Milo Green,200,878,958
Non Woven Bag,WH-A4,4C (Both),280mm x 330mm x 80mm,Non Woven 90gsm,White,440mm,Milo Green,300,1177,1287
Non Woven Bag,WH-A4,4C (Both),280mm x 330mm x 80mm,Non Woven 90gsm,White,440mm,Milo Green,400,1569,1719
Non Woven Bag,WH-A4,4C (Both),280mm x 330mm x 80mm,Non Woven 90gsm,White,440mm,Milo Green,500,1960,2150
Non Woven Bag,WH-A4,4C (Both),280mm x 330mm x 80mm,Non Woven 90gsm,White,440mm,Milo Green,600,2354,2574
Non Woven Bag,WH-A4,4C (Both),280mm x 330mm x 80mm,Non Woven 90gsm,White,440mm,Milo Green,700,2746,3006
Non Woven Bag,WH-A4,4C (Both),280mm x 330mm x 80mm,Non Woven 90gsm,White,440mm,Milo Green,800,2962,3252
Non Woven Bag,WH-A4,4C (Both),280mm x 330mm x 80mm,Non Woven 90gsm,White,440mm,Milo Green,900,3332,3662
Non Woven Bag,WH-A4,4C (Both),280mm x 330mm x 80mm,Non Woven 90gsm,White,440mm,Milo Green,1000,3702,4072
Non Woven Bag,WH-A4,4C (Both),280mm x 330mm x 80mm,Non Woven 90gsm,White,440mm,Milo Green,2000,7404,8134
Non Woven Bag,WH-A4,4C (Both),280mm x 330mm x 80mm,Non Woven 90gsm,White,440mm,Milo Green,3000,11105,12195
Non Woven Bag,WH-A4,4C (Both),280mm x 330mm x 80mm,Non Woven 90gsm,White,440mm,Milo Green,4000,14807,16257
Non Woven Bag,WH-A4,4C (Both),280mm x 330mm x 80mm,Non Woven 90gsm,White,440mm,Milo Green,5000,18508,20318
Non Woven Bag,WH-A4,4C (Both),280mm x 330mm x 80mm,Non Woven 90gsm,White,440mm,Milo Green,6000,22210,24380
Non Woven Bag,WH-A4,4C (Both),280mm x 330mm x 80mm,Non Woven 90gsm,White,440mm,Milo Green,7000,25911,28441
Non Woven Bag,WH-A4,4C (Both),280mm x 330mm x 80mm,Non Woven 90gsm,White,440mm,Milo Green,8000,29613,32503
Non Woven Bag,WH-A4,4C (Both),280mm x 330mm x 80mm,Non Woven 90gsm,White,440mm,Milo Green,9000,33315,36565
Non Woven Bag,WH-A4,4C (Both),280mm x 330mm x 80mm,Non Woven 90gsm,White,440mm,Milo Green,10000,37016,40626
Non Woven Bag,WH-A4,4C (Both),280mm x 330mm x 80mm,Non Woven 90gsm,White,440mm,Milo Green,11000,40718,44688
Non Woven Bag,WH-A4,4C (Both),280mm x 330mm x 80mm,Non Woven 90gsm,White,440mm,Milo Green,12000,44419,48749
Non Woven Bag,WH-A4,4C (Both),280mm x 330mm x 80mm,Non Woven 90gsm,White,440mm,Milo Green,13000,48121,52811
Non Woven Bag,WH-A4,4C (Both),280mm x 330mm x 80mm,Non Woven 90gsm,White,440mm,Milo Green,14000,51822,56872
Non Woven Bag,WH-A4,4C (Both),280mm x 330mm x 80mm,Non Woven 90gsm,White,440mm,Milo Green,15000,55524,60934
Non Woven Bag,WH-A4,4C (Both),280mm x 330mm x 80mm,Non Woven 90gsm,White,440mm,Milo Green,16000,59226,64996
Non Woven Bag,WH-A4,4C (Both),280mm x 330mm x 80mm,Non Woven 90gsm,White,440mm,Milo Green,17000,62927,69057
Non Woven Bag,WH-A4,4C (Both),280mm x 330mm x 80mm,Non Woven 90gsm,White,440mm,Milo Green,18000,66628,73118
Non Woven Bag,WH-A4,4C (Both),280mm x 330mm x 80mm,Non Woven 90gsm,White,440mm,Milo Green,19000,70331,77181
Non Woven Bag,WH-A4,4C (Both),280mm x 330mm x 80mm,Non Woven 90gsm,White,440mm,Milo Green,20000,74032,81242
Non Woven Bag,WH-A4,4C (Both),280mm x 330mm x 80mm,Non Woven 90gsm,White,440mm,Dark Green,100,470,510
Non Woven Bag,WH-A4,4C (Both),280mm x 330mm x 80mm,Non Woven 90gsm,White,440mm,Dark Green,200,878,958
Non Woven Bag,WH-A4,4C (Both),280mm x 330mm x 80mm,Non Woven 90gsm,White,440mm,Dark Green,300,1177,1287
Non Woven Bag,WH-A4,4C (Both),280mm x 330mm x 80mm,Non Woven 90gsm,White,440mm,Dark Green,400,1569,1719
Non Woven Bag,WH-A4,4C (Both),280mm x 330mm x 80mm,Non Woven 90gsm,White,440mm,Dark Green,500,1960,2150
Non Woven Bag,WH-A4,4C (Both),280mm x 330mm x 80mm,Non Woven 90gsm,White,440mm,Dark Green,600,2354,2574
Non Woven Bag,WH-A4,4C (Both),280mm x 330mm x 80mm,Non Woven 90gsm,White,440mm,Dark Green,700,2746,3006
Non Woven Bag,WH-A4,4C (Both),280mm x 330mm x 80mm,Non Woven 90gsm,White,440mm,Dark Green,800,2962,3252
Non Woven Bag,WH-A4,4C (Both),280mm x 330mm x 80mm,Non Woven 90gsm,White,440mm,Dark Green,900,3332,3662
Non Woven Bag,WH-A4,4C (Both),280mm x 330mm x 80mm,Non Woven 90gsm,White,440mm,Dark Green,1000,3702,4072
Non Woven Bag,WH-A4,4C (Both),280mm x 330mm x 80mm,Non Woven 90gsm,White,440mm,Dark Green,2000,7404,8134
Non Woven Bag,WH-A4,4C (Both),280mm x 330mm x 80mm,Non Woven 90gsm,White,440mm,Dark Green,3000,11105,12195
Non Woven Bag,WH-A4,4C (Both),280mm x 330mm x 80mm,Non Woven 90gsm,White,440mm,Dark Green,4000,14807,16257
Non Woven Bag,WH-A4,4C (Both),280mm x 330mm x 80mm,Non Woven 90gsm,White,440mm,Dark Green,5000,18508,20318
Non Woven Bag,WH-A4,4C (Both),280mm x 330mm x 80mm,Non Woven 90gsm,White,440mm,Dark Green,6000,22210,24380
Non Woven Bag,WH-A4,4C (Both),280mm x 330mm x 80mm,Non Woven 90gsm,White,440mm,Dark Green,7000,25911,28441
Non Woven Bag,WH-A4,4C (Both),280mm x 330mm x 80mm,Non Woven 90gsm,White,440mm,Dark Green,8000,29613,32503
Non Woven Bag,WH-A4,4C (Both),280mm x 330mm x 80mm,Non Woven 90gsm,White,440mm,Dark Green,9000,33315,36565
Non Woven Bag,WH-A4,4C (Both),280mm x 330mm x 80mm,Non Woven 90gsm,White,440mm,Dark Green,10000,37016,40626
Non Woven Bag,WH-A4,4C (Both),280mm x 330mm x 80mm,Non Woven 90gsm,White,440mm,Dark Green,11000,40718,44688
Non Woven Bag,WH-A4,4C (Both),280mm x 330mm x 80mm,Non Woven 90gsm,White,440mm,Dark Green,12000,44419,48749
Non Woven Bag,WH-A4,4C (Both),280mm x 330mm x 80mm,Non Woven 90gsm,White,440mm,Dark Green,13000,48121,52811
Non Woven Bag,WH-A4,4C (Both),280mm x 330mm x 80mm,Non Woven 90gsm,White,440mm,Dark Green,14000,51822,56872
Non Woven Bag,WH-A4,4C (Both),280mm x 330mm x 80mm,Non Woven 90gsm,White,440mm,Dark Green,15000,55524,60934
Non Woven Bag,WH-A4,4C (Both),280mm x 330mm x 80mm,Non Woven 90gsm,White,440mm,Dark Green,16000,59226,64996
Non Woven Bag,WH-A4,4C (Both),280mm x 330mm x 80mm,Non Woven 90gsm,White,440mm,Dark Green,17000,62927,69057
Non Woven Bag,WH-A4,4C (Both),280mm x 330mm x 80mm,Non Woven 90gsm,White,440mm,Dark Green,18000,66628,73118
Non Woven Bag,WH-A4,4C (Both),280mm x 330mm x 80mm,Non Woven 90gsm,White,440mm,Dark Green,19000,70331,77181
Non Woven Bag,WH-A4,4C (Both),280mm x 330mm x 80mm,Non Woven 90gsm,White,440mm,Dark Green,20000,74032,81242
Non Woven Bag,WH-A4,4C (Both),280mm x 330mm x 80mm,Non Woven 90gsm,White,440mm,Turquoise,100,470,510
Non Woven Bag,WH-A4,4C (Both),280mm x 330mm x 80mm,Non Woven 90gsm,White,440mm,Turquoise,200,878,958
Non Woven Bag,WH-A4,4C (Both),280mm x 330mm x 80mm,Non Woven 90gsm,White,440mm,Turquoise,300,1177,1287
Non Woven Bag,WH-A4,4C (Both),280mm x 330mm x 80mm,Non Woven 90gsm,White,440mm,Turquoise,400,1569,1719
Non Woven Bag,WH-A4,4C (Both),280mm x 330mm x 80mm,Non Woven 90gsm,White,440mm,Turquoise,500,1960,2150
Non Woven Bag,WH-A4,4C (Both),280mm x 330mm x 80mm,Non Woven 90gsm,White,440mm,Turquoise,600,2354,2574
Non Woven Bag,WH-A4,4C (Both),280mm x 330mm x 80mm,Non Woven 90gsm,White,440mm,Turquoise,700,2746,3006
Non Woven Bag,WH-A4,4C (Both),280mm x 330mm x 80mm,Non Woven 90gsm,White,440mm,Turquoise,800,2962,3252
Non Woven Bag,WH-A4,4C (Both),280mm x 330mm x 80mm,Non Woven 90gsm,White,440mm,Turquoise,900,3332,3662
Non Woven Bag,WH-A4,4C (Both),280mm x 330mm x 80mm,Non Woven 90gsm,White,440mm,Turquoise,1000,3702,4072
Non Woven Bag,WH-A4,4C (Both),280mm x 330mm x 80mm,Non Woven 90gsm,White,440mm,Turquoise,2000,7404,8134
Non Woven Bag,WH-A4,4C (Both),280mm x 330mm x 80mm,Non Woven 90gsm,White,440mm,Turquoise,3000,11105,12195
Non Woven Bag,WH-A4,4C (Both),280mm x 330mm x 80mm,Non Woven 90gsm,White,440mm,Turquoise,4000,14807,16257
Non Woven Bag,WH-A4,4C (Both),280mm x 330mm x 80mm,Non Woven 90gsm,White,440mm,Turquoise,5000,18508,20318
Non Woven Bag,WH-A4,4C (Both),280mm x 330mm x 80mm,Non Woven 90gsm,White,440mm,Turquoise,6000,22210,24380
Non Woven Bag,WH-A4,4C (Both),280mm x 330mm x 80mm,Non Woven 90gsm,White,440mm,Turquoise,7000,25911,28441
Non Woven Bag,WH-A4,4C (Both),280mm x 330mm x 80mm,Non Woven 90gsm,White,440mm,Turquoise,8000,29613,32503
Non Woven Bag,WH-A4,4C (Both),280mm x 330mm x 80mm,Non Woven 90gsm,White,440mm,Turquoise,9000,33315,36565
Non Woven Bag,WH-A4,4C (Both),280mm x 330mm x 80mm,Non Woven 90gsm,White,440mm,Turquoise,10000,37016,40626
Non Woven Bag,WH-A4,4C (Both),280mm x 330mm x 80mm,Non Woven 90gsm,White,440mm,Turquoise,11000,40718,44688
Non Woven Bag,WH-A4,4C (Both),280mm x 330mm x 80mm,Non Woven 90gsm,White,440mm,Turquoise,12000,44419,48749
Non Woven Bag,WH-A4,4C (Both),280mm x 330mm x 80mm,Non Woven 90gsm,White,440mm,Turquoise,13000,48121,52811
Non Woven Bag,WH-A4,4C (Both),280mm x 330mm x 80mm,Non Woven 90gsm,White,440mm,Turquoise,14000,51822,56872
Non Woven Bag,WH-A4,4C (Both),280mm x 330mm x 80mm,Non Woven 90gsm,White,440mm,Turquoise,15000,55524,60934
Non Woven Bag,WH-A4,4C (Both),280mm x 330mm x 80mm,Non Woven 90gsm,White,440mm,Turquoise,16000,59226,64996
Non Woven Bag,WH-A4,4C (Both),280mm x 330mm x 80mm,Non Woven 90gsm,White,440mm,Turquoise,17000,62927,69057
Non Woven Bag,WH-A4,4C (Both),280mm x 330mm x 80mm,Non Woven 90gsm,White,440mm,Turquoise,18000,66628,73118
Non Woven Bag,WH-A4,4C (Both),280mm x 330mm x 80mm,Non Woven 90gsm,White,440mm,Turquoise,19000,70331,77181
Non Woven Bag,WH-A4,4C (Both),280mm x 330mm x 80mm,Non Woven 90gsm,White,440mm,Turquoise,20000,74032,81242
Non Woven Bag,WH-A4,4C (Both),280mm x 330mm x 80mm,Non Woven 90gsm,White,440mm,Cyan,100,470,510
Non Woven Bag,WH-A4,4C (Both),280mm x 330mm x 80mm,Non Woven 90gsm,White,440mm,Cyan,200,878,958
Non Woven Bag,WH-A4,4C (Both),280mm x 330mm x 80mm,Non Woven 90gsm,White,440mm,Cyan,300,1177,1287
Non Woven Bag,WH-A4,4C (Both),280mm x 330mm x 80mm,Non Woven 90gsm,White,440mm,Cyan,400,1569,1719
Non Woven Bag,WH-A4,4C (Both),280mm x 330mm x 80mm,Non Woven 90gsm,White,440mm,Cyan,500,1960,2150
Non Woven Bag,WH-A4,4C (Both),280mm x 330mm x 80mm,Non Woven 90gsm,White,440mm,Cyan,600,2354,2574
Non Woven Bag,WH-A4,4C (Both),280mm x 330mm x 80mm,Non Woven 90gsm,White,440mm,Cyan,700,2746,3006
Non Woven Bag,WH-A4,4C (Both),280mm x 330mm x 80mm,Non Woven 90gsm,White,440mm,Cyan,800,2962,3252
Non Woven Bag,WH-A4,4C (Both),280mm x 330mm x 80mm,Non Woven 90gsm,White,440mm,Cyan,900,3332,3662
Non Woven Bag,WH-A4,4C (Both),280mm x 330mm x 80mm,Non Woven 90gsm,White,440mm,Cyan,1000,3702,4072
Non Woven Bag,WH-A4,4C (Both),280mm x 330mm x 80mm,Non Woven 90gsm,White,440mm,Cyan,2000,7404,8134
Non Woven Bag,WH-A4,4C (Both),280mm x 330mm x 80mm,Non Woven 90gsm,White,440mm,Cyan,3000,11105,12195
Non Woven Bag,WH-A4,4C (Both),280mm x 330mm x 80mm,Non Woven 90gsm,White,440mm,Cyan,4000,14807,16257
Non Woven Bag,WH-A4,4C (Both),280mm x 330mm x 80mm,Non Woven 90gsm,White,440mm,Cyan,5000,18508,20318
Non Woven Bag,WH-A4,4C (Both),280mm x 330mm x 80mm,Non Woven 90gsm,White,440mm,Cyan,6000,22210,24380
Non Woven Bag,WH-A4,4C (Both),280mm x 330mm x 80mm,Non Woven 90gsm,White,440mm,Cyan,7000,25911,28441
Non Woven Bag,WH-A4,4C (Both),280mm x 330mm x 80mm,Non Woven 90gsm,White,440mm,Cyan,8000,29613,32503
Non Woven Bag,WH-A4,4C (Both),280mm x 330mm x 80mm,Non Woven 90gsm,White,440mm,Cyan,9000,33315,36565
Non Woven Bag,WH-A4,4C (Both),280mm x 330mm x 80mm,Non Woven 90gsm,White,440mm,Cyan,10000,37016,40626
Non Woven Bag,WH-A4,4C (Both),280mm x 330mm x 80mm,Non Woven 90gsm,White,440mm,Cyan,11000,40718,44688
Non Woven Bag,WH-A4,4C (Both),280mm x 330mm x 80mm,Non Woven 90gsm,White,440mm,Cyan,12000,44419,48749
Non Woven Bag,WH-A4,4C (Both),280mm x 330mm x 80mm,Non Woven 90gsm,White,440mm,Cyan,13000,48121,52811
Non Woven Bag,WH-A4,4C (Both),280mm x 330mm x 80mm,Non Woven 90gsm,White,440mm,Cyan,14000,51822,56872
Non Woven Bag,WH-A4,4C (Both),280mm x 330mm x 80mm,Non Woven 90gsm,White,440mm,Cyan,15000,55524,60934
Non Woven Bag,WH-A4,4C (Both),280mm x 330mm x 80mm,Non Woven 90gsm,White,440mm,Cyan,16000,59226,64996
Non Woven Bag,WH-A4,4C (Both),280mm x 330mm x 80mm,Non Woven 90gsm,White,440mm,Cyan,17000,62927,69057
Non Woven Bag,WH-A4,4C (Both),280mm x 330mm x 80mm,Non Woven 90gsm,White,440mm,Cyan,18000,66628,73118
Non Woven Bag,WH-A4,4C (Both),280mm x 330mm x 80mm,Non Woven 90gsm,White,440mm,Cyan,19000,70331,77181
Non Woven Bag,WH-A4,4C (Both),280mm x 330mm x 80mm,Non Woven 90gsm,White,440mm,Cyan,20000,74032,81242
Non Woven Bag,WH-A4,4C (Both),280mm x 330mm x 80mm,Non Woven 90gsm,White,440mm,Royal Blue,100,470,510
Non Woven Bag,WH-A4,4C (Both),280mm x 330mm x 80mm,Non Woven 90gsm,White,440mm,Royal Blue,200,878,958
Non Woven Bag,WH-A4,4C (Both),280mm x 330mm x 80mm,Non Woven 90gsm,White,440mm,Royal Blue,300,1177,1287
Non Woven Bag,WH-A4,4C (Both),280mm x 330mm x 80mm,Non Woven 90gsm,White,440mm,Royal Blue,400,1569,1719
Non Woven Bag,WH-A4,4C (Both),280mm x 330mm x 80mm,Non Woven 90gsm,White,440mm,Royal Blue,500,1960,2150
Non Woven Bag,WH-A4,4C (Both),280mm x 330mm x 80mm,Non Woven 90gsm,White,440mm,Royal Blue,600,2354,2574
Non Woven Bag,WH-A4,4C (Both),280mm x 330mm x 80mm,Non Woven 90gsm,White,440mm,Royal Blue,700,2746,3006
Non Woven Bag,WH-A4,4C (Both),280mm x 330mm x 80mm,Non Woven 90gsm,White,440mm,Royal Blue,800,2962,3252
Non Woven Bag,WH-A4,4C (Both),280mm x 330mm x 80mm,Non Woven 90gsm,White,440mm,Royal Blue,900,3332,3662
Non Woven Bag,WH-A4,4C (Both),280mm x 330mm x 80mm,Non Woven 90gsm,White,440mm,Royal Blue,1000,3702,4072
Non Woven Bag,WH-A4,4C (Both),280mm x 330mm x 80mm,Non Woven 90gsm,White,440mm,Royal Blue,2000,7404,8134
Non Woven Bag,WH-A4,4C (Both),280mm x 330mm x 80mm,Non Woven 90gsm,White,440mm,Royal Blue,3000,11105,12195
Non Woven Bag,WH-A4,4C (Both),280mm x 330mm x 80mm,Non Woven 90gsm,White,440mm,Royal Blue,4000,14807,16257
Non Woven Bag,WH-A4,4C (Both),280mm x 330mm x 80mm,Non Woven 90gsm,White,440mm,Royal Blue,5000,18508,20318
Non Woven Bag,WH-A4,4C (Both),280mm x 330mm x 80mm,Non Woven 90gsm,White,440mm,Royal Blue,6000,22210,24380
Non Woven Bag,WH-A4,4C (Both),280mm x 330mm x 80mm,Non Woven 90gsm,White,440mm,Royal Blue,7000,25911,28441
Non Woven Bag,WH-A4,4C (Both),280mm x 330mm x 80mm,Non Woven 90gsm,White,440mm,Royal Blue,8000,29613,32503
Non Woven Bag,WH-A4,4C (Both),280mm x 330mm x 80mm,Non Woven 90gsm,White,440mm,Royal Blue,9000,33315,36565
Non Woven Bag,WH-A4,4C (Both),280mm x 330mm x 80mm,Non Woven 90gsm,White,440mm,Royal Blue,10000,37016,40626
Non Woven Bag,WH-A4,4C (Both),280mm x 330mm x 80mm,Non Woven 90gsm,White,440mm,Royal Blue,11000,40718,44688
Non Woven Bag,WH-A4,4C (Both),280mm x 330mm x 80mm,Non Woven 90gsm,White,440mm,Royal Blue,12000,44419,48749
Non Woven Bag,WH-A4,4C (Both),280mm x 330mm x 80mm,Non Woven 90gsm,White,440mm,Royal Blue,13000,48121,52811
Non Woven Bag,WH-A4,4C (Both),280mm x 330mm x 80mm,Non Woven 90gsm,White,440mm,Royal Blue,14000,51822,56872
Non Woven Bag,WH-A4,4C (Both),280mm x 330mm x 80mm,Non Woven 90gsm,White,440mm,Royal Blue,15000,55524,60934
Non Woven Bag,WH-A4,4C (Both),280mm x 330mm x 80mm,Non Woven 90gsm,White,440mm,Royal Blue,16000,59226,64996
Non Woven Bag,WH-A4,4C (Both),280mm x 330mm x 80mm,Non Woven 90gsm,White,440mm,Royal Blue,17000,62927,69057
Non Woven Bag,WH-A4,4C (Both),280mm x 330mm x 80mm,Non Woven 90gsm,White,440mm,Royal Blue,18000,66628,73118
Non Woven Bag,WH-A4,4C (Both),280mm x 330mm x 80mm,Non Woven 90gsm,White,440mm,Royal Blue,19000,70331,77181
Non Woven Bag,WH-A4,4C (Both),280mm x 330mm x 80mm,Non Woven 90gsm,White,440mm,Royal Blue,20000,74032,81242
Non Woven Bag,WH-A4,4C (Both),280mm x 330mm x 80mm,Non Woven 90gsm,White,440mm,Navy Blue,100,470,510
Non Woven Bag,WH-A4,4C (Both),280mm x 330mm x 80mm,Non Woven 90gsm,White,440mm,Navy Blue,200,878,958
Non Woven Bag,WH-A4,4C (Both),280mm x 330mm x 80mm,Non Woven 90gsm,White,440mm,Navy Blue,300,1177,1287
Non Woven Bag,WH-A4,4C (Both),280mm x 330mm x 80mm,Non Woven 90gsm,White,440mm,Navy Blue,400,1569,1719
Non Woven Bag,WH-A4,4C (Both),280mm x 330mm x 80mm,Non Woven 90gsm,White,440mm,Navy Blue,500,1960,2150
Non Woven Bag,WH-A4,4C (Both),280mm x 330mm x 80mm,Non Woven 90gsm,White,440mm,Navy Blue,600,2354,2574
Non Woven Bag,WH-A4,4C (Both),280mm x 330mm x 80mm,Non Woven 90gsm,White,440mm,Navy Blue,700,2746,3006
Non Woven Bag,WH-A4,4C (Both),280mm x 330mm x 80mm,Non Woven 90gsm,White,440mm,Navy Blue,800,2962,3252
Non Woven Bag,WH-A4,4C (Both),280mm x 330mm x 80mm,Non Woven 90gsm,White,440mm,Navy Blue,900,3332,3662
Non Woven Bag,WH-A4,4C (Both),280mm x 330mm x 80mm,Non Woven 90gsm,White,440mm,Navy Blue,1000,3702,4072
Non Woven Bag,WH-A4,4C (Both),280mm x 330mm x 80mm,Non Woven 90gsm,White,440mm,Navy Blue,2000,7404,8134
Non Woven Bag,WH-A4,4C (Both),280mm x 330mm x 80mm,Non Woven 90gsm,White,440mm,Navy Blue,3000,11105,12195
Non Woven Bag,WH-A4,4C (Both),280mm x 330mm x 80mm,Non Woven 90gsm,White,440mm,Navy Blue,4000,14807,16257
Non Woven Bag,WH-A4,4C (Both),280mm x 330mm x 80mm,Non Woven 90gsm,White,440mm,Navy Blue,5000,18508,20318
Non Woven Bag,WH-A4,4C (Both),280mm x 330mm x 80mm,Non Woven 90gsm,White,440mm,Navy Blue,6000,22210,24380
Non Woven Bag,WH-A4,4C (Both),280mm x 330mm x 80mm,Non Woven 90gsm,White,440mm,Navy Blue,7000,25911,28441
Non Woven Bag,WH-A4,4C (Both),280mm x 330mm x 80mm,Non Woven 90gsm,White,440mm,Navy Blue,8000,29613,32503
Non Woven Bag,WH-A4,4C (Both),280mm x 330mm x 80mm,Non Woven 90gsm,White,440mm,Navy Blue,9000,33315,36565
Non Woven Bag,WH-A4,4C (Both),280mm x 330mm x 80mm,Non Woven 90gsm,White,440mm,Navy Blue,10000,37016,40626
Non Woven Bag,WH-A4,4C (Both),280mm x 330mm x 80mm,Non Woven 90gsm,White,440mm,Navy Blue,11000,40718,44688
Non Woven Bag,WH-A4,4C (Both),280mm x 330mm x 80mm,Non Woven 90gsm,White,440mm,Navy Blue,12000,44419,48749
Non Woven Bag,WH-A4,4C (Both),280mm x 330mm x 80mm,Non Woven 90gsm,White,440mm,Navy Blue,13000,48121,52811
Non Woven Bag,WH-A4,4C (Both),280mm x 330mm x 80mm,Non Woven 90gsm,White,440mm,Navy Blue,14000,51822,56872
Non Woven Bag,WH-A4,4C (Both),280mm x 330mm x 80mm,Non Woven 90gsm,White,440mm,Navy Blue,15000,55524,60934
Non Woven Bag,WH-A4,4C (Both),280mm x 330mm x 80mm,Non Woven 90gsm,White,440mm,Navy Blue,16000,59226,64996
Non Woven Bag,WH-A4,4C (Both),280mm x 330mm x 80mm,Non Woven 90gsm,White,440mm,Navy Blue,17000,62927,69057
Non Woven Bag,WH-A4,4C (Both),280mm x 330mm x 80mm,Non Woven 90gsm,White,440mm,Navy Blue,18000,66628,73118
Non Woven Bag,WH-A4,4C (Both),280mm x 330mm x 80mm,Non Woven 90gsm,White,440mm,Navy Blue,19000,70331,77181
Non Woven Bag,WH-A4,4C (Both),280mm x 330mm x 80mm,Non Woven 90gsm,White,440mm,Navy Blue,20000,74032,81242
Non Woven Bag,WH-A4,4C (Both),280mm x 330mm x 80mm,Non Woven 90gsm,White,440mm,Dark Purple,100,470,510
Non Woven Bag,WH-A4,4C (Both),280mm x 330mm x 80mm,Non Woven 90gsm,White,440mm,Dark Purple,200,878,958
Non Woven Bag,WH-A4,4C (Both),280mm x 330mm x 80mm,Non Woven 90gsm,White,440mm,Dark Purple,300,1177,1287
Non Woven Bag,WH-A4,4C (Both),280mm x 330mm x 80mm,Non Woven 90gsm,White,440mm,Dark Purple,400,1569,1719
Non Woven Bag,WH-A4,4C (Both),280mm x 330mm x 80mm,Non Woven 90gsm,White,440mm,Dark Purple,500,1960,2150
Non Woven Bag,WH-A4,4C (Both),280mm x 330mm x 80mm,Non Woven 90gsm,White,440mm,Dark Purple,600,2354,2574
Non Woven Bag,WH-A4,4C (Both),280mm x 330mm x 80mm,Non Woven 90gsm,White,440mm,Dark Purple,700,2746,3006
Non Woven Bag,WH-A4,4C (Both),280mm x 330mm x 80mm,Non Woven 90gsm,White,440mm,Dark Purple,800,2962,3252
Non Woven Bag,WH-A4,4C (Both),280mm x 330mm x 80mm,Non Woven 90gsm,White,440mm,Dark Purple,900,3332,3662
Non Woven Bag,WH-A4,4C (Both),280mm x 330mm x 80mm,Non Woven 90gsm,White,440mm,Dark Purple,1000,3702,4072
Non Woven Bag,WH-A4,4C (Both),280mm x 330mm x 80mm,Non Woven 90gsm,White,440mm,Dark Purple,2000,7404,8134
Non Woven Bag,WH-A4,4C (Both),280mm x 330mm x 80mm,Non Woven 90gsm,White,440mm,Dark Purple,3000,11105,12195
Non Woven Bag,WH-A4,4C (Both),280mm x 330mm x 80mm,Non Woven 90gsm,White,440mm,Dark Purple,4000,14807,16257
Non Woven Bag,WH-A4,4C (Both),280mm x 330mm x 80mm,Non Woven 90gsm,White,440mm,Dark Purple,5000,18508,20318
Non Woven Bag,WH-A4,4C (Both),280mm x 330mm x 80mm,Non Woven 90gsm,White,440mm,Dark Purple,6000,22210,24380
Non Woven Bag,WH-A4,4C (Both),280mm x 330mm x 80mm,Non Woven 90gsm,White,440mm,Dark Purple,7000,25911,28441
Non Woven Bag,WH-A4,4C (Both),280mm x 330mm x 80mm,Non Woven 90gsm,White,440mm,Dark Purple,8000,29613,32503
Non Woven Bag,WH-A4,4C (Both),280mm x 330mm x 80mm,Non Woven 90gsm,White,440mm,Dark Purple,9000,33315,36565
Non Woven Bag,WH-A4,4C (Both),280mm x 330mm x 80mm,Non Woven 90gsm,White,440mm,Dark Purple,10000,37016,40626
Non Woven Bag,WH-A4,4C (Both),280mm x 330mm x 80mm,Non Woven 90gsm,White,440mm,Dark Purple,11000,40718,44688
Non Woven Bag,WH-A4,4C (Both),280mm x 330mm x 80mm,Non Woven 90gsm,White,440mm,Dark Purple,12000,44419,48749
Non Woven Bag,WH-A4,4C (Both),280mm x 330mm x 80mm,Non Woven 90gsm,White,440mm,Dark Purple,13000,48121,52811
Non Woven Bag,WH-A4,4C (Both),280mm x 330mm x 80mm,Non Woven 90gsm,White,440mm,Dark Purple,14000,51822,56872
Non Woven Bag,WH-A4,4C (Both),280mm x 330mm x 80mm,Non Woven 90gsm,White,440mm,Dark Purple,15000,55524,60934
Non Woven Bag,WH-A4,4C (Both),280mm x 330mm x 80mm,Non Woven 90gsm,White,440mm,Dark Purple,16000,59226,64996
Non Woven Bag,WH-A4,4C (Both),280mm x 330mm x 80mm,Non Woven 90gsm,White,440mm,Dark Purple,17000,62927,69057
Non Woven Bag,WH-A4,4C (Both),280mm x 330mm x 80mm,Non Woven 90gsm,White,440mm,Dark Purple,18000,66628,73118
Non Woven Bag,WH-A4,4C (Both),280mm x 330mm x 80mm,Non Woven 90gsm,White,440mm,Dark Purple,19000,70331,77181
Non Woven Bag,WH-A4,4C (Both),280mm x 330mm x 80mm,Non Woven 90gsm,White,440mm,Dark Purple,20000,74032,81242
Non Woven Bag,WH-A4,4C (Both),280mm x 330mm x 80mm,Non Woven 90gsm,White,440mm,Light Brown,100,470,510
Non Woven Bag,WH-A4,4C (Both),280mm x 330mm x 80mm,Non Woven 90gsm,White,440mm,Light Brown,200,878,958
Non Woven Bag,WH-A4,4C (Both),280mm x 330mm x 80mm,Non Woven 90gsm,White,440mm,Light Brown,300,1177,1287
Non Woven Bag,WH-A4,4C (Both),280mm x 330mm x 80mm,Non Woven 90gsm,White,440mm,Light Brown,400,1569,1719
Non Woven Bag,WH-A4,4C (Both),280mm x 330mm x 80mm,Non Woven 90gsm,White,440mm,Light Brown,500,1960,2150
Non Woven Bag,WH-A4,4C (Both),280mm x 330mm x 80mm,Non Woven 90gsm,White,440mm,Light Brown,600,2354,2574
Non Woven Bag,WH-A4,4C (Both),280mm x 330mm x 80mm,Non Woven 90gsm,White,440mm,Light Brown,700,2746,3006
Non Woven Bag,WH-A4,4C (Both),280mm x 330mm x 80mm,Non Woven 90gsm,White,440mm,Light Brown,800,2962,3252
Non Woven Bag,WH-A4,4C (Both),280mm x 330mm x 80mm,Non Woven 90gsm,White,440mm,Light Brown,900,3332,3662
Non Woven Bag,WH-A4,4C (Both),280mm x 330mm x 80mm,Non Woven 90gsm,White,440mm,Light Brown,1000,3702,4072
Non Woven Bag,WH-A4,4C (Both),280mm x 330mm x 80mm,Non Woven 90gsm,White,440mm,Light Brown,2000,7404,8134
Non Woven Bag,WH-A4,4C (Both),280mm x 330mm x 80mm,Non Woven 90gsm,White,440mm,Light Brown,3000,11105,12195
Non Woven Bag,WH-A4,4C (Both),280mm x 330mm x 80mm,Non Woven 90gsm,White,440mm,Light Brown,4000,14807,16257
Non Woven Bag,WH-A4,4C (Both),280mm x 330mm x 80mm,Non Woven 90gsm,White,440mm,Light Brown,5000,18508,20318
Non Woven Bag,WH-A4,4C (Both),280mm x 330mm x 80mm,Non Woven 90gsm,White,440mm,Light Brown,6000,22210,24380
Non Woven Bag,WH-A4,4C (Both),280mm x 330mm x 80mm,Non Woven 90gsm,White,440mm,Light Brown,7000,25911,28441
Non Woven Bag,WH-A4,4C (Both),280mm x 330mm x 80mm,Non Woven 90gsm,White,440mm,Light Brown,8000,29613,32503
Non Woven Bag,WH-A4,4C (Both),280mm x 330mm x 80mm,Non Woven 90gsm,White,440mm,Light Brown,9000,33315,36565
Non Woven Bag,WH-A4,4C (Both),280mm x 330mm x 80mm,Non Woven 90gsm,White,440mm,Light Brown,10000,37016,40626
Non Woven Bag,WH-A4,4C (Both),280mm x 330mm x 80mm,Non Woven 90gsm,White,440mm,Light Brown,11000,40718,44688
Non Woven Bag,WH-A4,4C (Both),280mm x 330mm x 80mm,Non Woven 90gsm,White,440mm,Light Brown,12000,44419,48749
Non Woven Bag,WH-A4,4C (Both),280mm x 330mm x 80mm,Non Woven 90gsm,White,440mm,Light Brown,13000,48121,52811
Non Woven Bag,WH-A4,4C (Both),280mm x 330mm x 80mm,Non Woven 90gsm,White,440mm,Light Brown,14000,51822,56872
Non Woven Bag,WH-A4,4C (Both),280mm x 330mm x 80mm,Non Woven 90gsm,White,440mm,Light Brown,15000,55524,60934
Non Woven Bag,WH-A4,4C (Both),280mm x 330mm x 80mm,Non Woven 90gsm,White,440mm,Light Brown,16000,59226,64996
Non Woven Bag,WH-A4,4C (Both),280mm x 330mm x 80mm,Non Woven 90gsm,White,440mm,Light Brown,17000,62927,69057
Non Woven Bag,WH-A4,4C (Both),280mm x 330mm x 80mm,Non Woven 90gsm,White,440mm,Light Brown,18000,66628,73118
Non Woven Bag,WH-A4,4C (Both),280mm x 330mm x 80mm,Non Woven 90gsm,White,440mm,Light Brown,19000,70331,77181
Non Woven Bag,WH-A4,4C (Both),280mm x 330mm x 80mm,Non Woven 90gsm,White,440mm,Light Brown,20000,74032,81242
Non Woven Bag,WH-A4,4C (Both),280mm x 330mm x 80mm,Non Woven 90gsm,White,440mm,Dark Brown,100,470,510
Non Woven Bag,WH-A4,4C (Both),280mm x 330mm x 80mm,Non Woven 90gsm,White,440mm,Dark Brown,200,878,958
Non Woven Bag,WH-A4,4C (Both),280mm x 330mm x 80mm,Non Woven 90gsm,White,440mm,Dark Brown,300,1177,1287
Non Woven Bag,WH-A4,4C (Both),280mm x 330mm x 80mm,Non Woven 90gsm,White,440mm,Dark Brown,400,1569,1719
Non Woven Bag,WH-A4,4C (Both),280mm x 330mm x 80mm,Non Woven 90gsm,White,440mm,Dark Brown,500,1960,2150
Non Woven Bag,WH-A4,4C (Both),280mm x 330mm x 80mm,Non Woven 90gsm,White,440mm,Dark Brown,600,2354,2574
Non Woven Bag,WH-A4,4C (Both),280mm x 330mm x 80mm,Non Woven 90gsm,White,440mm,Dark Brown,700,2746,3006
Non Woven Bag,WH-A4,4C (Both),280mm x 330mm x 80mm,Non Woven 90gsm,White,440mm,Dark Brown,800,2962,3252
Non Woven Bag,WH-A4,4C (Both),280mm x 330mm x 80mm,Non Woven 90gsm,White,440mm,Dark Brown,900,3332,3662
Non Woven Bag,WH-A4,4C (Both),280mm x 330mm x 80mm,Non Woven 90gsm,White,440mm,Dark Brown,1000,3702,4072
Non Woven Bag,WH-A4,4C (Both),280mm x 330mm x 80mm,Non Woven 90gsm,White,440mm,Dark Brown,2000,7404,8134
Non Woven Bag,WH-A4,4C (Both),280mm x 330mm x 80mm,Non Woven 90gsm,White,440mm,Dark Brown,3000,11105,12195
Non Woven Bag,WH-A4,4C (Both),280mm x 330mm x 80mm,Non Woven 90gsm,White,440mm,Dark Brown,4000,14807,16257
Non Woven Bag,WH-A4,4C (Both),280mm x 330mm x 80mm,Non Woven 90gsm,White,440mm,Dark Brown,5000,18508,20318
Non Woven Bag,WH-A4,4C (Both),280mm x 330mm x 80mm,Non Woven 90gsm,White,440mm,Dark Brown,6000,22210,24380
Non Woven Bag,WH-A4,4C (Both),280mm x 330mm x 80mm,Non Woven 90gsm,White,440mm,Dark Brown,7000,25911,28441
Non Woven Bag,WH-A4,4C (Both),280mm x 330mm x 80mm,Non Woven 90gsm,White,440mm,Dark Brown,8000,29613,32503
Non Woven Bag,WH-A4,4C (Both),280mm x 330mm x 80mm,Non Woven 90gsm,White,440mm,Dark Brown,9000,33315,36565
Non Woven Bag,WH-A4,4C (Both),280mm x 330mm x 80mm,Non Woven 90gsm,White,440mm,Dark Brown,10000,37016,40626
Non Woven Bag,WH-A4,4C (Both),280mm x 330mm x 80mm,Non Woven 90gsm,White,440mm,Dark Brown,11000,40718,44688
Non Woven Bag,WH-A4,4C (Both),280mm x 330mm x 80mm,Non Woven 90gsm,White,440mm,Dark Brown,12000,44419,48749
Non Woven Bag,WH-A4,4C (Both),280mm x 330mm x 80mm,Non Woven 90gsm,White,440mm,Dark Brown,13000,48121,52811
Non Woven Bag,WH-A4,4C (Both),280mm x 330mm x 80mm,Non Woven 90gsm,White,440mm,Dark Brown,14000,51822,56872
Non Woven Bag,WH-A4,4C (Both),280mm x 330mm x 80mm,Non Woven 90gsm,White,440mm,Dark Brown,15000,55524,60934
Non Woven Bag,WH-A4,4C (Both),280mm x 330mm x 80mm,Non Woven 90gsm,White,440mm,Dark Brown,16000,59226,64996
Non Woven Bag,WH-A4,4C (Both),280mm x 330mm x 80mm,Non Woven 90gsm,White,440mm,Dark Brown,17000,62927,69057
Non Woven Bag,WH-A4,4C (Both),280mm x 330mm x 80mm,Non Woven 90gsm,White,440mm,Dark Brown,18000,66628,73118
Non Woven Bag,WH-A4,4C (Both),280mm x 330mm x 80mm,Non Woven 90gsm,White,440mm,Dark Brown,19000,70331,77181
Non Woven Bag,WH-A4,4C (Both),280mm x 330mm x 80mm,Non Woven 90gsm,White,440mm,Dark Brown,20000,74032,81242
Non Woven Bag,WH-A4,4C (Both),280mm x 330mm x 80mm,Non Woven 90gsm,White,440mm,Grey,100,470,510
Non Woven Bag,WH-A4,4C (Both),280mm x 330mm x 80mm,Non Woven 90gsm,White,440mm,Grey,200,878,958
Non Woven Bag,WH-A4,4C (Both),280mm x 330mm x 80mm,Non Woven 90gsm,White,440mm,Grey,300,1177,1287
Non Woven Bag,WH-A4,4C (Both),280mm x 330mm x 80mm,Non Woven 90gsm,White,440mm,Grey,400,1569,1719
Non Woven Bag,WH-A4,4C (Both),280mm x 330mm x 80mm,Non Woven 90gsm,White,440mm,Grey,500,1960,2150
Non Woven Bag,WH-A4,4C (Both),280mm x 330mm x 80mm,Non Woven 90gsm,White,440mm,Grey,600,2354,2574
Non Woven Bag,WH-A4,4C (Both),280mm x 330mm x 80mm,Non Woven 90gsm,White,440mm,Grey,700,2746,3006
Non Woven Bag,WH-A4,4C (Both),280mm x 330mm x 80mm,Non Woven 90gsm,White,440mm,Grey,800,2962,3252
Non Woven Bag,WH-A4,4C (Both),280mm x 330mm x 80mm,Non Woven 90gsm,White,440mm,Grey,900,3332,3662
Non Woven Bag,WH-A4,4C (Both),280mm x 330mm x 80mm,Non Woven 90gsm,White,440mm,Grey,1000,3702,4072
Non Woven Bag,WH-A4,4C (Both),280mm x 330mm x 80mm,Non Woven 90gsm,White,440mm,Grey,2000,7404,8134
Non Woven Bag,WH-A4,4C (Both),280mm x 330mm x 80mm,Non Woven 90gsm,White,440mm,Grey,3000,11105,12195
Non Woven Bag,WH-A4,4C (Both),280mm x 330mm x 80mm,Non Woven 90gsm,White,440mm,Grey,4000,14807,16257
Non Woven Bag,WH-A4,4C (Both),280mm x 330mm x 80mm,Non Woven 90gsm,White,440mm,Grey,5000,18508,20318
Non Woven Bag,WH-A4,4C (Both),280mm x 330mm x 80mm,Non Woven 90gsm,White,440mm,Grey,6000,22210,24380
Non Woven Bag,WH-A4,4C (Both),280mm x 330mm x 80mm,Non Woven 90gsm,White,440mm,Grey,7000,25911,28441
Non Woven Bag,WH-A4,4C (Both),280mm x 330mm x 80mm,Non Woven 90gsm,White,440mm,Grey,8000,29613,32503
Non Woven Bag,WH-A4,4C (Both),280mm x 330mm x 80mm,Non Woven 90gsm,White,440mm,Grey,9000,33315,36565
Non Woven Bag,WH-A4,4C (Both),280mm x 330mm x 80mm,Non Woven 90gsm,White,440mm,Grey,10000,37016,40626
Non Woven Bag,WH-A4,4C (Both),280mm x 330mm x 80mm,Non Woven 90gsm,White,440mm,Grey,11000,40718,44688
Non Woven Bag,WH-A4,4C (Both),280mm x 330mm x 80mm,Non Woven 90gsm,White,440mm,Grey,12000,44419,48749
Non Woven Bag,WH-A4,4C (Both),280mm x 330mm x 80mm,Non Woven 90gsm,White,440mm,Grey,13000,48121,52811
Non Woven Bag,WH-A4,4C (Both),280mm x 330mm x 80mm,Non Woven 90gsm,White,440mm,Grey,14000,51822,56872
Non Woven Bag,WH-A4,4C (Both),280mm x 330mm x 80mm,Non Woven 90gsm,White,440mm,Grey,15000,55524,60934
Non Woven Bag,WH-A4,4C (Both),280mm x 330mm x 80mm,Non Woven 90gsm,White,440mm,Grey,16000,59226,64996
Non Woven Bag,WH-A4,4C (Both),280mm x 330mm x 80mm,Non Woven 90gsm,White,440mm,Grey,17000,62927,69057
Non Woven Bag,WH-A4,4C (Both),280mm x 330mm x 80mm,Non Woven 90gsm,White,440mm,Grey,18000,66628,73118
Non Woven Bag,WH-A4,4C (Both),280mm x 330mm x 80mm,Non Woven 90gsm,White,440mm,Grey,19000,70331,77181
Non Woven Bag,WH-A4,4C (Both),280mm x 330mm x 80mm,Non Woven 90gsm,White,440mm,Grey,20000,74032,81242
